student_id,region,subject,engagement_level,percentage,app_login_count,video_completion_rate
16056,Africa,Mathematics,Low,26.1,5,26.7
183,South Asia,English,Low,26.5,24,5.9
22225,Africa,Science,Low,29.2,9,5.0
36856,South America,Economics,Low,29.3,9,0.0
32981,South Asia,Science,Low,29.7,14,0.0
7155,South Asia,English,Low,29.9,6,9.6
18602,Africa,Mathematics,Low,29.9,10,20.0
15741,South America,Mathematics,Low,30.6,6,9.7
2077,South Asia,English,Low,31.1,5,0.0
24242,South Asia,Science,Low,31.6,4,2.1
4356,Africa,Mathematics,Low,32.1,4,0.0
18865,Africa,Economics,Low,32.2,3,22.7
20966,Africa,Science,Low,32.2,16,10.2
25472,South America,History,Low,32.4,17,3.6
9393,South Asia,Economics,Low,32.6,14,0.0
35676,South Asia,History,Low,32.7,10,4.7
35281,Africa,Science,Low,32.8,10,11.7
31548,North America,Economics,Low,32.9,13,9.7
21847,South Asia,Mathematics,Low,33.0,11,27.1
492,South America,Mathematics,Low,33.1,9,16.9
18221,Africa,History,Low,33.1,11,0.0
29657,South Asia,Mathematics,Low,33.2,8,14.5
1245,South America,Mathematics,Low,33.3,3,0.0
14539,Africa,Economics,Low,33.3,20,15.5
11060,Africa,Science,Low,33.4,15,15.9
32354,Africa,Mathematics,Low,33.5,6,17.5
26314,South Asia,Science,Low,33.7,10,5.0
38992,South Asia,Mathematics,Low,33.7,7,9.9
15865,Africa,Mathematics,Low,34.0,11,4.9
10176,South Asia,Economics,Low,34.2,11,2.2
16375,Africa,Science,Low,34.2,7,6.0
38974,Africa,English,Low,34.2,5,12.1
5663,South America,Economics,Low,34.3,14,0.0
22639,Africa,Science,Low,34.3,23,0.0
26822,Africa,History,Low,34.3,4,14.7
12727,South Asia,Science,Low,34.4,8,16.1
25903,South Asia,Economics,Low,34.5,18,13.3
6168,Africa,Mathematics,Low,34.7,12,18.8
22575,Africa,Computer Science,Low,34.8,16,22.6
37254,South Asia,Mathematics,Low,34.8,7,25.0
33741,Africa,Mathematics,Low,35.1,17,18.5
39859,South America,Economics,Low,35.1,16,0.0
2268,Africa,History,Low,35.2,7,2.6
7856,Africa,Economics,Low,35.2,13,14.4
16594,Africa,Mathematics,Low,35.2,12,10.8
17375,Africa,Mathematics,Low,35.2,16,15.0
26585,South Asia,Economics,Low,35.2,16,19.4
9297,Africa,Mathematics,Low,35.3,8,6.2
9892,Africa,Mathematics,Low,35.3,7,9.8
12079,Africa,History,Low,35.3,13,11.4
22277,South Asia,Economics,Low,35.3,14,13.1
23322,Africa,Mathematics,Low,35.3,23,12.1
1394,Africa,English,Low,35.5,21,15.0
4005,Africa,Mathematics,Low,35.5,12,7.9
11996,Africa,Mathematics,Low,35.6,18,10.1
1522,Africa,Mathematics,Low,35.7,10,25.2
9445,Africa,Mathematics,Low,35.7,13,12.6
10205,Africa,Mathematics,Low,35.8,21,17.7
17778,Africa,History,Low,35.8,21,18.1
5706,Africa,English,Low,35.9,6,0.0
3143,South Asia,Mathematics,Low,36.1,14,11.6
15966,South America,History,Low,36.1,4,14.6
31974,Africa,English,Low,36.1,11,9.1
35967,South Asia,Science,Low,36.1,12,8.1
9866,Africa,Mathematics,Low,36.2,24,12.0
16100,Africa,Economics,Low,36.3,9,11.8
25915,South Asia,Economics,Low,36.3,11,8.1
17505,Africa,Science,Low,36.4,19,7.4
19507,Africa,Computer Science,Low,36.4,3,28.4
22620,Europe,Economics,Low,36.4,7,5.3
24672,South Asia,Computer Science,Low,36.4,20,10.0
3057,Africa,Science,Low,36.5,12,22.3
24688,South America,Economics,Low,36.5,5,19.8
14465,Africa,History,Low,36.6,19,4.6
31265,South Asia,History,Low,36.7,22,10.5
10561,Africa,Mathematics,Low,36.8,8,9.3
10638,South Asia,Economics,Low,36.8,23,0.0
24647,Africa,History,Low,36.8,8,13.2
38745,South Asia,Economics,Low,36.8,15,30.4
6948,South Asia,Economics,Low,36.9,6,5.7
20516,South Asia,Mathematics,Low,36.9,7,22.7
23001,Africa,English,Low,36.9,24,10.2
68,South Asia,Science,Low,37.0,9,13.7
37880,South America,Economics,Low,37.0,9,0.0
1826,South America,English,Low,37.1,10,2.2
18468,South America,Mathematics,Low,37.1,22,6.8
18999,South Asia,Mathematics,Low,37.1,14,12.1
27412,Africa,Mathematics,Low,37.1,12,0.0
15820,South Asia,Science,Low,37.2,8,11.8
8618,South America,Economics,Low,37.3,15,18.8
19131,South America,Mathematics,Low,37.3,11,15.6
37266,Africa,English,Low,37.3,14,23.4
38077,South Asia,Mathematics,Low,37.3,8,0.0
11445,Europe,Economics,Low,37.4,11,15.0
34783,South Asia,English,Low,37.4,9,22.7
1864,South Asia,Economics,Low,37.5,18,7.9
14383,South Asia,Economics,Low,37.5,12,10.2
25220,South America,Science,Low,37.5,5,2.3
27847,Africa,Science,Low,37.6,11,5.9
7902,South Asia,Mathematics,Low,37.7,5,18.5
10797,South Asia,Computer Science,Low,37.7,16,0.1
14800,Africa,Economics,Low,37.7,9,0.0
27054,Africa,Science,Low,37.7,16,6.0
33803,East Asia,Mathematics,Low,37.7,8,6.8
17914,Africa,Economics,Low,37.8,8,17.8
20151,Africa,History,Low,37.8,7,6.0
33804,North America,Mathematics,Low,37.8,10,20.6
36139,South Asia,English,Low,37.8,15,8.2
317,Africa,English,Low,37.9,14,12.7
33549,South Asia,Mathematics,Low,37.9,13,20.7
36057,Africa,History,Low,37.9,15,9.3
5437,South Asia,Computer Science,Low,38.0,9,11.7
8967,Africa,Mathematics,Low,38.0,3,14.9
12966,South America,Economics,Low,38.0,6,0.0
13393,Africa,Mathematics,Low,38.0,7,9.2
25805,South Asia,Mathematics,Low,38.0,8,22.8
12338,South Asia,Economics,Low,38.1,19,19.4
18947,Africa,Economics,Low,38.1,20,13.6
33686,Europe,Mathematics,Low,38.1,13,12.2
4369,South America,Mathematics,Low,38.2,20,17.7
5810,South Asia,English,Low,38.2,12,10.0
12077,Africa,Computer Science,Low,38.2,15,1.2
16545,Europe,Mathematics,Low,38.2,17,9.8
27158,South America,Science,Low,38.2,5,0.0
32335,Africa,Computer Science,Low,38.2,5,34.4
5149,South Asia,Economics,Low,38.3,7,16.2
29668,Europe,Mathematics,Low,38.3,11,15.3
11842,South Asia,History,Low,38.4,11,16.9
18329,South Asia,Science,Low,38.4,23,10.3
35040,Africa,Mathematics,Low,38.4,13,9.0
4467,Africa,Mathematics,Low,38.5,5,20.9
8184,Africa,Economics,Low,38.5,6,18.8
8447,South Asia,Economics,Low,38.5,7,7.9
11837,Africa,History,Low,38.5,11,11.5
16595,North America,Economics,Low,38.5,8,18.4
37407,South Asia,Mathematics,Low,38.5,7,0.0
599,East Asia,Mathematics,Low,38.6,14,3.8
8987,Africa,Computer Science,Low,38.6,10,8.1
12564,Europe,Mathematics,Low,38.6,6,11.7
26580,South America,Science,Low,38.6,9,11.3
38906,Africa,Economics,Low,38.6,9,31.2
10837,South Asia,Mathematics,Low,38.7,17,6.4
13124,South Asia,Science,Low,38.8,7,5.7
24891,Africa,Mathematics,Low,38.8,14,14.9
13882,Africa,Mathematics,Low,38.9,8,26.5
25069,Africa,Economics,Low,38.9,2,20.7
27261,South America,Economics,Low,38.9,9,2.7
28230,South Asia,Economics,Low,38.9,8,3.0
11854,Africa,History,Low,39.0,15,16.9
20635,North America,Science,Low,39.0,8,21.7
21489,South America,Computer Science,Low,39.0,28,5.6
25392,Africa,History,Low,39.0,15,23.9
30955,South America,Mathematics,Low,39.0,9,0.0
34192,Africa,Mathematics,Low,39.0,14,25.3
676,Africa,Mathematics,Low,39.1,11,16.5
2848,South Asia,Computer Science,Low,39.1,10,17.9
12936,Africa,History,Low,39.1,21,16.9
15486,Africa,Mathematics,Low,39.1,10,11.3
8544,South Asia,Science,Low,39.2,8,15.0
19457,South Asia,Economics,Low,39.2,9,5.3
19839,Africa,Economics,Low,39.2,8,27.5
27645,Africa,History,Low,39.2,15,19.6
34147,South Asia,Economics,Low,39.2,13,27.9
2670,South America,Economics,Low,39.3,4,22.6
3247,Africa,Economics,Low,39.3,16,17.9
18330,South Asia,Mathematics,Low,39.3,13,0.0
24476,Europe,Economics,Low,39.3,7,18.8
26223,South Asia,Mathematics,Low,39.3,15,19.6
33289,North America,Mathematics,Low,39.3,7,0.0
7826,South America,Computer Science,Low,39.4,7,8.5
9025,South America,History,Low,39.4,13,11.7
11736,Africa,Economics,Low,39.4,5,10.3
11768,South America,Economics,Low,39.4,20,15.3
32074,Europe,Science,Low,39.4,9,10.9
32962,Africa,Computer Science,Low,39.4,5,15.3
34084,Africa,Science,Low,39.4,17,23.2
873,North America,Economics,Low,39.5,9,12.8
14877,North America,Mathematics,Low,39.5,8,10.5
1639,Europe,Economics,Low,39.6,7,21.0
7083,Africa,Mathematics,Low,39.6,6,14.0
38373,South Asia,Economics,Low,39.6,7,11.4
160,Africa,Mathematics,Low,39.7,14,19.7
12007,East Asia,Computer Science,Low,39.7,9,16.0
14278,Africa,Mathematics,Low,39.7,18,12.2
21154,Africa,History,Low,39.7,12,22.4
23017,South America,Mathematics,Low,39.7,23,8.9
35793,South America,Economics,Low,39.7,10,16.6
9261,South Asia,Mathematics,Low,39.8,15,0.0
26161,South America,History,Low,39.8,9,4.1
26264,Africa,Economics,Low,39.8,11,11.9
30239,Europe,Mathematics,Low,39.8,7,8.7
32343,Africa,Mathematics,Low,39.8,12,29.8
4065,Africa,Mathematics,Low,39.9,11,21.4
6148,Africa,English,Low,39.9,16,7.8
7186,Africa,Mathematics,Low,39.9,10,0.0
13905,South Asia,Mathematics,Low,40.0,9,12.7
33786,South Asia,English,Low,40.0,6,9.0
36501,Africa,Mathematics,Low,40.0,12,15.9
2081,Africa,History,Low,40.1,3,17.3
7283,Africa,English,Low,40.1,8,25.2
12716,South America,Science,Low,40.1,7,18.4
25991,South Asia,History,Low,40.1,21,3.6
33924,Africa,History,Low,40.1,17,17.7
2243,South Asia,Science,Low,40.2,12,7.4
3958,Africa,Mathematics,Low,40.2,12,14.6
22504,Africa,English,Low,40.2,13,23.6
26750,South America,Science,Low,40.2,13,24.8
27079,South America,Mathematics,Low,40.2,8,7.4
37823,Africa,Science,Low,40.2,18,0.0
9749,Africa,Science,Low,40.3,11,12.0
11812,South America,History,Low,40.3,17,17.9
19819,South America,Economics,Low,40.3,15,26.0
23666,East Asia,History,Low,40.3,15,6.1
25596,North America,History,Low,40.3,5,16.3
30026,Africa,Mathematics,Low,40.3,6,10.3
3691,South Asia,Science,Low,40.4,20,20.4
8179,Africa,History,Low,40.4,9,12.6
28303,South Asia,Economics,Low,40.4,9,18.0
1218,Africa,Mathematics,Low,40.5,7,3.8
21919,South Asia,English,Low,40.5,14,23.9
24237,Africa,Economics,Low,40.5,10,13.5
25367,South America,Mathematics,Low,40.5,13,19.2
27446,Africa,Economics,Low,40.5,18,16.6
33247,South Asia,Science,Low,40.5,14,22.8
34950,South Asia,English,Low,40.5,16,4.8
5667,Europe,Economics,Low,40.6,5,1.5
11370,South Asia,Science,Low,40.6,10,21.9
16687,South America,Mathematics,Low,40.6,12,13.2
19718,East Asia,Computer Science,Low,40.6,8,16.0
29824,South Asia,Science,Low,40.6,7,4.8
30815,Africa,Economics,Low,40.6,13,0.0
3068,Africa,Science,Low,40.7,10,0.2
10080,Africa,Mathematics,Low,40.7,13,0.0
28455,Africa,Science,Low,40.7,12,3.1
29199,East Asia,Mathematics,Low,40.7,17,18.8
30293,North America,Economics,Low,40.7,12,22.8
33092,South Asia,Science,Low,40.7,12,21.9
33938,North America,History,Low,40.7,24,0.0
37943,Africa,Science,Low,40.7,15,3.2
38574,Africa,Mathematics,Low,40.7,15,17.2
10764,Africa,History,Low,40.8,10,15.5
16894,South Asia,Mathematics,Low,40.8,15,19.7
23445,East Asia,Science,Low,40.8,12,8.0
402,Africa,Science,Low,40.9,6,22.6
10095,Africa,English,Low,40.9,22,9.1
15038,South Asia,Economics,Low,40.9,11,0.0
21047,Africa,Economics,Low,40.9,6,30.4
23605,Africa,Mathematics,Low,40.9,14,7.3
28016,South America,Science,Low,40.9,17,4.7
29063,Europe,Mathematics,Low,40.9,14,26.5
2585,South Asia,Science,Low,41.0,6,6.7
9226,Africa,Mathematics,Low,41.0,10,30.6
15127,North America,Mathematics,Low,41.0,5,9.5
18993,Africa,History,Low,41.0,11,0.0
20271,Europe,Economics,Low,41.0,24,14.0
26700,Africa,Mathematics,Low,41.0,12,2.7
26988,South Asia,Computer Science,Low,41.0,3,15.3
30290,South Asia,English,Low,41.0,10,29.9
37786,Africa,Economics,Low,41.0,15,7.1
7642,Africa,History,Low,41.1,13,20.3
8326,South America,Mathematics,Low,41.1,11,25.1
8412,Africa,Economics,Low,41.1,18,14.2
9546,North America,Mathematics,Low,41.1,12,0.0
14477,Africa,History,Low,41.1,9,13.8
16109,Africa,English,Low,41.1,23,8.0
22236,South Asia,Mathematics,Low,41.1,16,0.0
30388,Europe,Science,Low,41.1,7,0.0
888,Europe,History,Low,41.2,4,3.1
7333,South Asia,Mathematics,Low,41.2,9,17.4
15973,Africa,History,Low,41.2,7,0.0
17442,Africa,English,Low,41.2,15,20.4
18980,South America,Mathematics,Low,41.2,14,10.9
19061,South Asia,Economics,Low,41.2,10,7.1
19925,East Asia,Economics,Low,41.2,9,23.4
32961,Africa,Economics,Low,41.2,7,30.1
36953,Africa,Science,Low,41.2,10,12.3
37458,South Asia,Science,Low,41.2,6,17.7
505,Europe,Mathematics,Low,41.3,10,5.1
6665,Africa,English,Low,41.3,18,18.4
26422,Africa,Mathematics,Low,41.3,11,21.8
36343,South Asia,Mathematics,Low,41.3,10,18.7
38089,South Asia,Mathematics,Low,41.3,21,7.4
4538,Africa,English,Low,41.4,15,12.0
8920,Africa,Computer Science,Low,41.4,10,4.5
23191,South America,Mathematics,Low,41.4,12,20.4
23366,South America,Mathematics,Low,41.4,10,0.0
33402,South Asia,Economics,Low,41.4,12,1.8
36340,Africa,Mathematics,Low,41.4,14,20.0
36772,Europe,Mathematics,Low,41.4,12,17.5
39169,South Asia,Mathematics,Low,41.4,8,0.0
13708,South Asia,Economics,Low,41.5,4,20.0
13767,North America,Computer Science,Low,41.5,19,7.7
35428,East Asia,History,Low,41.5,12,12.1
5,South Asia,Economics,Low,41.6,10,8.6
4993,South America,Mathematics,Low,41.6,15,3.7
21488,Africa,Mathematics,Low,41.6,13,7.0
22711,Africa,Science,Low,41.6,13,22.6
1668,Africa,English,Low,41.7,11,12.2
8087,Africa,English,Low,41.7,8,9.6
16640,South Asia,English,Low,41.7,4,27.3
27009,North America,English,Low,41.7,7,21.4
29180,South Asia,Mathematics,Low,41.7,6,25.8
38142,South Asia,Mathematics,Low,41.7,17,23.6
4616,South Asia,Economics,Low,41.8,8,8.3
13246,North America,Economics,Low,41.8,11,11.3
13957,Africa,Science,Low,41.8,16,24.0
19232,South Asia,History,Low,41.8,10,19.1
20497,Africa,Economics,Low,41.8,14,0.0
21497,Africa,English,Low,41.8,6,25.7
23061,East Asia,Mathematics,Low,41.8,13,14.0
30887,South Asia,Economics,Low,41.8,10,30.1
33744,Africa,Science,Low,41.8,17,15.0
36645,South Asia,Mathematics,Low,41.8,15,18.4
1559,South America,Computer Science,Low,41.9,13,17.6
10299,Africa,Economics,Low,41.9,10,19.2
14836,South America,English,Low,41.9,11,0.0
19727,South Asia,English,Low,41.9,12,16.6
28582,South America,English,Low,41.9,13,10.4
36611,Africa,History,Low,41.9,9,11.4
7694,Africa,Science,Low,42.0,6,33.1
22887,Africa,English,Low,42.0,10,18.8
26973,North America,Mathematics,Low,42.0,18,21.8
27302,Africa,History,Low,42.0,4,7.2
37542,South Asia,Science,Low,42.0,9,10.8
38026,East Asia,Science,Low,42.0,11,0.0
1961,South America,Economics,Low,42.1,9,19.0
16511,Africa,History,Low,42.1,10,24.6
17359,Africa,Economics,Low,42.1,22,13.7
28493,Africa,Economics,Low,42.1,20,19.0
8380,South Asia,Mathematics,Low,42.2,3,16.2
23596,South Asia,Science,Low,42.2,19,20.9
24996,South Asia,Mathematics,Low,42.2,18,18.6
29123,Africa,Mathematics,Low,42.2,9,0.0
34428,South America,Science,Low,42.2,4,0.0
35565,Africa,Mathematics,Low,42.2,4,10.9
12180,Africa,History,Low,42.3,11,28.4
16343,Africa,Science,Low,42.3,11,9.6
21381,Africa,Mathematics,Low,42.3,18,10.8
30633,South Asia,Mathematics,Low,42.3,13,3.3
37189,South Asia,Mathematics,Low,42.3,10,11.9
9576,Africa,Mathematics,Low,42.4,11,10.3
12720,South Asia,Computer Science,Low,42.4,8,14.7
12772,South America,Economics,Low,42.4,7,17.1
16882,Africa,Computer Science,Low,42.4,20,10.8
18713,Africa,History,Low,42.4,9,29.8
27933,Africa,Mathematics,Low,42.4,8,0.0
9414,North America,Science,Low,42.5,14,8.9
19387,Africa,Mathematics,Low,42.5,14,29.8
34335,Africa,Science,Low,42.5,8,4.4
38180,South Asia,Computer Science,Low,42.5,9,26.0
906,Africa,Mathematics,Low,42.6,12,15.6
17645,Africa,English,Low,42.6,12,24.1
25941,Africa,Mathematics,Low,42.6,10,3.5
37979,South America,Science,Low,42.6,11,9.2
9332,South Asia,Mathematics,Low,42.7,16,21.6
20072,South America,Economics,Low,42.7,15,26.0
20821,Africa,Science,Low,42.7,15,10.0
21127,Africa,Economics,Low,42.7,15,22.8
26237,South Asia,Mathematics,Low,42.7,8,16.8
32640,South Asia,Mathematics,Low,42.7,11,11.3
34190,South America,Mathematics,Low,42.7,11,22.2
34592,South America,Computer Science,Low,42.7,9,0.0
39044,South America,History,Low,42.7,9,32.2
2877,East Asia,Science,Low,42.8,11,17.5
4122,South America,English,Low,42.8,6,26.0
4858,East Asia,History,Low,42.8,17,4.8
6259,Africa,Economics,Low,42.8,4,12.9
12249,South America,Economics,Low,42.8,7,9.2
20456,North America,History,Low,42.8,8,13.3
29966,South America,Economics,Low,42.8,19,15.9
30494,Africa,Mathematics,Low,42.8,9,6.2
30502,Africa,Mathematics,Low,42.8,9,4.0
30556,Africa,Science,Low,42.8,2,19.2
32015,South Asia,Mathematics,Low,42.8,13,25.4
38620,Africa,History,Low,42.8,10,18.3
12662,South Asia,Economics,Low,42.9,14,1.1
23557,Africa,Mathematics,Low,42.9,9,13.8
25576,Africa,History,Low,42.9,18,19.9
26272,South America,Science,Low,42.9,9,15.6
34644,Africa,Mathematics,Low,42.9,17,19.7
36402,Africa,History,Low,42.9,19,0.6
36649,South Asia,Economics,Low,42.9,14,0.4
1082,South America,Mathematics,Low,43.0,17,15.8
1892,Europe,History,Low,43.0,10,6.0
3502,East Asia,Economics,Low,43.0,9,15.8
6992,Africa,Mathematics,Low,43.0,14,23.1
7548,Africa,Mathematics,Low,43.0,22,6.7
12821,South Asia,Economics,Low,43.0,5,33.7
13434,Africa,Computer Science,Low,43.0,18,0.0
13478,Africa,Economics,Low,43.0,17,14.2
14000,Africa,Economics,Low,43.0,11,0.0
22075,South Asia,Mathematics,Low,43.0,14,15.4
32587,South America,Science,Low,43.0,23,14.7
36129,Europe,Mathematics,Low,43.0,4,7.4
38715,Africa,Economics,Low,43.0,10,6.1
15550,Africa,English,Low,43.1,14,4.7
29776,Africa,Economics,Low,43.1,15,19.1
4321,East Asia,Mathematics,Low,43.2,9,10.6
10123,Africa,Mathematics,Low,43.2,17,6.4
14827,North America,Mathematics,Low,43.2,17,14.5
18534,South Asia,Science,Low,43.2,20,5.0
24592,Africa,Mathematics,Low,43.2,11,10.0
26911,Africa,Economics,Low,43.2,13,15.2
10246,South Asia,Economics,Low,43.3,14,30.4
17005,Africa,Economics,Low,43.3,11,18.3
20923,Africa,Computer Science,Low,43.3,27,12.0
21129,Africa,Economics,Low,43.3,26,9.2
34796,South America,History,Low,43.3,6,15.8
37148,Africa,History,Low,43.3,18,12.6
38871,South Asia,Economics,Low,43.3,7,12.2
6547,Africa,Mathematics,Low,43.4,12,21.4
11069,South Asia,Mathematics,Low,43.4,7,16.6
14241,Africa,Science,Low,43.4,9,26.7
15545,Africa,History,Low,43.4,13,13.9
15607,Africa,History,Low,43.4,20,5.1
18435,South America,Mathematics,Low,43.4,12,5.7
23151,Africa,Science,Low,43.4,11,19.6
28872,Africa,History,Low,43.4,16,9.2
35878,South Asia,Economics,Low,43.4,10,27.7
37371,Africa,Science,Low,43.4,10,7.5
7872,Europe,English,Low,43.5,6,8.9
18208,Africa,History,Low,43.5,11,20.9
18413,South America,Mathematics,Low,43.5,12,24.8
20640,South Asia,Computer Science,Low,43.5,7,18.4
23446,East Asia,Economics,Low,43.5,13,0.0
27270,Africa,Economics,Low,43.5,11,28.0
28438,Africa,Economics,Low,43.5,15,11.1
28497,Europe,Science,Low,43.5,8,11.5
37018,South Asia,Mathematics,Low,43.5,4,15.2
1443,South America,Economics,Low,43.6,31,0.0
2471,South America,Economics,Low,43.6,17,0.0
7542,South America,Science,Low,43.6,14,19.0
7839,Africa,History,Low,43.6,6,33.6
11053,South America,Computer Science,Low,43.6,6,10.2
11362,South America,Science,Low,43.6,15,15.3
13239,North America,Mathematics,Low,43.6,17,14.4
15168,Africa,Mathematics,Low,43.6,15,14.9
20492,Africa,Mathematics,Low,43.6,13,15.4
23377,Europe,Science,Low,43.6,13,22.5
24328,Africa,History,Low,43.6,13,23.8
26039,South Asia,Mathematics,Low,43.6,16,2.3
6627,Africa,Economics,Low,43.7,16,6.3
15525,Africa,Science,Low,43.7,12,0.0
15863,North America,Computer Science,Low,43.7,10,10.0
16329,South America,Mathematics,Low,43.7,15,0.0
23090,South Asia,Mathematics,Low,43.7,9,10.1
31614,Africa,Mathematics,Low,43.7,11,27.0
34705,South Asia,History,Low,43.7,16,16.7
103,Africa,Economics,Low,43.8,8,6.9
274,South America,Mathematics,Low,43.8,16,17.7
3488,South America,Computer Science,Low,43.8,5,7.4
4144,South Asia,Mathematics,Low,43.8,12,21.5
23165,South America,Computer Science,Low,43.8,11,17.4
25482,South America,Mathematics,Low,43.8,23,7.3
27977,Africa,Computer Science,Low,43.8,14,24.7
32198,South Asia,English,Low,43.8,16,0.0
32273,North America,Economics,Low,43.8,10,1.6
34334,North America,History,Low,43.8,8,2.7
38147,Africa,Mathematics,Low,43.8,10,8.4
1576,Europe,Science,Low,43.9,20,16.7
1994,East Asia,Economics,Low,43.9,23,16.3
13025,Africa,English,Low,43.9,7,7.8
17132,South Asia,English,Low,43.9,23,3.0
17709,South Asia,Science,Low,43.9,5,11.1
18111,South Asia,Science,Low,43.9,11,17.5
20182,Africa,History,Low,43.9,10,5.8
29455,South Asia,Mathematics,Low,43.9,19,6.4
29496,South Asia,English,Low,43.9,18,5.7
30344,Africa,English,Low,43.9,10,23.6
31541,East Asia,Mathematics,Low,43.9,15,19.1
37294,South Asia,Computer Science,Low,43.9,7,25.8
10345,Africa,History,Low,44.0,3,5.7
10988,Europe,Science,Low,44.0,11,5.6
12094,South Asia,Mathematics,Low,44.0,17,12.7
12615,South Asia,Economics,Low,44.0,9,21.5
13037,Africa,History,Low,44.0,22,9.1
19954,Africa,Science,Low,44.0,11,13.0
24440,Africa,Science,Low,44.0,22,16.6
36020,North America,English,Low,44.0,19,0.0
252,South Asia,Economics,Low,44.1,11,5.3
7864,East Asia,History,Low,44.1,20,18.2
8784,Africa,Mathematics,Low,44.1,12,17.7
11758,Africa,History,Low,44.1,27,12.6
12108,Europe,Mathematics,Low,44.1,16,0.5
15358,South America,Science,Low,44.1,19,10.2
16353,Africa,Economics,Low,44.1,10,13.4
18736,Africa,Mathematics,Low,44.1,24,14.1
25719,Europe,Computer Science,Low,44.1,15,9.1
28192,South Asia,Mathematics,Low,44.1,16,18.2
28409,Europe,Economics,Low,44.1,17,7.2
30078,South Asia,Science,Low,44.1,17,16.3
36803,South Asia,English,Low,44.1,15,0.0
37646,South America,Computer Science,Low,44.1,9,9.6
227,Africa,Economics,Low,44.2,21,13.5
1783,North America,History,Low,44.2,10,31.0
3107,South America,Science,Low,44.2,12,15.7
4908,Africa,English,Low,44.2,21,7.0
11815,North America,Economics,Low,44.2,16,7.3
16813,Europe,Science,Low,44.2,6,23.6
17164,South Asia,English,Low,44.2,12,23.2
33255,Africa,Mathematics,Low,44.2,13,25.2
35719,South America,Economics,Low,44.2,9,4.8
39140,South America,Science,Low,44.2,15,21.2
39185,South America,Economics,Low,44.2,7,14.5
39582,North America,Mathematics,Low,44.2,8,20.2
1933,South America,Mathematics,Low,44.3,13,4.5
2377,South America,Mathematics,Low,44.3,15,6.0
6290,Africa,Computer Science,Low,44.3,17,13.1
11380,South America,Economics,Low,44.3,7,9.6
11791,Africa,English,Low,44.3,6,7.3
12417,South America,Computer Science,Low,44.3,2,19.3
13225,South Asia,Mathematics,Low,44.3,13,20.7
17246,Europe,English,Low,44.3,14,9.8
20574,South America,Mathematics,Low,44.3,16,4.3
21210,South Asia,Economics,Low,44.3,25,10.8
29007,South America,Economics,Low,44.3,16,22.3
30784,Europe,Mathematics,Low,44.3,8,18.5
36291,Europe,Mathematics,Low,44.3,4,10.4
38218,South America,History,Low,44.3,6,29.6
3670,Europe,English,Low,44.4,10,12.5
6067,South Asia,Economics,Low,44.4,5,11.0
10864,South Asia,Science,Low,44.4,17,19.1
14822,Africa,Science,Low,44.4,17,21.0
15027,Africa,Mathematics,Low,44.4,10,16.2
16578,South Asia,History,Low,44.4,22,14.7
16795,Africa,Science,Low,44.4,6,0.0
19193,Europe,Science,Low,44.4,11,0.0
19883,Africa,Economics,Low,44.4,14,23.3
19948,South Asia,Computer Science,Low,44.4,12,8.3
21886,South Asia,English,Low,44.4,17,0.1
22924,South Asia,Mathematics,Low,44.4,12,7.0
27959,Europe,English,Low,44.4,12,15.0
29844,Africa,Computer Science,Low,44.4,4,2.1
37263,South Asia,Science,Low,44.4,10,27.7
37767,South America,Science,Low,44.4,15,15.7
39493,South Asia,History,Low,44.4,5,2.6
40000,North America,History,Low,44.4,6,15.7
106,Africa,Computer Science,Low,44.5,18,0.0
866,Africa,History,Low,44.5,20,10.5
7793,Africa,Mathematics,Low,44.5,10,19.9
9862,Africa,Economics,Low,44.5,15,20.7
10469,Africa,Mathematics,Low,44.5,9,10.4
13323,Africa,Economics,Low,44.5,9,13.1
17768,North America,Economics,Low,44.5,6,5.9
18710,Africa,Science,Low,44.5,27,12.1
24642,South Asia,Science,Low,44.5,14,13.7
24952,Africa,Economics,Low,44.5,8,11.3
28297,Africa,Computer Science,Low,44.5,12,18.8
31696,Europe,Science,Low,44.5,25,0.0
35007,South America,History,Low,44.5,8,12.9
36629,Africa,Computer Science,Low,44.5,11,26.8
37034,Africa,Mathematics,Low,44.5,4,16.1
39625,South America,History,Low,44.5,10,7.0
5973,South Asia,Mathematics,Low,44.6,8,20.0
6580,South Asia,Mathematics,Low,44.6,6,9.8
9487,South Asia,Science,Low,44.6,7,25.0
12202,East Asia,Mathematics,Low,44.6,10,12.1
14583,Europe,Economics,Low,44.6,15,11.9
14824,Africa,Science,Low,44.6,14,18.2
14881,South Asia,English,Low,44.6,5,22.1
20132,South America,Mathematics,Low,44.6,24,13.4
21077,North America,Economics,Low,44.6,4,14.6
22953,Africa,English,Low,44.6,7,8.2
23929,South Asia,Economics,Low,44.6,18,20.1
28273,South Asia,Mathematics,Low,44.6,7,0.0
28930,Africa,Computer Science,Low,44.6,15,8.0
30171,South Asia,English,Low,44.6,21,16.0
32737,South Asia,English,Low,44.6,10,9.2
39361,South Asia,Science,Low,44.6,29,4.8
151,South America,Economics,Low,44.7,9,0.0
268,South Asia,Science,Low,44.7,18,17.2
1691,Africa,Science,Low,44.7,10,15.0
3274,South Asia,Mathematics,Low,44.7,9,23.4
7720,North America,Economics,Low,44.7,7,10.4
9294,South America,Science,Low,44.7,12,22.9
12702,Africa,Mathematics,Low,44.7,20,16.3
14670,South Asia,Economics,Low,44.7,10,8.0
17113,South Asia,Economics,Low,44.7,19,20.3
20950,South Asia,Computer Science,Low,44.7,17,0.0
22189,South Asia,English,Low,44.7,8,19.1
26910,Europe,Science,Low,44.7,14,24.0
30049,South America,Science,Low,44.7,14,19.4
33452,South Asia,Science,Low,44.7,20,29.9
149,Africa,History,Low,44.8,13,18.1
6294,Africa,English,Low,44.8,18,21.7
7239,Europe,Mathematics,Low,44.8,11,25.4
8670,South America,History,Low,44.8,10,2.6
9366,Africa,English,Low,44.8,9,10.0
9839,North America,Mathematics,Low,44.8,15,10.8
12334,East Asia,Economics,Low,44.8,10,0.4
16875,South Asia,Computer Science,Low,44.8,18,21.3
17760,South Asia,History,Low,44.8,10,23.3
23603,South America,Computer Science,Low,44.8,14,18.6
37412,South Asia,Mathematics,Low,44.8,6,24.6
14385,Africa,Computer Science,Low,44.9,24,10.8
14411,South America,English,Low,44.9,12,18.7
15945,South Asia,Economics,Low,44.9,10,6.7
25457,South Asia,History,Low,44.9,9,24.2
29475,Africa,Economics,Low,44.9,16,24.0
29745,South Asia,Science,Low,44.9,11,26.1
33117,Africa,English,Low,44.9,14,13.2
33556,South Asia,Economics,Low,44.9,7,9.5
34036,South Asia,Economics,Low,44.9,11,28.9
34349,Africa,Economics,Low,44.9,11,9.3
34677,South Asia,Science,Low,44.9,10,12.2
37272,Africa,Science,Low,44.9,14,10.4
4306,Africa,Science,Low,45.0,13,18.7
8720,Africa,Mathematics,Low,45.0,13,28.1
8888,South America,History,Low,45.0,3,15.7
13796,North America,Mathematics,Low,45.0,8,4.3
22401,South America,Economics,Low,45.0,16,19.0
24777,Africa,History,Low,45.0,10,8.8
33774,Africa,Economics,Low,45.0,6,5.7
35688,East Asia,Mathematics,Low,45.0,18,14.7
37531,North America,English,Low,45.0,9,31.5
1657,South America,History,Low,45.1,4,3.6
7957,Africa,Science,Low,45.1,14,20.4
11181,South Asia,Science,Low,45.1,5,25.7
19821,South Asia,Science,Low,45.1,12,15.4
25729,North America,Economics,Low,45.1,12,16.1
28377,Africa,Economics,Low,45.1,12,25.5
28755,North America,Economics,Low,45.1,11,0.0
28954,South Asia,Computer Science,Low,45.1,12,17.3
31935,Africa,English,Low,45.1,18,18.0
33288,Africa,Computer Science,Low,45.1,8,4.0
36357,Africa,Science,Low,45.1,9,2.9
3078,Africa,Mathematics,Low,45.2,20,4.9
13769,Africa,Computer Science,Low,45.2,6,24.2
16269,Africa,Science,Low,45.2,11,17.1
26865,South America,Mathematics,Low,45.2,8,20.8
27496,South Asia,English,Low,45.2,14,24.6
27686,Africa,Mathematics,Low,45.2,14,21.7
28950,South Asia,Science,Low,45.2,12,22.2
33981,South Asia,History,Low,45.2,14,9.1
36380,Africa,Economics,Low,45.2,11,20.4
39648,Africa,Science,Low,45.2,25,9.2
1593,South Asia,Computer Science,Low,45.3,7,32.6
3312,South Asia,Science,Low,45.3,10,12.8
3387,Africa,Science,Low,45.3,17,21.0
8300,South Asia,History,Low,45.3,14,19.4
10094,Europe,Mathematics,Low,45.3,11,11.0
11499,North America,Science,Low,45.3,15,18.1
14931,South Asia,Mathematics,Low,45.3,7,15.8
17146,Africa,English,Low,45.3,14,4.5
20077,Africa,Science,Low,45.3,17,0.0
26672,South Asia,Science,Low,45.3,21,10.0
27259,East Asia,Science,Low,45.3,13,8.8
28700,South America,Science,Low,45.3,5,14.0
28959,Africa,Science,Low,45.3,14,3.8
29587,South America,Economics,Low,45.3,9,14.6
31850,East Asia,Mathematics,Low,45.3,14,16.4
35179,North America,History,Low,45.3,15,21.8
35691,Africa,Mathematics,Low,45.3,8,4.2
35860,Africa,Economics,Low,45.3,20,9.8
36116,South Asia,Mathematics,Low,45.3,17,9.5
1319,South Asia,Economics,Low,45.4,18,0.9
6815,South Asia,History,Low,45.4,12,19.3
8421,Africa,History,Low,45.4,6,25.5
10836,South America,History,Low,45.4,17,20.4
10956,South Asia,Mathematics,Low,45.4,13,18.1
11930,Africa,Computer Science,Low,45.4,12,19.5
12461,South Asia,Economics,Low,45.4,5,0.4
12711,South America,Mathematics,Low,45.4,8,19.1
16219,South Asia,Economics,Low,45.4,5,6.2
16854,Africa,History,Low,45.4,12,18.9
23405,Africa,Mathematics,Low,45.4,15,15.1
28004,Africa,Computer Science,Low,45.4,20,0.0
31980,South Asia,Science,Low,45.4,26,12.2
32076,Europe,Economics,Low,45.4,6,14.8
33444,East Asia,Economics,Low,45.4,14,3.7
33616,North America,History,Low,45.4,15,14.4
34474,Africa,Science,Low,45.4,14,18.3
37434,East Asia,Mathematics,Low,45.4,7,26.7
1176,South Asia,History,Low,45.5,14,0.9
2976,South Asia,History,Low,45.5,9,14.2
3272,South Asia,Mathematics,Low,45.5,8,27.1
4757,East Asia,History,Low,45.5,7,29.9
12423,South Asia,Science,Low,45.5,8,6.5
14106,South Asia,Science,Low,45.5,6,24.5
19676,South Asia,History,Low,45.5,3,0.0
20302,South Asia,Science,Low,45.5,12,15.5
21472,South Asia,History,Low,45.5,11,15.4
21561,South America,English,Low,45.5,13,23.7
22420,North America,Mathematics,Low,45.5,12,4.7
22458,Africa,Mathematics,Low,45.5,13,6.7
23711,South Asia,Computer Science,Low,45.5,7,11.4
24092,Africa,History,Low,45.5,12,18.1
24646,North America,History,Low,45.5,9,18.9
24853,South America,Mathematics,Low,45.5,18,16.0
27457,Africa,English,Low,45.5,4,6.9
30289,South Asia,Mathematics,Low,45.5,15,9.9
32262,North America,Science,Low,45.5,13,18.8
32716,South Asia,English,Low,45.5,11,8.6
34490,Africa,Science,Low,45.5,21,17.2
38213,South Asia,Science,Low,45.5,5,20.7
2319,South America,Science,Low,45.6,14,22.9
4940,South Asia,History,Low,45.6,13,17.2
5289,Europe,Computer Science,Low,45.6,9,12.7
6044,Africa,English,Low,45.6,7,14.8
6945,Africa,Computer Science,Low,45.6,10,24.2
8912,South Asia,Economics,Low,45.6,16,20.1
10721,South Asia,Science,Low,45.6,12,6.9
11981,East Asia,Economics,Low,45.6,12,26.8
15063,Africa,Mathematics,Low,45.6,12,28.1
15808,East Asia,Economics,Low,45.6,14,4.6
17385,Europe,Computer Science,Low,45.6,9,19.7
21724,Africa,English,Low,45.6,12,26.9
22486,East Asia,Mathematics,Low,45.6,20,3.6
25397,South America,Mathematics,Low,45.6,9,19.6
29807,South America,Mathematics,Low,45.6,11,20.0
29852,Africa,Mathematics,Low,45.6,18,18.9
30435,Europe,Economics,Low,45.6,11,3.0
31469,South America,Science,Low,45.6,12,18.6
36031,South America,History,Low,45.6,9,18.6
37643,South Asia,English,Low,45.6,7,17.3
38264,South America,Mathematics,Low,45.6,8,7.5
798,South Asia,Mathematics,Low,45.7,9,31.7
1371,South America,Economics,Low,45.7,13,2.8
3469,East Asia,History,Low,45.7,6,20.4
5691,South Asia,Computer Science,Low,45.7,12,3.8
9910,Europe,History,Low,45.7,5,10.5
11237,South America,History,Low,45.7,23,9.3
11792,Africa,Economics,Low,45.7,18,10.0
14616,Africa,Mathematics,Low,45.7,16,18.8
19730,North America,Economics,Low,45.7,10,11.4
20583,North America,Mathematics,Low,45.7,8,18.3
26149,Europe,Mathematics,Low,45.7,10,11.6
26385,Africa,History,Low,45.7,7,0.0
26423,Africa,History,Low,45.7,13,17.0
26992,South Asia,Mathematics,Low,45.7,16,15.6
27154,South Asia,Mathematics,Low,45.7,16,18.5
27229,South America,English,Low,45.7,19,20.4
28516,South Asia,Mathematics,Low,45.7,21,17.6
32136,Africa,Mathematics,Low,45.7,11,0.0
33667,South Asia,Economics,Low,45.7,6,9.1
1954,South Asia,Mathematics,Low,45.8,8,14.9
3662,South Asia,Mathematics,Low,45.8,15,13.8
3908,South America,Science,Low,45.8,8,0.0
5657,Africa,History,Low,45.8,12,28.1
7805,Africa,Mathematics,Low,45.8,12,14.7
10018,Africa,Computer Science,Low,45.8,3,20.8
12285,Africa,Science,Low,45.8,32,0.0
12469,South Asia,Mathematics,Low,45.8,12,20.2
14184,East Asia,History,Low,45.8,24,14.8
14484,Europe,Science,Low,45.8,13,9.8
22036,South Asia,English,Low,45.8,11,22.1
25789,Europe,Science,Low,45.8,9,12.5
29990,Africa,English,Low,45.8,4,15.3
31127,South Asia,Economics,Low,45.8,9,15.5
31360,Africa,English,Low,45.8,24,12.7
6487,Africa,English,Low,45.9,15,0.0
6708,Europe,Mathematics,Low,45.9,6,15.0
7259,North America,Economics,Low,45.9,15,1.5
14272,Africa,Economics,Low,45.9,15,25.7
17958,Africa,Science,Low,45.9,17,13.0
23015,South Asia,Computer Science,Low,45.9,13,20.4
29707,Africa,Economics,Low,45.9,4,25.4
34280,Europe,Mathematics,Low,45.9,8,3.5
36061,Africa,Science,Low,45.9,13,18.8
38870,South America,English,Low,45.9,22,13.1
39732,South Asia,Economics,Low,45.9,8,6.5
557,Africa,History,Low,46.0,13,17.9
887,North America,Mathematics,Low,46.0,11,14.9
4059,Europe,History,Low,46.0,11,14.5
5707,South Asia,Economics,Low,46.0,8,13.8
5965,Africa,Science,Low,46.0,8,22.5
10703,South Asia,Computer Science,Low,46.0,7,25.5
11242,South Asia,Mathematics,Low,46.0,14,7.6
14325,Europe,History,Low,46.0,21,11.7
17120,South America,Economics,Low,46.0,17,21.6
21779,Africa,History,Low,46.0,24,10.8
24553,South Asia,Mathematics,Low,46.0,22,9.3
30787,South America,English,Low,46.0,11,16.4
32007,South America,Science,Low,46.0,18,1.1
32464,South America,Economics,Low,46.0,5,0.0
32896,North America,Computer Science,Low,46.0,8,9.6
34218,South Asia,Computer Science,Low,46.0,14,9.6
1425,Europe,Mathematics,Low,46.1,15,25.2
2296,Africa,English,Low,46.1,7,9.9
4522,Africa,History,Low,46.1,10,0.3
5721,South America,Science,Low,46.1,3,29.9
8693,South America,English,Low,46.1,13,25.2
9729,South America,History,Low,46.1,10,23.5
12472,North America,English,Low,46.1,18,30.1
13021,Africa,Computer Science,Low,46.1,4,13.0
20262,South America,History,Low,46.1,7,7.8
20863,Africa,Mathematics,Low,46.1,21,12.2
21420,Africa,Science,Low,46.1,10,5.7
24452,Europe,Mathematics,Low,46.1,8,11.0
28898,East Asia,History,Low,46.1,7,18.9
30873,South Asia,Mathematics,Low,46.1,14,0.0
34790,East Asia,Science,Low,46.1,20,7.0
39338,Africa,English,Low,46.1,8,8.5
422,Africa,Economics,Low,46.2,10,13.4
2617,South America,Science,Low,46.2,15,12.9
2668,South America,Economics,Low,46.2,6,2.0
3234,North America,Mathematics,Low,46.2,21,0.0
5337,Africa,Economics,Low,46.2,5,9.0
5677,East Asia,Mathematics,Low,46.2,7,14.3
7264,South America,Computer Science,Low,46.2,4,10.5
8137,Africa,History,Low,46.2,12,14.4
8166,Africa,History,Low,46.2,11,24.0
9923,Africa,History,Low,46.2,13,12.8
16538,Africa,Science,Low,46.2,8,18.0
18859,South Asia,Economics,Low,46.2,28,8.3
21540,Africa,Science,Low,46.2,10,13.7
27464,South Asia,Computer Science,Low,46.2,9,26.0
27814,South Asia,Computer Science,Low,46.2,15,14.8
32165,South Asia,Science,Low,46.2,11,25.9
34987,Europe,Computer Science,Low,46.2,7,0.0
38185,South America,Mathematics,Low,46.2,18,0.0
3140,South Asia,Economics,Low,46.3,9,20.2
4803,Europe,Computer Science,Low,46.3,9,22.3
6837,Africa,Computer Science,Low,46.3,11,21.9
8578,South America,Economics,Low,46.3,11,26.1
8969,South Asia,Mathematics,Low,46.3,9,25.7
9517,South Asia,Economics,Low,46.3,33,5.4
15477,Europe,Economics,Low,46.3,20,9.7
25622,Africa,Science,Low,46.3,8,13.0
31878,Africa,Mathematics,Low,46.3,5,13.4
32843,Africa,Mathematics,Low,46.3,16,17.1
34043,Africa,Science,Low,46.3,16,22.9
34419,Africa,History,Low,46.3,18,19.3
7077,Africa,Economics,Low,46.4,11,24.1
10539,North America,History,Low,46.4,7,8.0
10922,Africa,Science,Low,46.4,11,29.9
11955,South Asia,Economics,Low,46.4,9,16.1
12192,South Asia,History,Low,46.4,8,17.4
13315,Africa,Mathematics,Low,46.4,15,6.9
13579,Europe,Science,Low,46.4,15,19.9
14788,Africa,Economics,Low,46.4,12,18.5
14821,Africa,Economics,Low,46.4,9,30.1
14928,South America,Computer Science,Low,46.4,2,15.9
16049,South Asia,Mathematics,Low,46.4,10,12.7
18231,South Asia,Economics,Low,46.4,23,8.3
22803,South America,Computer Science,Low,46.4,12,22.0
27745,South Asia,Science,Low,46.4,9,23.8
29808,South Asia,English,Low,46.4,7,30.1
31934,East Asia,History,Low,46.4,12,9.5
32376,Africa,English,Low,46.4,10,0.0
37053,Europe,Science,Low,46.4,11,15.1
4083,Africa,Science,Low,46.5,12,23.5
8748,North America,Mathematics,Low,46.5,16,18.7
11315,Africa,History,Low,46.5,11,11.6
11410,East Asia,Mathematics,Low,46.5,10,5.6
12087,Africa,Economics,Low,46.5,3,16.2
12542,South Asia,History,Low,46.5,13,16.3
13810,South Asia,Mathematics,Low,46.5,9,10.7
13984,Europe,English,Low,46.5,11,14.0
15623,South America,English,Low,46.5,7,0.0
16623,Europe,Mathematics,Low,46.5,14,8.4
17488,Africa,Science,Low,46.5,25,11.0
18411,Africa,Mathematics,Low,46.5,24,14.3
19920,South Asia,Economics,Low,46.5,16,21.0
22681,South Asia,Computer Science,Low,46.5,17,0.0
24520,Africa,Economics,Low,46.5,12,3.7
26803,Europe,Science,Low,46.5,12,8.1
29706,Africa,History,Low,46.5,10,6.4
36044,Africa,Science,Low,46.5,14,9.9
37361,South America,Mathematics,Low,46.5,15,23.6
38345,South America,Economics,Low,46.5,17,23.8
328,North America,Computer Science,Low,46.6,29,0.1
345,South America,Mathematics,Low,46.6,8,12.0
2605,Africa,Science,Low,46.6,6,17.9
4628,Europe,Computer Science,Low,46.6,8,29.6
5713,South Asia,Economics,Low,46.6,4,26.7
5842,South America,Economics,Low,46.6,11,21.8
5912,South Asia,History,Low,46.6,11,25.5
6280,South Asia,Mathematics,Low,46.6,6,14.7
11374,North America,Economics,Low,46.6,10,0.0
14883,Africa,Science,Low,46.6,15,24.9
15869,Europe,Economics,Low,46.6,14,15.5
16940,South Asia,Mathematics,Low,46.6,9,1.5
19171,South Asia,Economics,Low,46.6,3,7.9
20851,South Asia,History,Low,46.6,12,13.9
21621,East Asia,Mathematics,Low,46.6,11,2.8
22159,Africa,History,Low,46.6,5,32.3
22690,Africa,Mathematics,Low,46.6,6,9.3
24602,North America,Mathematics,Low,46.6,12,15.1
26856,South Asia,Computer Science,Low,46.6,17,13.3
26960,South America,Computer Science,Low,46.6,11,9.8
27283,Europe,Science,Low,46.6,16,4.5
28880,Africa,Science,Low,46.6,8,31.2
29170,Africa,Science,Low,46.6,9,7.4
30635,Europe,Economics,Low,46.6,2,3.8
30718,Africa,Science,Low,46.6,10,3.2
34634,Africa,Computer Science,Low,46.6,7,7.8
39002,South America,Computer Science,Low,46.6,6,12.7
2348,Africa,Economics,Low,46.7,11,19.8
3053,Africa,Economics,Low,46.7,9,17.8
8976,North America,History,Low,46.7,13,1.2
9627,South Asia,History,Low,46.7,6,8.2
11345,Africa,Mathematics,Low,46.7,5,16.0
11603,Africa,Mathematics,Low,46.7,13,15.1
12319,Europe,Economics,Low,46.7,16,0.0
12877,South America,Mathematics,Low,46.7,5,15.1
13812,Africa,Computer Science,Low,46.7,10,1.6
14672,South America,English,Low,46.7,24,0.0
15685,Africa,Economics,Low,46.7,13,26.1
20176,Africa,History,Low,46.7,10,5.4
22842,Africa,Science,Low,46.7,8,30.7
24021,Africa,Computer Science,Low,46.7,20,0.0
25476,South America,English,Low,46.7,4,14.2
27609,Africa,Science,Low,46.7,17,19.0
29385,Africa,Economics,Low,46.7,6,12.5
31219,Europe,Economics,Low,46.7,22,14.6
31401,South Asia,Economics,Low,46.7,4,23.1
32936,South America,History,Low,46.7,16,0.3
33359,South America,Economics,Low,46.7,7,3.1
36749,Africa,English,Low,46.7,17,16.6
38691,Europe,History,Low,46.7,5,8.1
39952,South Asia,Mathematics,Low,46.7,6,12.7
3553,South America,Computer Science,Low,46.8,11,6.9
4546,Africa,Science,Low,46.8,12,0.0
9658,Africa,Mathematics,Low,46.8,16,8.3
14562,Africa,Science,Low,46.8,15,0.0
14898,South Asia,Mathematics,Low,46.8,15,24.1
16799,South America,History,Low,46.8,4,21.1
19918,South Asia,Mathematics,Low,46.8,14,14.6
22878,Africa,Computer Science,Low,46.8,5,20.8
23485,Africa,Economics,Low,46.8,14,16.0
26826,Africa,History,Low,46.8,12,20.4
27170,East Asia,English,Low,46.8,5,4.2
28876,Africa,English,Low,46.8,12,2.6
30366,Africa,Computer Science,Low,46.8,28,2.8
30879,South America,English,Low,46.8,11,18.8
31124,South America,English,Low,46.8,18,16.9
35041,South America,History,Low,46.8,21,13.7
35220,South Asia,Science,Low,46.8,14,24.8
35949,South America,Mathematics,Low,46.8,7,20.5
36198,Africa,Mathematics,Low,46.8,16,21.2
1634,South America,Computer Science,Low,46.9,14,20.1
2629,East Asia,English,Low,46.9,5,6.6
3406,South Asia,History,Low,46.9,17,15.3
7432,Africa,Mathematics,Low,46.9,13,11.5
10404,Europe,Economics,Low,46.9,10,0.0
10745,Africa,Economics,Low,46.9,16,12.6
17767,North America,Economics,Low,46.9,11,1.0
21490,Africa,Science,Low,46.9,16,24.4
23343,North America,Computer Science,Low,46.9,6,12.4
23511,Africa,Mathematics,Low,46.9,18,0.0
23747,South Asia,Computer Science,Low,46.9,8,7.9
25841,South America,English,Low,46.9,12,9.4
27473,Africa,Science,Low,46.9,7,12.0
29936,South Asia,History,Low,46.9,11,29.7
31038,Europe,Economics,Low,46.9,18,9.6
32670,Africa,Economics,Low,46.9,12,9.4
34131,South Asia,History,Low,46.9,12,16.5
34256,Africa,Economics,Low,46.9,14,16.7
34518,South Asia,Economics,Low,46.9,3,8.6
35995,South America,History,Low,46.9,11,6.8
38335,North America,Science,Low,46.9,12,10.6
2447,Africa,Science,Low,47.0,13,2.7
3780,South Asia,Economics,Low,47.0,8,17.3
7133,Africa,English,Low,47.0,16,1.9
7575,East Asia,Science,Low,47.0,26,13.2
10486,Europe,Science,Low,47.0,17,5.7
10780,South America,Economics,Low,47.0,22,10.7
12262,Europe,Science,Low,47.0,7,21.0
14664,South America,History,Low,47.0,16,19.6
18496,South Asia,English,Low,47.0,17,0.9
18815,Africa,English,Low,47.0,8,19.6
20885,North America,History,Low,47.0,7,12.3
24841,South America,Mathematics,Low,47.0,6,15.0
28559,Africa,History,Low,47.0,5,19.7
29725,Europe,Mathematics,Low,47.0,14,8.5
29955,Africa,Economics,Low,47.0,14,25.7
33814,South Asia,Computer Science,Low,47.0,6,20.0
34003,North America,Economics,Low,47.0,13,16.4
34748,South Asia,Economics,Low,47.0,13,11.3
35697,South Asia,Science,Low,47.0,16,17.8
718,South Asia,Science,Low,47.1,16,21.1
2168,South America,Economics,Low,47.1,8,17.9
2414,East Asia,Science,Low,47.1,17,9.3
11154,South America,Computer Science,Low,47.1,11,12.9
11346,South Asia,Mathematics,Low,47.1,7,24.5
15075,South Asia,Mathematics,Low,47.1,12,9.5
16778,South Asia,Computer Science,Low,47.1,10,5.6
17225,Africa,Mathematics,Low,47.1,6,7.8
18448,Africa,Economics,Low,47.1,8,11.9
19281,Africa,English,Low,47.1,15,14.0
19994,Europe,History,Low,47.1,12,7.5
25169,South Asia,Science,Low,47.1,6,0.0
25534,North America,Science,Low,47.1,5,34.6
26212,Africa,Computer Science,Low,47.1,16,18.8
26280,Africa,English,Low,47.1,8,7.0
28363,Africa,Computer Science,Low,47.1,6,2.8
29970,South America,Economics,Low,47.1,11,27.9
30708,Africa,Economics,Low,47.1,17,6.5
31533,South Asia,English,Low,47.1,5,15.4
35246,Africa,History,Low,47.1,6,11.6
39221,South America,Science,Low,47.1,20,2.2
3108,South Asia,Mathematics,Low,47.2,17,22.4
4081,South America,Economics,Low,47.2,13,5.3
8055,Africa,English,Low,47.2,6,17.6
8415,Africa,Mathematics,Low,47.2,16,8.7
11767,Africa,Economics,Low,47.2,9,11.1
24206,South Asia,History,Low,47.2,10,29.7
25023,South America,English,Low,47.2,5,8.8
26158,Africa,History,Low,47.2,14,2.5
26980,South America,History,Low,47.2,12,9.1
29014,Africa,English,Low,47.2,13,13.8
30665,South Asia,Economics,Low,47.2,11,13.6
32762,South America,English,Low,47.2,9,24.3
33572,East Asia,Science,Low,47.2,9,10.2
36409,Africa,Economics,Low,47.2,10,24.9
39405,East Asia,Mathematics,Low,47.2,17,9.7
2677,South America,History,Low,47.3,20,14.3
3358,South America,Mathematics,Low,47.3,9,24.7
5429,North America,History,Low,47.3,9,0.0
5611,Europe,Economics,Low,47.3,9,13.5
6005,South Asia,Science,Low,47.3,12,7.0
7263,Africa,English,Low,47.3,14,10.7
8609,Africa,Science,Low,47.3,23,13.2
9056,Africa,History,Low,47.3,8,29.9
12846,Africa,History,Low,47.3,16,19.1
12990,South America,Economics,Low,47.3,8,26.9
14537,South Asia,Mathematics,Low,47.3,11,14.9
18553,Africa,History,Low,47.3,4,12.3
19454,Europe,Mathematics,Low,47.3,16,24.2
22713,South America,English,Low,47.3,7,15.9
23461,South Asia,Mathematics,Low,47.3,15,24.9
38837,Africa,Computer Science,Low,47.3,15,11.9
203,South Asia,Economics,Low,47.4,8,15.7
6233,North America,History,Low,47.4,17,5.8
6780,Europe,Economics,Low,47.4,8,28.5
7958,South Asia,Mathematics,Low,47.4,21,12.7
8568,North America,Science,Low,47.4,6,1.5
9154,Africa,English,Low,47.4,12,15.7
9742,South Asia,Science,Low,47.4,17,10.3
11566,South Asia,Mathematics,Low,47.4,19,20.8
12310,South Asia,History,Low,47.4,7,27.6
13080,Africa,Science,Low,47.4,18,11.3
14267,South America,English,Low,47.4,21,15.7
19253,South America,Economics,Low,47.4,9,32.4
19906,Africa,Mathematics,Low,47.4,11,0.0
22482,Africa,Economics,Low,47.4,15,25.5
25236,South Asia,English,Low,47.4,12,3.8
25564,Africa,Mathematics,Low,47.4,9,30.4
25619,Africa,Economics,Low,47.4,18,12.9
29162,Africa,Science,Low,47.4,6,6.3
32091,Africa,Computer Science,Low,47.4,19,17.3
32105,East Asia,Mathematics,Low,47.4,11,8.4
33298,South America,Economics,Low,47.4,14,2.4
33896,South Asia,Mathematics,Low,47.4,18,22.1
37161,Europe,Computer Science,Low,47.4,8,18.9
11,East Asia,History,Low,47.5,24,3.2
10766,Africa,Mathematics,Low,47.5,6,4.2
11856,Africa,Mathematics,Low,47.5,23,15.1
12764,South America,Science,Low,47.5,10,24.6
12924,Africa,History,Low,47.5,15,0.0
13942,Africa,Computer Science,Low,47.5,20,11.4
17379,North America,Mathematics,Low,47.5,28,0.2
19282,Africa,Science,Low,47.5,15,15.0
20883,East Asia,Science,Low,47.5,19,18.9
21426,South Asia,Computer Science,Low,47.5,12,16.6
24419,South Asia,History,Low,47.5,7,17.3
24796,South Asia,Mathematics,Low,47.5,10,2.4
26145,Africa,Science,Low,47.5,12,12.9
30595,Africa,Computer Science,Low,47.5,13,10.9
30939,Europe,History,Low,47.5,15,12.0
38066,Africa,Mathematics,Low,47.5,11,18.3
38814,Africa,Science,Low,47.5,20,16.1
2722,Africa,Mathematics,Low,47.6,10,29.5
5033,South Asia,Mathematics,Low,47.6,12,9.0
5425,Europe,Science,Low,47.6,8,22.4
5596,South Asia,Computer Science,Low,47.6,18,13.9
9514,South Asia,Economics,Low,47.6,14,17.9
10001,South Asia,Mathematics,Low,47.6,12,24.3
10875,South Asia,Mathematics,Low,47.6,19,12.3
12663,North America,Mathematics,Low,47.6,17,8.5
14090,South America,Computer Science,Low,47.6,14,0.0
15067,Africa,English,Low,47.6,5,31.8
16089,South Asia,Mathematics,Low,47.6,12,9.4
16661,Europe,English,Low,47.6,18,17.9
19120,Africa,Economics,Low,47.6,7,6.7
22643,South Asia,Science,Low,47.6,17,22.4
23454,South Asia,Science,Low,47.6,9,12.9
25302,North America,History,Low,47.6,7,26.3
26018,Africa,Science,Low,47.6,11,18.4
27689,East Asia,Computer Science,Low,47.6,14,9.6
27983,Europe,Mathematics,Low,47.6,14,4.7
28197,Africa,History,Low,47.6,10,23.5
30890,South America,History,Low,47.6,11,19.4
31835,South Asia,History,Low,47.6,11,15.8
32528,North America,Mathematics,Low,47.6,5,12.9
33266,North America,Economics,Low,47.6,9,21.3
33830,Africa,Economics,Low,47.6,22,10.2
36755,Africa,Economics,Low,47.6,12,28.4
38571,Africa,Economics,Low,47.6,15,16.6
3167,Africa,English,Low,47.7,13,23.5
3483,Africa,Mathematics,Low,47.7,17,17.6
8772,South America,Science,Low,47.7,8,11.8
12700,Africa,Mathematics,Low,47.7,26,3.1
15916,Europe,Science,Low,47.7,9,0.0
20138,Europe,Mathematics,Low,47.7,19,10.1
24983,South America,Science,Low,47.7,15,14.5
26287,Africa,Mathematics,Low,47.7,8,5.9
28251,South Asia,English,Low,47.7,17,20.7
28967,Africa,History,Low,47.7,16,15.0
30926,Africa,Mathematics,Low,47.7,15,23.6
32305,South America,English,Low,47.7,4,4.3
32824,Africa,Economics,Low,47.7,14,2.6
33917,Europe,Science,Low,47.7,10,19.1
2648,Africa,Science,Low,47.8,7,26.4
3799,North America,Economics,Low,47.8,10,13.4
5591,North America,Mathematics,Low,47.8,27,29.8
6493,Europe,Mathematics,Low,47.8,8,13.0
14404,South Asia,Computer Science,Low,47.8,19,16.0
15089,South Asia,Science,Low,47.8,14,19.6
17735,South America,English,Low,47.8,8,8.6
20136,South America,Economics,Low,47.8,18,8.6
20779,South America,Economics,Low,47.8,6,18.7
21075,Europe,Economics,Low,47.8,10,13.2
25104,South Asia,Science,Low,47.8,16,18.2
26731,South America,Science,Low,47.8,4,8.7
27502,East Asia,History,Low,47.8,8,17.8
27882,Africa,Science,Low,47.8,26,2.1
29669,South Asia,History,Low,47.8,12,23.1
31468,Africa,Mathematics,Low,47.8,3,4.9
33197,South Asia,Mathematics,Low,47.8,11,6.4
38313,Africa,Science,Low,47.8,8,13.7
320,Africa,Economics,Low,47.9,11,7.0
1479,Europe,English,Low,47.9,10,10.7
1602,Africa,Mathematics,Low,47.9,9,22.4
5403,Africa,Mathematics,Low,47.9,10,30.6
9967,Africa,History,Low,47.9,24,4.7
10382,East Asia,Mathematics,Low,47.9,10,19.6
10451,Africa,Science,Low,47.9,14,17.6
10845,Africa,English,Low,47.9,17,3.8
11148,South America,Economics,Low,47.9,6,12.6
14757,South Asia,English,Low,47.9,16,11.0
17337,Europe,Computer Science,Low,47.9,9,13.7
17642,South Asia,English,Low,47.9,17,14.0
18604,South Asia,Mathematics,Low,47.9,14,21.9
22060,South America,History,Low,47.9,8,33.4
25186,Africa,History,Low,47.9,24,7.1
31973,South America,Economics,Low,47.9,15,24.0
32194,South Asia,Science,Low,47.9,4,3.7
34022,North America,Mathematics,Low,47.9,13,20.7
36426,Europe,Mathematics,Low,47.9,14,25.9
37216,Africa,Mathematics,Low,47.9,14,22.4
37469,Africa,Economics,Low,47.9,15,16.6
39685,North America,Mathematics,Low,47.9,4,12.8
8,Africa,Science,Low,48.0,10,5.7
2739,South Asia,History,Low,48.0,12,3.9
3587,South Asia,History,Low,48.0,17,20.0
9380,Africa,Computer Science,Low,48.0,8,13.4
12349,Africa,Mathematics,Low,48.0,20,18.5
14167,South America,Computer Science,Low,48.0,13,5.5
15994,North America,Mathematics,Low,48.0,12,20.9
16091,Africa,Economics,Low,48.0,6,13.1
16680,Africa,History,Low,48.0,10,28.1
16935,North America,English,Low,48.0,15,15.2
18018,Africa,History,Low,48.0,21,1.4
22751,Africa,History,Low,48.0,11,14.5
26878,Europe,History,Low,48.0,14,20.3
26907,Europe,Computer Science,Low,48.0,12,22.3
28782,Africa,History,Low,48.0,11,13.6
37813,Africa,Economics,Low,48.0,14,15.0
299,Europe,Economics,Low,48.1,12,6.4
2363,South America,Science,Low,48.1,11,1.1
3151,Africa,Economics,Low,48.1,14,1.0
3563,South Asia,Mathematics,Low,48.1,7,16.9
4805,Africa,History,Low,48.1,6,20.8
8861,South America,History,Low,48.1,11,24.0
9109,South Asia,Economics,Low,48.1,8,19.9
10263,South America,Science,Low,48.1,14,12.1
10359,South America,English,Low,48.1,3,31.5
11970,Africa,Science,Low,48.1,11,24.8
12049,North America,Economics,Low,48.1,7,0.2
12748,Africa,Economics,Low,48.1,24,9.6
13009,South America,Economics,Low,48.1,10,18.0
13062,Europe,Computer Science,Low,48.1,10,3.0
16534,South America,Mathematics,Low,48.1,10,23.0
16739,Europe,Science,Low,48.1,5,35.6
16881,Africa,Mathematics,Low,48.1,6,14.0
19291,Africa,English,Low,48.1,9,6.8
22599,Europe,Science,Low,48.1,1,3.7
22804,East Asia,Mathematics,Low,48.1,15,14.6
22949,Europe,History,Low,48.1,19,20.3
23187,Africa,Economics,Low,48.1,7,25.4
23641,North America,Mathematics,Low,48.1,17,18.2
30039,Africa,Mathematics,Low,48.1,15,0.0
30420,Africa,Science,Low,48.1,7,29.4
36758,South America,Mathematics,Low,48.1,10,13.2
38789,Africa,Economics,Low,48.1,11,14.3
20,South Asia,Mathematics,Low,48.2,14,12.9
54,South Asia,English,Low,48.2,6,19.7
1374,South Asia,Economics,Low,48.2,17,15.3
2005,Africa,Economics,Low,48.2,19,20.2
2796,South America,Science,Low,48.2,11,0.0
3354,Africa,Computer Science,Low,48.2,13,16.3
4510,South America,History,Low,48.2,20,12.4
5656,Europe,Mathematics,Low,48.2,23,17.2
7170,South America,Mathematics,Low,48.2,9,18.0
10699,Africa,Computer Science,Low,48.2,8,19.9
14323,South Asia,Mathematics,Low,48.2,15,20.4
17460,South Asia,History,Low,48.2,8,20.6
19795,South America,Mathematics,Low,48.2,15,5.1
19955,South Asia,Computer Science,Low,48.2,9,12.6
21321,East Asia,Economics,Low,48.2,14,5.9
23741,South America,History,Low,48.2,18,20.6
23880,Africa,Economics,Low,48.2,9,16.0
24168,Africa,Economics,Low,48.2,8,12.6
30583,South America,English,Low,48.2,5,0.0
31093,South Asia,Mathematics,Low,48.2,3,19.6
31280,South Asia,Mathematics,Low,48.2,9,13.7
33373,South America,History,Low,48.2,10,13.5
35085,Africa,Economics,Low,48.2,4,9.5
35313,Africa,Economics,Low,48.2,10,4.6
36012,Africa,History,Low,48.2,16,16.8
36594,Europe,History,Low,48.2,9,14.4
39415,Europe,Economics,Low,48.2,12,23.8
39742,South Asia,Mathematics,Low,48.2,7,20.5
39879,South America,Economics,Low,48.2,13,13.5
223,Africa,Economics,Low,48.3,9,20.5
867,Africa,Mathematics,Low,48.3,9,23.6
2229,Europe,History,Low,48.3,24,11.1
4416,South Asia,Computer Science,Low,48.3,10,0.0
4640,South America,History,Low,48.3,19,12.0
10413,South America,History,Low,48.3,10,19.7
12082,South Asia,Mathematics,Low,48.3,12,25.4
12146,North America,Mathematics,Low,48.3,17,21.8
13746,South Asia,History,Low,48.3,11,15.1
14639,Africa,History,Low,48.3,12,17.1
15449,Africa,Economics,Low,48.3,11,20.3
18906,Africa,History,Low,48.3,7,11.8
20126,Africa,Computer Science,Low,48.3,7,6.1
22286,Africa,Science,Low,48.3,17,4.9
23204,North America,Mathematics,Low,48.3,16,5.5
25265,Africa,Economics,Low,48.3,20,11.0
26866,South Asia,History,Low,48.3,17,23.1
28451,East Asia,Science,Low,48.3,11,18.5
29877,Africa,Economics,Low,48.3,29,6.4
33322,North America,Mathematics,Low,48.3,14,19.3
35899,Africa,Computer Science,Low,48.3,14,15.8
36197,North America,Mathematics,Low,48.3,29,8.1
36548,South Asia,Economics,Low,48.3,21,17.3
88,Europe,Mathematics,Low,48.4,17,0.0
1373,South Asia,Mathematics,Low,48.4,20,14.8
1749,Africa,Mathematics,Low,48.4,4,22.1
4751,North America,Economics,Low,48.4,14,19.5
4968,South Asia,Economics,Low,48.4,14,3.4
6654,South Asia,Economics,Low,48.4,10,18.1
8367,South Asia,Economics,Low,48.4,27,12.9
9387,Africa,English,Low,48.4,17,23.0
9987,South Asia,Economics,Low,48.4,7,12.8
12036,Africa,English,Low,48.4,13,6.6
12172,Africa,Science,Low,48.4,8,6.9
15427,Europe,Mathematics,Low,48.4,15,20.7
16015,Europe,Science,Low,48.4,17,11.3
16506,Africa,Science,Low,48.4,16,19.5
16598,North America,Economics,Low,48.4,13,4.9
17966,East Asia,History,Low,48.4,6,27.5
21397,South Asia,Economics,Low,48.4,12,28.2
21693,Africa,Economics,Low,48.4,18,21.6
22855,South America,Mathematics,Low,48.4,26,7.6
24172,Africa,English,Low,48.4,14,11.8
25099,Africa,Economics,Low,48.4,11,24.7
27672,Africa,English,Low,48.4,10,7.4
28496,South Asia,English,Low,48.4,15,0.0
39591,Europe,Economics,Low,48.4,15,0.0
1317,Africa,Economics,Low,48.5,21,0.9
1825,Africa,Mathematics,Low,48.5,12,19.6
3028,Africa,Science,Low,48.5,17,12.5
5802,South Asia,Mathematics,Low,48.5,8,23.0
5987,South America,Computer Science,Low,48.5,11,17.8
6223,Africa,Mathematics,Low,48.5,18,11.4
10217,East Asia,Economics,Low,48.5,15,11.1
11236,South America,Economics,Low,48.5,3,0.0
13939,Africa,History,Low,48.5,11,21.0
13990,Africa,Science,Low,48.5,10,12.1
14773,South Asia,Economics,Low,48.5,12,6.0
15248,North America,Science,Low,48.5,10,5.5
19882,South America,Mathematics,Low,48.5,12,14.5
21983,Africa,Economics,Low,48.5,12,18.0
23735,Africa,Science,Low,48.5,7,10.0
24372,South Asia,Economics,Low,48.5,18,20.3
24786,Africa,Economics,Low,48.5,7,10.7
26025,South America,History,Low,48.5,8,15.7
28308,North America,Science,Low,48.5,15,6.2
29532,Africa,History,Low,48.5,8,3.8
31212,South Asia,Economics,Low,48.5,4,26.0
31966,Africa,Economics,Low,48.5,16,23.4
31998,Africa,Economics,Low,48.5,14,19.9
38818,East Asia,English,Low,48.5,9,21.3
2524,South Asia,English,Low,48.6,8,13.8
3463,South America,Mathematics,Low,48.6,12,0.0
3983,Africa,History,Low,48.6,20,15.2
13423,East Asia,Mathematics,Low,48.6,10,2.2
16124,Europe,History,Low,48.6,8,10.4
18051,Europe,History,Low,48.6,7,25.0
19406,South America,English,Low,48.6,10,20.1
22285,South Asia,Economics,Low,48.6,21,8.2
24136,South America,History,Low,48.6,13,0.0
24143,Africa,Mathematics,Low,48.6,12,21.6
24281,South Asia,Economics,Low,48.6,12,25.6
27456,Africa,English,Low,48.6,9,14.4
32829,South Asia,Mathematics,Low,48.6,21,13.4
34394,East Asia,Mathematics,Low,48.6,10,18.0
36907,Africa,Economics,Low,48.6,17,21.0
37874,North America,History,Low,48.6,10,7.8
39930,Europe,Science,Low,48.6,7,10.9
42,Africa,Economics,Low,48.7,7,30.4
669,South America,English,Low,48.7,23,9.9
942,South Asia,Computer Science,Low,48.7,7,7.9
6173,South America,Mathematics,Low,48.7,8,31.0
6859,South Asia,History,Low,48.7,4,32.3
7983,East Asia,Mathematics,Low,48.7,6,13.5
9161,Africa,Computer Science,Low,48.7,12,24.7
11655,Africa,Science,Low,48.7,3,21.6
12174,South Asia,Mathematics,Low,48.7,5,0.0
12287,South Asia,Mathematics,Low,48.7,11,29.8
12505,South Asia,Science,Low,48.7,10,6.9
14230,Africa,Computer Science,Low,48.7,10,22.8
15425,Africa,English,Low,48.7,6,30.7
15562,Africa,Science,Low,48.7,9,27.5
16437,North America,Mathematics,Low,48.7,17,22.0
16741,Europe,History,Low,48.7,17,0.0
17857,Africa,History,Low,48.7,21,12.5
17909,Africa,English,Low,48.7,10,21.6
18499,Europe,Mathematics,Low,48.7,5,18.8
18898,Europe,History,Low,48.7,29,10.4
20902,South Asia,Science,Low,48.7,8,0.0
23468,North America,History,Low,48.7,9,16.9
23585,South America,History,Low,48.7,21,18.3
27859,Europe,Science,Low,48.7,20,6.4
29431,Africa,Economics,Low,48.7,12,26.1
34166,South Asia,Economics,Low,48.7,8,4.1
38351,Europe,English,Low,48.7,7,29.6
39756,East Asia,Science,Low,48.7,9,29.3
821,North America,Economics,Low,48.8,10,17.7
4582,South America,Mathematics,Low,48.8,9,15.4
5243,South America,English,Low,48.8,19,9.4
5506,South America,Science,Low,48.8,11,27.6
6566,Europe,History,Low,48.8,10,8.8
6634,Africa,Science,Low,48.8,13,0.7
7742,South Asia,History,Low,48.8,5,12.3
8647,Africa,Science,Low,48.8,5,22.5
9531,Africa,English,Low,48.8,14,20.9
11112,South America,History,Low,48.8,24,10.2
12913,Africa,History,Low,48.8,6,22.3
14010,South America,Mathematics,Low,48.8,17,22.0
15171,South America,Mathematics,Low,48.8,18,6.6
15312,Africa,English,Low,48.8,18,22.5
15929,South Asia,Science,Low,48.8,3,14.7
16320,South Asia,Mathematics,Low,48.8,15,23.8
19100,North America,History,Low,48.8,12,3.9
19642,Africa,Mathematics,Low,48.8,9,7.0
20145,South Asia,Economics,Low,48.8,14,7.2
20712,Africa,History,Low,48.8,12,22.8
21953,Africa,Mathematics,Low,48.8,20,14.6
22039,South America,Mathematics,Low,48.8,12,16.1
24286,South America,Mathematics,Low,48.8,22,13.5
24604,South Asia,Mathematics,Low,48.8,19,18.3
24617,South America,History,Low,48.8,2,20.6
27582,South Asia,Science,Low,48.8,14,0.0
29474,Africa,History,Low,48.8,16,16.3
29854,South Asia,Economics,Low,48.8,10,21.5
30381,Europe,English,Low,48.8,16,0.0
35345,South Asia,Mathematics,Low,48.8,7,11.7
35883,Europe,Economics,Low,48.8,12,24.9
2142,South America,Economics,Low,48.9,20,19.0
5608,East Asia,Economics,Low,48.9,14,27.0
6026,Africa,Computer Science,Low,48.9,22,10.8
6737,South Asia,Science,Low,48.9,18,22.4
7513,South Asia,Economics,Low,48.9,19,14.5
8998,South America,English,Low,48.9,14,30.1
9883,South Asia,Mathematics,Low,48.9,26,8.5
10626,South Asia,Science,Low,48.9,7,23.8
14793,South Asia,Science,Low,48.9,7,14.8
17253,South America,Science,Low,48.9,12,24.5
18847,South Asia,Economics,Low,48.9,6,12.7
19878,Africa,Economics,Low,48.9,10,14.0
20479,Africa,Economics,Low,48.9,16,15.3
20947,Africa,History,Low,48.9,4,12.7
21936,South America,Mathematics,Low,48.9,9,17.3
22355,Africa,Science,Low,48.9,14,17.8
23676,South America,Economics,Low,48.9,13,13.0
25251,Africa,English,Low,48.9,12,8.4
26303,South Asia,Mathematics,Low,48.9,15,17.4
26618,North America,Economics,Low,48.9,16,11.0
27176,Africa,History,Low,48.9,5,32.3
32975,East Asia,Mathematics,Low,48.9,4,13.4
34219,South Asia,Economics,Low,48.9,18,11.0
36171,Africa,Mathematics,Low,48.9,7,22.7
3879,Europe,History,Low,49.0,13,24.5
4602,South America,Economics,Low,49.0,10,18.3
7345,Africa,Mathematics,Low,49.0,8,31.6
9447,South America,Mathematics,Low,49.0,8,31.1
10925,North America,English,Low,49.0,13,20.8
11130,South America,English,Low,49.0,14,15.4
15740,Africa,English,Low,49.0,7,15.4
16239,South Asia,English,Low,49.0,9,23.4
19663,Europe,Science,Low,49.0,13,10.1
21463,East Asia,Science,Low,49.0,12,13.9
23142,Africa,History,Low,49.0,9,10.1
23447,Europe,Mathematics,Low,49.0,8,17.9
23636,Europe,Science,Low,49.0,26,10.4
24366,South America,History,Low,49.0,16,18.9
24913,North America,Science,Low,49.0,15,22.7
26767,Africa,History,Low,49.0,20,16.1
28567,Europe,English,Low,49.0,14,2.3
29867,South Asia,English,Low,49.0,9,14.0
30759,East Asia,English,Low,49.0,15,4.7
32483,Africa,Economics,Low,49.0,11,23.7
32570,Africa,English,Low,49.0,6,18.6
33084,South Asia,Computer Science,Low,49.0,12,0.0
37974,North America,Economics,Low,49.0,5,5.9
982,Africa,Science,Low,49.1,18,13.1
3512,East Asia,Economics,Low,49.1,15,23.4
4998,Africa,History,Low,49.1,6,21.7
5294,Africa,Computer Science,Low,49.1,17,5.6
5700,South Asia,History,Low,49.1,17,23.4
10182,South Asia,History,Low,49.1,4,11.8
11701,Africa,Mathematics,Low,49.1,18,16.0
13360,South Asia,Economics,Low,49.1,7,27.5
13578,Africa,Mathematics,Low,49.1,7,24.6
15457,South America,Mathematics,Low,49.1,18,2.8
15729,North America,Computer Science,Low,49.1,14,4.9
15763,South Asia,Mathematics,Low,49.1,10,22.3
15827,South Asia,History,Low,49.1,11,21.8
15856,South Asia,Science,Low,49.1,6,17.6
18015,South America,Mathematics,Low,49.1,18,15.8
20265,South Asia,Mathematics,Low,49.1,9,21.9
21005,South America,History,Low,49.1,12,18.7
25627,South America,History,Low,49.1,18,19.5
28022,South America,Mathematics,Low,49.1,5,0.0
31733,South Asia,Mathematics,Low,49.1,6,12.1
32211,South Asia,Mathematics,Low,49.1,5,9.3
32593,Africa,History,Low,49.1,10,19.2
34034,Africa,Mathematics,Low,49.1,12,19.7
36821,Africa,English,Low,49.1,3,13.8
39667,Africa,History,Low,49.1,14,20.3
257,Africa,English,Low,49.2,13,26.3
3116,South Asia,Mathematics,Low,49.2,20,4.6
3199,South America,Mathematics,Low,49.2,21,6.3
3651,North America,History,Low,49.2,17,5.6
5204,Africa,History,Low,49.2,7,12.4
6657,South America,Science,Low,49.2,20,15.2
7767,South America,Economics,Low,49.2,13,7.6
8688,Europe,Economics,Low,49.2,11,4.9
9402,South America,Science,Low,49.2,11,13.4
11804,North America,Mathematics,Low,49.2,5,24.8
13723,Africa,Economics,Low,49.2,21,19.4
18251,South Asia,Computer Science,Low,49.2,14,15.6
20777,Africa,Computer Science,Low,49.2,8,20.1
23349,South Asia,History,Low,49.2,15,20.4
27429,Europe,English,Low,49.2,11,19.0
28609,South Asia,Economics,Low,49.2,13,19.9
28627,Europe,English,Low,49.2,19,12.0
29420,Africa,Economics,Low,49.2,12,26.2
31753,South Asia,English,Low,49.2,7,24.7
32841,South Asia,Economics,Low,49.2,12,14.8
35818,Africa,Mathematics,Low,49.2,16,1.0
37045,North America,Economics,Low,49.2,5,13.6
38944,Africa,Science,Low,49.2,8,17.9
39308,South America,Science,Low,49.2,10,21.7
2514,Africa,Mathematics,Low,49.3,7,18.6
7023,East Asia,Science,Low,49.3,11,25.9
7619,Europe,Computer Science,Low,49.3,15,14.4
10236,Africa,History,Low,49.3,7,19.8
11389,North America,Mathematics,Low,49.3,4,12.1
13929,Africa,History,Low,49.3,14,22.2
14159,Europe,Economics,Low,49.3,9,24.0
15860,Africa,History,Low,49.3,17,11.8
17203,Africa,History,Low,49.3,15,8.1
17323,South Asia,Science,Low,49.3,11,13.8
19308,Africa,Science,Low,49.3,21,8.0
19694,South America,English,Low,49.3,11,17.0
19781,North America,Science,Low,49.3,12,27.7
22392,East Asia,Computer Science,Low,49.3,10,10.5
23105,South Asia,Science,Low,49.3,9,1.1
24638,South Asia,Economics,Low,49.3,23,15.3
25229,Africa,Mathematics,Low,49.3,13,21.9
27821,South Asia,Computer Science,Low,49.3,12,20.9
28512,South America,History,Low,49.3,9,27.0
28857,Africa,Economics,Low,49.3,8,0.3
30631,Africa,Science,Low,49.3,6,23.4
31027,South America,History,Low,49.3,8,30.5
31055,North America,Science,Low,49.3,8,2.3
32102,Africa,English,Low,49.3,22,5.0
35229,Europe,English,Low,49.3,4,21.1
35397,Africa,Mathematics,Low,49.3,15,19.3
37770,South Asia,Economics,Low,49.3,6,22.0
1345,Europe,History,Low,49.4,17,7.0
2191,South Asia,Mathematics,Low,49.4,10,9.1
2725,Africa,English,Low,49.4,15,24.8
3540,Africa,History,Low,49.4,19,10.1
3644,South Asia,History,Low,49.4,13,14.9
3709,South Asia,Science,Low,49.4,15,17.1
3855,South Asia,Science,Low,49.4,4,31.7
4315,Africa,Economics,Low,49.4,15,16.6
5638,South Asia,Computer Science,Low,49.4,9,27.9
8297,Africa,Science,Low,49.4,8,28.1
8722,Europe,History,Low,49.4,8,14.2
9110,Europe,Economics,Low,49.4,15,17.1
9521,Europe,Mathematics,Low,49.4,7,33.3
9914,South America,Mathematics,Low,49.4,11,22.0
11961,South America,Economics,Low,49.4,15,3.0
14194,South Asia,History,Low,49.4,16,19.7
14415,North America,Mathematics,Low,49.4,13,25.0
14823,Europe,Economics,Low,49.4,10,26.5
15061,Africa,History,Low,49.4,15,16.0
15368,South America,English,Low,49.4,15,15.9
16117,South America,Science,Low,49.4,5,23.8
17021,Europe,Science,Low,49.4,12,19.6
19971,Africa,Economics,Low,49.4,12,15.8
20895,South America,English,Low,49.4,12,17.9
23643,North America,Mathematics,Low,49.4,7,18.3
23661,North America,English,Low,49.4,5,3.3
24958,South America,Mathematics,Low,49.4,16,24.7
26904,East Asia,Mathematics,Low,49.4,33,1.0
28683,Africa,Mathematics,Low,49.4,10,22.4
28994,South America,Mathematics,Low,49.4,13,23.8
30610,Europe,Mathematics,Low,49.4,10,24.1
31560,South Asia,Science,Low,49.4,12,7.3
31899,South Asia,Science,Low,49.4,5,12.7
35086,Europe,Science,Low,49.4,7,0.0
35218,Africa,Science,Low,49.4,11,25.0
37703,South America,Mathematics,Low,49.4,13,9.9
38363,Africa,English,Low,49.4,9,0.0
38547,Africa,Mathematics,Low,49.4,8,0.0
38962,Africa,Economics,Low,49.4,20,18.1
39315,East Asia,Mathematics,Low,49.4,20,10.3
39409,Africa,Computer Science,Low,49.4,14,20.7
175,Africa,Economics,Low,49.5,4,26.5
1973,Africa,Mathematics,Low,49.5,19,18.7
2989,South America,Mathematics,Low,49.5,10,28.9
10282,East Asia,English,Low,49.5,5,3.9
13007,East Asia,English,Low,49.5,9,23.0
13184,Africa,Science,Low,49.5,8,24.6
15708,South Asia,Mathematics,Low,49.5,10,16.2
19036,South Asia,Mathematics,Low,49.5,12,18.7
20160,Africa,Science,Low,49.5,14,22.4
20310,South Asia,Mathematics,Low,49.5,11,23.9
21928,Africa,History,Low,49.5,5,30.0
22571,Africa,Science,Low,49.5,8,32.3
25454,South America,Science,Low,49.5,6,25.5
26577,South America,Economics,Low,49.5,14,26.8
29350,South America,Mathematics,Low,49.5,10,15.5
30704,East Asia,Science,Low,49.5,6,28.4
31306,South America,English,Low,49.5,7,25.8
31994,South America,Mathematics,Low,49.5,14,27.0
34471,East Asia,Economics,Low,49.5,12,5.5
38426,South America,Economics,Low,49.5,15,21.0
1614,Africa,History,Low,49.6,14,13.6
3557,Africa,Mathematics,Low,49.6,6,8.4
3752,Africa,Economics,Low,49.6,11,8.8
4284,South Asia,Economics,Low,49.6,13,27.1
7584,Europe,Mathematics,Low,49.6,10,16.9
8296,Africa,History,Low,49.6,11,8.4
8638,South America,Computer Science,Low,49.6,8,11.4
8700,Africa,English,Low,49.6,11,11.4
9238,South Asia,Science,Low,49.6,7,18.1
9577,South Asia,Mathematics,Low,49.6,11,15.8
10427,Africa,Economics,Low,49.6,8,26.7
11313,Africa,Economics,Low,49.6,10,26.1
12900,Africa,Economics,Low,49.6,10,0.0
13499,North America,Mathematics,Low,49.6,14,8.2
14780,Europe,Science,Low,49.6,7,16.6
15712,Africa,English,Low,49.6,11,23.5
15914,South Asia,Mathematics,Low,49.6,19,18.4
19263,Africa,History,Low,49.6,9,29.3
20957,Africa,Mathematics,Low,49.6,20,9.7
21654,Africa,English,Low,49.6,8,23.9
25395,South Asia,Science,Low,49.6,17,14.0
25411,Europe,History,Low,49.6,9,2.1
25918,South America,English,Low,49.6,18,17.1
27493,Europe,Mathematics,Low,49.6,20,11.6
29085,South America,Science,Low,49.6,15,22.6
31545,South America,History,Low,49.6,13,12.2
31745,Africa,Economics,Low,49.6,7,17.1
34638,South Asia,History,Low,49.6,17,19.8
35060,South Asia,Economics,Low,49.6,9,6.6
37231,Africa,History,Low,49.6,3,24.7
37432,South America,English,Low,49.6,16,22.3
653,Europe,Science,Low,49.7,7,8.8
746,South Asia,Science,Low,49.7,15,1.6
1083,South America,Mathematics,Low,49.7,8,7.3
2199,East Asia,Economics,Low,49.7,9,21.4
4001,Europe,Science,Low,49.7,10,5.2
4281,South Asia,Economics,Low,49.7,31,3.9
6947,South Asia,Mathematics,Low,49.7,3,21.9
7282,Europe,Mathematics,Low,49.7,10,28.7
7824,South Asia,Economics,Low,49.7,10,18.7
8126,North America,Science,Low,49.7,9,19.7
8205,South Asia,Science,Low,49.7,7,17.9
9971,Europe,Mathematics,Low,49.7,5,12.3
10307,East Asia,Science,Low,49.7,16,17.8
10397,Africa,Economics,Low,49.7,18,0.0
11470,North America,Science,Low,49.7,15,22.4
13301,Africa,Science,Low,49.7,13,21.0
17298,South Asia,English,Low,49.7,17,2.7
17752,Europe,History,Low,49.7,10,11.3
20727,Africa,Computer Science,Low,49.7,9,23.4
25838,Europe,Computer Science,Low,49.7,17,15.6
26527,East Asia,Mathematics,Low,49.7,9,21.9
27754,Europe,English,Low,49.7,12,27.3
28766,Africa,Mathematics,Low,49.7,15,0.0
29906,South Asia,English,Low,49.7,10,19.5
30163,East Asia,Economics,Low,49.7,6,0.0
30743,South Asia,Science,Low,49.7,8,13.0
30894,East Asia,Science,Low,49.7,6,13.5
31327,Europe,History,Low,49.7,21,8.7
32574,South Asia,English,Low,49.7,6,25.3
34139,South Asia,Economics,Low,49.7,14,27.1
34572,Europe,Economics,Low,49.7,9,3.6
34873,South Asia,Science,Low,49.7,10,4.5
35662,Africa,History,Low,49.7,10,28.4
36149,South Asia,Economics,Low,49.7,13,3.2
39325,South America,Science,Low,49.7,6,13.8
39621,Africa,Computer Science,Low,49.7,7,14.8
3866,Africa,Computer Science,Low,49.8,12,25.1
3872,North America,Computer Science,Low,49.8,8,3.3
5434,East Asia,History,Low,49.8,11,8.7
5855,South Asia,English,Low,49.8,8,12.1
5906,North America,Economics,Low,49.8,13,18.7
12067,Europe,Science,Low,49.8,12,17.7
12800,Africa,English,Low,49.8,8,9.7
16967,Africa,Computer Science,Low,49.8,11,23.4
17058,Africa,Science,Low,49.8,5,32.5
17141,South Asia,English,Low,49.8,15,19.7
18053,Europe,Economics,Low,49.8,8,7.9
18924,North America,Economics,Low,49.8,5,29.1
19629,South Asia,English,Low,49.8,11,17.0
20043,South America,History,Low,49.8,10,12.2
20315,North America,Science,Low,49.8,22,12.3
21873,South America,Science,Low,49.8,14,23.7
24109,South America,Economics,Low,49.8,13,21.9
24648,South Asia,Mathematics,Low,49.8,12,18.6
25028,Africa,Economics,Low,49.8,15,11.8
25698,North America,Mathematics,Low,49.8,8,23.6
26088,Africa,Computer Science,Low,49.8,10,20.9
26190,South Asia,Mathematics,Low,49.8,12,8.6
26986,Africa,Science,Low,49.8,8,24.3
27246,Africa,Computer Science,Low,49.8,22,5.0
27303,South Asia,Computer Science,Low,49.8,12,26.1
28309,South America,Economics,Low,49.8,9,27.1
30145,South America,Computer Science,Low,49.8,6,6.1
30321,Africa,Economics,Low,49.8,9,19.8
33213,Europe,Economics,Low,49.8,19,14.0
33923,Africa,English,Low,49.8,5,16.4
1780,Africa,Computer Science,Low,49.9,12,21.6
2217,South Asia,Mathematics,Low,49.9,14,19.3
3386,Europe,Computer Science,Low,49.9,5,22.8
3974,Europe,Mathematics,Low,49.9,26,9.7
4187,Europe,History,Low,49.9,14,22.1
6645,Africa,Mathematics,Low,49.9,9,12.6
9274,South Asia,English,Low,49.9,9,0.0
10513,South America,History,Low,49.9,7,16.3
13353,South Asia,Mathematics,Low,49.9,9,9.8
13429,North America,Science,Low,49.9,16,8.3
15490,Africa,Economics,Low,49.9,12,25.2
17224,Africa,History,Low,49.9,10,18.1
18040,Africa,Science,Low,49.9,8,6.8
18281,East Asia,History,Low,49.9,9,20.6
19179,South America,Mathematics,Low,49.9,11,7.7
20316,Africa,Mathematics,Low,49.9,31,0.0
21216,South America,Computer Science,Low,49.9,4,12.0
21220,Africa,Mathematics,Low,49.9,11,27.8
21615,South Asia,Economics,Low,49.9,11,5.7
22174,Africa,English,Low,49.9,13,13.3
24712,South Asia,Economics,Low,49.9,21,18.7
24752,Europe,Mathematics,Low,49.9,11,1.5
24969,Africa,Economics,Low,49.9,7,5.3
25630,Europe,English,Low,49.9,7,12.9
26009,South America,Science,Low,49.9,7,20.8
27396,South Asia,Computer Science,Low,49.9,7,16.2
27892,Africa,Economics,Low,49.9,11,22.3
28618,South Asia,Economics,Low,49.9,16,12.6
29241,Europe,History,Low,49.9,5,9.6
29797,South America,English,Low,49.9,16,19.6
30228,South America,History,Low,49.9,17,8.2
30606,Africa,Science,Low,49.9,14,24.0
30644,East Asia,Economics,Low,49.9,8,18.3
31278,South Asia,Mathematics,Low,49.9,13,0.0
32274,South America,History,Low,49.9,3,17.9
34673,Europe,Mathematics,Low,49.9,11,30.2
37956,South America,English,Low,49.9,18,16.8
38166,Africa,Mathematics,Low,49.9,20,19.1
38773,Africa,Mathematics,Low,49.9,17,0.0
39889,North America,Economics,Low,49.9,20,11.2
39990,South America,Mathematics,Low,49.9,12,11.3
395,Africa,Mathematics,Low,50.0,15,12.7
675,East Asia,Economics,Low,50.0,10,8.4
2935,Africa,English,Low,50.0,16,22.6
3061,Europe,Mathematics,Low,50.0,16,11.9
3685,South America,Mathematics,Low,50.0,17,8.1
3854,South Asia,English,Low,50.0,12,9.4
4165,Africa,Science,Low,50.0,7,31.1
7433,South Asia,English,Low,50.0,13,21.3
9123,South America,Science,Low,50.0,11,21.3
11223,South Asia,Computer Science,Low,50.0,9,6.1
13783,South Asia,English,Low,50.0,5,24.0
15845,South America,English,Low,50.0,9,6.1
16695,Africa,History,Low,50.0,11,0.0
16956,South Asia,Mathematics,Low,50.0,5,25.2
17843,East Asia,Economics,Low,50.0,18,20.0
20894,South America,Science,Low,50.0,9,29.9
29481,South Asia,History,Low,50.0,10,25.6
30479,North America,Economics,Low,50.0,10,14.6
32575,Europe,English,Low,50.0,16,15.9
33027,Africa,English,Low,50.0,6,33.3
34263,Europe,Mathematics,Low,50.0,16,0.0
34863,Africa,History,Low,50.0,12,27.7
38726,East Asia,Economics,Low,50.0,5,15.0
342,Europe,Computer Science,Low,50.1,9,23.2
3418,South America,Science,Low,50.1,7,1.2
3982,North America,Mathematics,Low,50.1,17,23.2
4267,South Asia,Mathematics,Low,50.1,19,18.5
4690,Africa,Science,Low,50.1,8,11.3
4860,Africa,Economics,Low,50.1,6,17.2
5777,South Asia,Computer Science,Low,50.1,16,29.6
6199,North America,Economics,Low,50.1,12,8.6
6380,Europe,Economics,Low,50.1,22,11.2
7326,South America,Computer Science,Low,50.1,7,16.8
9411,South America,Economics,Low,50.1,21,12.2
10640,Europe,Mathematics,Low,50.1,14,13.2
13967,South Asia,Economics,Low,50.1,6,33.6
14048,South Asia,Computer Science,Low,50.1,16,15.9
15675,Europe,English,Low,50.1,11,7.1
17503,South Asia,Computer Science,Low,50.1,9,13.3
18698,Africa,Science,Low,50.1,3,17.6
22939,Europe,Science,Low,50.1,15,5.6
23650,Africa,History,Low,50.1,13,24.8
27208,Europe,Science,Low,50.1,4,18.3
30364,Africa,Economics,Low,50.1,14,3.8
32498,South Asia,Economics,Low,50.1,6,16.2
33061,Africa,History,Low,50.1,13,7.0
34248,South America,Computer Science,Low,50.1,14,20.8
38820,South America,History,Low,50.1,10,11.7
487,South Asia,Computer Science,Low,50.2,18,12.9
1162,South Asia,Mathematics,Low,50.2,15,23.6
1181,East Asia,Mathematics,Low,50.2,18,8.6
2352,Africa,Economics,Low,50.2,16,4.7
3186,South America,Mathematics,Low,50.2,12,7.2
5137,South Asia,Economics,Low,50.2,4,17.2
6411,South America,Mathematics,Low,50.2,7,13.4
9209,South Asia,Economics,Low,50.2,24,1.8
10309,North America,Economics,Low,50.2,15,1.9
15923,Europe,Science,Low,50.2,18,19.7
16036,Africa,Mathematics,Low,50.2,16,15.8
19028,Africa,Computer Science,Low,50.2,11,5.6
19311,South Asia,Mathematics,Low,50.2,12,19.2
19877,Africa,English,Low,50.2,9,4.0
23428,South Asia,Science,Low,50.2,11,26.8
25235,Africa,Mathematics,Low,50.2,16,22.5
27867,South America,Mathematics,Low,50.2,12,12.5
28366,East Asia,Economics,Low,50.2,10,7.9
29878,Africa,English,Low,50.2,10,15.6
32935,Africa,Science,Low,50.2,8,9.0
33635,South Asia,Economics,Low,50.2,22,10.3
35184,South Asia,Mathematics,Low,50.2,24,11.8
35336,South Asia,English,Low,50.2,9,5.9
35888,Europe,Science,Low,50.2,14,21.7
38915,East Asia,Economics,Low,50.2,12,3.8
39261,South America,Science,Low,50.2,27,11.5
39642,South America,Mathematics,Low,50.2,6,7.2
1635,South Asia,History,Low,50.3,13,26.1
1891,Europe,English,Low,50.3,11,25.8
1963,North America,Mathematics,Low,50.3,17,0.0
3439,South America,English,Low,50.3,18,17.3
5132,South Asia,Mathematics,Low,50.3,12,0.0
5285,South America,Science,Low,50.3,9,23.8
6212,Africa,History,Low,50.3,9,28.6
7732,Europe,Computer Science,Low,50.3,16,20.3
8694,Africa,History,Low,50.3,11,21.9
10551,South America,Mathematics,Low,50.3,11,8.0
11021,South Asia,Economics,Low,50.3,15,4.3
12993,East Asia,Mathematics,Low,50.3,11,25.2
13133,Africa,Economics,Low,50.3,9,13.8
13162,Africa,Economics,Low,50.3,9,15.6
14282,South Asia,Computer Science,Low,50.3,12,23.4
14362,Europe,Mathematics,Low,50.3,4,27.2
14859,South America,English,Low,50.3,14,18.5
15830,South America,History,Low,50.3,10,9.4
16372,South America,Science,Low,50.3,10,14.0
17312,Europe,Mathematics,Low,50.3,9,13.0
17441,South Asia,Science,Low,50.3,5,31.2
21302,Africa,History,Low,50.3,12,27.2
24577,North America,Economics,Low,50.3,8,16.4
27241,Europe,Science,Low,50.3,10,29.9
27623,Africa,Mathematics,Low,50.3,2,22.0
33177,North America,Mathematics,Low,50.3,6,15.3
35438,Europe,Computer Science,Low,50.3,14,24.8
38016,East Asia,Science,Low,50.3,9,22.0
38090,Europe,Computer Science,Low,50.3,16,22.1
38840,South America,Economics,Low,50.3,18,15.1
63,South Asia,Economics,Low,50.4,9,19.7
128,Africa,Mathematics,Low,50.4,22,17.0
940,East Asia,Mathematics,Low,50.4,11,0.0
2019,Africa,Economics,Low,50.4,17,12.2
2125,Africa,Computer Science,Low,50.4,16,16.1
3713,Africa,Science,Low,50.4,13,20.1
6062,Africa,Economics,Low,50.4,18,11.0
8276,South America,Computer Science,Low,50.4,24,12.5
9057,South America,Mathematics,Low,50.4,17,23.4
11690,South Asia,Economics,Low,50.4,11,16.6
11954,Africa,Economics,Low,50.4,11,10.6
13066,Africa,English,Low,50.4,14,10.9
15689,Africa,Economics,Low,50.4,7,23.2
15915,South Asia,History,Low,50.4,8,1.1
16838,South Asia,History,Low,50.4,8,11.4
21898,South Asia,Economics,Low,50.4,7,12.8
25436,Africa,Economics,Low,50.4,9,15.4
28434,South America,Economics,Low,50.4,15,23.7
28553,South America,History,Low,50.4,8,0.0
30980,South America,History,Low,50.4,11,16.0
32342,Africa,Science,Low,50.4,6,14.8
33437,North America,Economics,Low,50.4,10,10.0
34403,Europe,Economics,Low,50.4,11,25.1
34750,South Asia,Economics,Low,50.4,20,19.4
35462,South Asia,Economics,Low,50.4,12,27.2
36048,Africa,Mathematics,Low,50.4,11,29.1
36699,North America,Economics,Low,50.4,5,0.3
38106,East Asia,English,Low,50.4,10,24.3
209,Europe,Science,Low,50.5,18,16.5
717,East Asia,Mathematics,Low,50.5,8,31.7
1457,South America,History,Low,50.5,6,17.9
5224,Africa,Mathematics,Low,50.5,22,15.1
5439,South Asia,Economics,Low,50.5,18,16.7
6712,South Asia,Mathematics,Low,50.5,11,26.3
6753,East Asia,Mathematics,Low,50.5,11,27.1
7260,Europe,Science,Low,50.5,12,18.6
7285,North America,Economics,Low,50.5,10,14.1
8865,Africa,Computer Science,Low,50.5,14,25.9
9392,Africa,Mathematics,Low,50.5,10,21.8
11910,South Asia,Science,Low,50.5,10,9.2
12213,Europe,Science,Low,50.5,22,14.4
13096,East Asia,Computer Science,Low,50.5,20,16.5
15040,North America,Computer Science,Low,50.5,14,4.4
17281,North America,Mathematics,Low,50.5,18,18.9
17808,South Asia,English,Low,50.5,11,11.0
18305,Africa,Science,Low,50.5,10,27.4
22889,South Asia,Computer Science,Low,50.5,11,19.4
23822,South America,Mathematics,Low,50.5,15,14.1
25477,South Asia,English,Low,50.5,19,14.7
26180,Africa,History,Low,50.5,8,29.3
27022,South Asia,Computer Science,Low,50.5,22,2.1
27934,South Asia,Mathematics,Low,50.5,6,14.1
34268,North America,History,Low,50.5,14,25.7
35234,South America,Science,Low,50.5,12,18.2
35237,Africa,History,Low,50.5,9,27.4
2403,Africa,Mathematics,Low,50.6,6,28.7
2983,Africa,Economics,Low,50.6,21,12.9
14134,Africa,Computer Science,Low,50.6,9,10.0
14480,South America,Science,Low,50.6,10,26.8
14759,South Asia,Mathematics,Low,50.6,10,4.3
15495,South America,History,Low,50.6,4,19.1
16800,Africa,English,Low,50.6,13,16.2
17429,South Asia,Mathematics,Low,50.6,9,29.8
17480,East Asia,Mathematics,Low,50.6,10,18.1
17530,South Asia,Science,Low,50.6,18,9.2
18313,Africa,English,Low,50.6,12,9.5
18808,South Asia,Economics,Low,50.6,10,18.2
23832,Africa,Science,Low,50.6,10,28.6
23842,Africa,History,Low,50.6,12,27.9
25930,South Asia,Mathematics,Low,50.6,18,11.1
29192,East Asia,English,Low,50.6,6,24.8
29274,Africa,Science,Low,50.6,12,28.9
30419,Africa,History,Low,50.6,10,13.2
34463,South Asia,Mathematics,Low,50.6,8,26.3
37120,Africa,Science,Low,50.6,9,11.2
37791,South Asia,English,Low,50.6,10,24.9
39176,Europe,History,Low,50.6,13,18.1
39207,South Asia,English,Low,50.6,17,13.0
1771,South Asia,English,Low,50.7,23,14.7
1987,Africa,Mathematics,Low,50.7,5,21.1
2755,South America,Mathematics,Low,50.7,9,12.2
4978,North America,Computer Science,Low,50.7,8,23.0
5407,Africa,Mathematics,Low,50.7,23,8.2
6895,Africa,Economics,Low,50.7,13,30.4
9174,East Asia,Science,Low,50.7,7,1.8
12092,South Asia,History,Low,50.7,18,19.0
13103,South Asia,Economics,Low,50.7,13,21.6
15669,South Asia,Economics,Low,50.7,12,14.4
17590,East Asia,English,Low,50.7,14,9.5
17992,South America,History,Low,50.7,7,8.8
18503,North America,Science,Low,50.7,15,3.4
18699,Africa,Computer Science,Low,50.7,12,22.1
18773,South America,Science,Low,50.7,17,16.8
19335,South America,Science,Low,50.7,5,22.6
19420,East Asia,Economics,Low,50.7,8,24.8
20805,East Asia,Economics,Low,50.7,4,21.7
22194,North America,Science,Low,50.7,31,6.3
24089,East Asia,Mathematics,Low,50.7,9,21.4
28077,Europe,Mathematics,Low,50.7,10,8.8
28713,East Asia,Economics,Low,50.7,14,0.0
29006,South Asia,Mathematics,Low,50.7,23,8.5
29345,South Asia,Science,Low,50.7,14,11.1
30346,South Asia,Economics,Low,50.7,14,16.2
31084,East Asia,History,Low,50.7,7,34.6
31665,Africa,Mathematics,Low,50.7,18,0.0
33730,South America,Economics,Low,50.7,11,3.7
35431,South Asia,History,Low,50.7,15,15.9
36693,Africa,Science,Low,50.7,10,23.4
38393,Africa,Mathematics,Low,50.7,11,8.7
39179,East Asia,Economics,Low,50.7,10,20.3
305,East Asia,Science,Low,50.8,10,12.0
1320,South Asia,Computer Science,Low,50.8,15,16.6
5195,South Asia,Mathematics,Low,50.8,15,24.2
5468,South Asia,English,Low,50.8,8,25.3
7819,Africa,History,Low,50.8,25,14.6
11202,East Asia,Economics,Low,50.8,19,16.2
14231,East Asia,English,Low,50.8,12,1.6
14328,Africa,Computer Science,Low,50.8,16,14.5
15681,South America,Economics,Low,50.8,12,23.5
16510,Africa,Economics,Low,50.8,12,22.2
17044,South Asia,Science,Low,50.8,7,30.8
19170,Africa,Economics,Low,50.8,4,9.2
19504,South America,Mathematics,Low,50.8,14,23.5
19833,South Asia,Computer Science,Low,50.8,28,11.7
20118,Africa,Science,Low,50.8,26,12.8
21584,Africa,English,Low,50.8,10,21.3
21658,East Asia,Mathematics,Low,50.8,13,8.9
21923,South America,Science,Low,50.8,9,12.2
22129,South Asia,Economics,Low,50.8,8,20.9
22380,South Asia,Computer Science,Low,50.8,13,6.6
23730,South Asia,Mathematics,Low,50.8,10,29.0
24797,South America,English,Low,50.8,21,2.4
25066,South Asia,Science,Low,50.8,9,24.8
25200,South Asia,Economics,Low,50.8,13,30.4
25518,South Asia,History,Low,50.8,23,11.8
30316,South Asia,Mathematics,Low,50.8,9,12.3
30967,South America,Mathematics,Low,50.8,16,8.3
32996,Africa,Economics,Low,50.8,8,26.9
33658,Africa,Economics,Low,50.8,10,21.4
34928,Europe,Economics,Low,50.8,14,12.7
35547,Africa,Computer Science,Low,50.8,17,20.7
36469,South Asia,Science,Low,50.8,12,23.5
37417,South Asia,Economics,Low,50.8,9,12.7
38853,South America,Mathematics,Low,50.8,4,22.4
39914,North America,Mathematics,Low,50.8,19,20.7
1351,North America,English,Low,50.9,10,15.3
2756,South America,Mathematics,Low,50.9,9,27.4
3504,Europe,English,Low,50.9,17,19.8
3669,South Asia,Computer Science,Low,50.9,11,29.6
6962,South Asia,Mathematics,Low,50.9,20,8.0
7055,South America,Science,Low,50.9,10,16.9
7399,North America,History,Low,50.9,11,21.6
9614,South Asia,History,Low,50.9,16,23.3
11529,Africa,History,Low,50.9,15,14.6
13612,Africa,Mathematics,Low,50.9,10,4.9
14047,South America,English,Low,50.9,6,12.3
15324,South America,Science,Low,50.9,17,2.4
15790,South Asia,History,Low,50.9,12,17.9
19881,East Asia,Science,Low,50.9,13,25.5
25809,Africa,Economics,Low,50.9,13,17.6
27671,South Asia,Computer Science,Low,50.9,15,0.0
28862,South Asia,Computer Science,Low,50.9,11,20.5
29430,East Asia,Mathematics,Low,50.9,9,31.2
31191,Africa,Computer Science,Low,50.9,8,18.3
32476,South Asia,History,Low,50.9,5,26.9
35168,South Asia,Mathematics,Low,50.9,6,28.2
35620,Africa,Mathematics,Low,50.9,21,12.0
36022,Africa,Economics,Low,50.9,14,16.9
2429,Africa,Science,Low,51.0,7,22.4
3146,East Asia,Computer Science,Low,51.0,17,4.6
13601,South Asia,Mathematics,Low,51.0,14,20.6
16630,Europe,Economics,Low,51.0,10,29.5
16761,East Asia,Economics,Low,51.0,5,5.5
16964,Europe,Computer Science,Low,51.0,26,0.0
19942,Africa,History,Low,51.0,17,8.7
20161,South Asia,Mathematics,Low,51.0,3,19.3
22351,South Asia,Economics,Low,51.0,17,11.0
23592,Africa,Economics,Low,51.0,11,26.0
23750,East Asia,Mathematics,Low,51.0,16,0.0
27110,South America,Economics,Low,51.0,9,13.8
27134,South Asia,Science,Low,51.0,13,24.6
27849,Africa,Science,Low,51.0,14,25.0
29759,Africa,Economics,Low,51.0,14,21.7
30413,Europe,Mathematics,Low,51.0,14,20.6
31671,Africa,Mathematics,Low,51.0,11,12.2
32005,Africa,English,Low,51.0,14,23.8
34373,Africa,Science,Low,51.0,6,8.3
34679,Africa,Science,Low,51.0,7,18.6
38002,North America,Computer Science,Low,51.0,9,21.2
1432,Europe,Mathematics,Low,51.1,15,12.7
3162,South America,English,Low,51.1,11,0.9
3981,South Asia,Computer Science,Low,51.1,26,4.1
6484,East Asia,English,Low,51.1,17,16.5
8207,South Asia,Economics,Low,51.1,4,22.0
9788,Europe,Economics,Low,51.1,6,25.8
11665,Africa,Science,Low,51.1,10,9.5
13610,South America,Science,Low,51.1,7,16.8
13644,South America,History,Low,51.1,5,28.6
14115,South America,Computer Science,Low,51.1,10,14.6
14127,North America,Science,Low,51.1,12,28.2
16064,South Asia,Mathematics,Low,51.1,14,10.4
16187,South America,English,Low,51.1,19,18.3
16313,Europe,Science,Low,51.1,15,7.1
16376,South Asia,Science,Low,51.1,10,29.2
19408,Europe,History,Low,51.1,7,18.2
19523,South Asia,Science,Low,51.1,12,21.0
20831,East Asia,Mathematics,Low,51.1,12,0.8
24594,South America,History,Low,51.1,10,19.7
26065,Africa,Mathematics,Low,51.1,7,19.1
27203,Europe,History,Low,51.1,13,16.6
28012,Africa,History,Low,51.1,7,20.0
29771,South Asia,Mathematics,Low,51.1,22,9.4
30843,South Asia,Mathematics,Low,51.1,8,23.5
30992,Africa,Science,Low,51.1,6,13.5
31368,Africa,Science,Low,51.1,6,16.9
31901,Europe,Economics,Low,51.1,11,23.7
32004,South Asia,Science,Low,51.1,7,10.0
35999,South Asia,Science,Low,51.1,11,16.0
36464,South Asia,History,Low,51.1,10,19.3
276,South Asia,Mathematics,Low,51.2,6,13.8
1160,South Asia,English,Low,51.2,6,13.3
1444,South Asia,English,Low,51.2,11,15.1
2698,South Asia,English,Low,51.2,10,12.0
3573,Africa,Economics,Low,51.2,14,2.0
5152,East Asia,History,Low,51.2,10,16.9
5779,Africa,Science,Low,51.2,14,18.3
8776,North America,History,Low,51.2,11,17.9
8942,South America,Mathematics,Low,51.2,8,28.3
10188,South Asia,Science,Low,51.2,9,4.4
11493,North America,Computer Science,Low,51.2,16,14.0
11509,Europe,Economics,Low,51.2,12,0.0
13231,Africa,Economics,Low,51.2,16,15.9
14781,South America,Mathematics,Low,51.2,8,23.2
14783,Europe,Mathematics,Low,51.2,19,5.0
15640,South Asia,English,Low,51.2,20,13.0
15969,East Asia,History,Low,51.2,15,3.9
16672,Africa,History,Low,51.2,5,21.7
18349,South Asia,Economics,Low,51.2,15,23.4
18694,South Asia,English,Low,51.2,18,16.6
19007,Europe,Mathematics,Low,51.2,21,11.1
21019,East Asia,English,Low,51.2,14,11.6
23692,South Asia,Science,Low,51.2,15,4.7
24436,South Asia,English,Low,51.2,14,20.3
24905,East Asia,Economics,Low,51.2,10,0.0
26453,South America,English,Low,51.2,6,0.0
27735,South Asia,Mathematics,Low,51.2,17,4.8
28619,South America,History,Low,51.2,5,29.9
29527,South Asia,Mathematics,Low,51.2,3,28.3
30323,South America,Economics,Low,51.2,22,16.4
30650,South America,Mathematics,Low,51.2,3,21.2
30736,East Asia,Computer Science,Low,51.2,7,19.4
32592,South Asia,Economics,Low,51.2,7,17.7
33003,Africa,History,Low,51.2,7,8.2
34331,South America,Science,Low,51.2,13,15.1
35972,Europe,History,Low,51.2,11,13.8
36646,Africa,Mathematics,Low,51.2,21,12.9
37653,Africa,History,Low,51.2,9,5.9
39951,Africa,History,Low,51.2,17,29.9
643,South America,History,Low,51.3,6,16.7
3260,South Asia,Mathematics,Low,51.3,5,10.9
5364,South America,English,Low,51.3,17,18.4
6536,Africa,History,Low,51.3,12,23.6
7562,North America,Computer Science,Low,51.3,12,18.0
7877,South Asia,Economics,Low,51.3,13,20.9
9452,South Asia,Science,Low,51.3,8,18.2
10163,South Asia,Computer Science,Low,51.3,11,7.3
11026,South Asia,Computer Science,Low,51.3,5,18.8
11695,South America,Science,Low,51.3,8,21.8
11989,South America,Economics,Low,51.3,7,24.4
12218,South Asia,History,Low,51.3,9,9.7
13975,Africa,Computer Science,Low,51.3,14,25.5
15852,Europe,Mathematics,Low,51.3,19,14.5
16927,South Asia,Science,Low,51.3,15,7.2
17360,Africa,Science,Low,51.3,21,16.9
17574,East Asia,Mathematics,Low,51.3,10,9.1
18634,South America,Computer Science,Low,51.3,9,24.1
19001,South Asia,Mathematics,Low,51.3,9,26.0
19984,South Asia,Economics,Low,51.3,17,13.1
20681,South Asia,English,Low,51.3,4,5.3
20938,South Asia,Science,Low,51.3,15,15.3
22092,Africa,Mathematics,Low,51.3,13,21.5
22737,South Asia,English,Low,51.3,17,20.2
23550,Europe,Science,Low,51.3,13,16.8
24342,East Asia,History,Low,51.3,12,16.5
26193,North America,Science,Low,51.3,24,11.1
26885,Europe,History,Low,51.3,14,20.5
30075,Africa,Computer Science,Low,51.3,9,14.5
31114,South America,Economics,Low,51.3,6,18.5
31633,South Asia,Computer Science,Low,51.3,17,19.6
34996,Africa,Science,Low,51.3,16,0.0
35177,East Asia,Science,Low,51.3,12,0.0
35606,South Asia,History,Low,51.3,27,12.8
35796,North America,English,Low,51.3,10,31.3
36863,North America,History,Low,51.3,9,5.1
37798,South America,Mathematics,Low,51.3,11,18.2
37961,South Asia,Economics,Low,51.3,19,30.4
38155,South Asia,Mathematics,Low,51.3,18,11.2
38310,South America,Mathematics,Low,51.3,19,12.2
38869,Africa,History,Low,51.3,5,29.9
39861,East Asia,Mathematics,Low,51.3,23,16.1
2179,East Asia,Economics,Low,51.4,16,3.0
2391,South Asia,Economics,Low,51.4,12,25.1
3021,South Asia,Economics,Low,51.4,9,26.4
4215,Africa,Science,Low,51.4,11,19.1
6078,Europe,Mathematics,Low,51.4,18,12.0
6701,South America,Mathematics,Low,51.4,15,13.1
6790,Africa,Science,Low,51.4,14,15.1
11061,Africa,Mathematics,Low,51.4,8,31.5
11422,Africa,Economics,Low,51.4,14,12.9
11653,South Asia,History,Low,51.4,10,26.7
11798,East Asia,Mathematics,Low,51.4,14,16.3
12646,South America,English,Low,51.4,15,22.7
12888,Africa,Mathematics,Low,51.4,17,0.7
12926,Africa,Science,Low,51.4,10,19.5
15875,Africa,Economics,Low,51.4,19,8.6
19697,South Asia,English,Low,51.4,5,0.0
20314,South Asia,Mathematics,Low,51.4,9,17.5
22990,Africa,History,Low,51.4,14,3.8
23136,Africa,Science,Low,51.4,3,24.8
23769,Africa,Economics,Low,51.4,7,27.6
28956,South America,Computer Science,Low,51.4,16,18.8
30278,Africa,Economics,Low,51.4,15,22.5
31627,South America,History,Low,51.4,17,15.1
31782,South Asia,Economics,Low,51.4,5,16.4
31832,North America,English,Low,51.4,10,0.0
32006,Europe,English,Low,51.4,10,9.7
33053,South America,English,Low,51.4,11,17.3
33145,East Asia,Science,Low,51.4,22,3.7
34483,Europe,Economics,Low,51.4,14,30.4
35222,North America,Mathematics,Low,51.4,10,20.2
37110,South America,Economics,Low,51.4,2,11.5
38469,South America,Science,Low,51.4,6,29.6
39305,Africa,Mathematics,Low,51.4,15,8.9
1561,Europe,Mathematics,Low,51.5,10,20.0
3479,South Asia,History,Low,51.5,5,23.1
7061,South Asia,Science,Low,51.5,6,23.0
11911,Europe,Science,Low,51.5,11,10.9
12543,North America,Computer Science,Low,51.5,9,21.0
13570,East Asia,English,Low,51.5,8,23.9
13583,Africa,Mathematics,Low,51.5,14,29.8
15553,South Asia,History,Low,51.5,16,5.8
18652,East Asia,English,Low,51.5,5,11.7
20677,North America,Computer Science,Low,51.5,23,0.6
21424,South Asia,English,Low,51.5,10,24.5
21447,South America,Computer Science,Low,51.5,8,2.7
22940,Africa,Computer Science,Low,51.5,14,4.0
25360,East Asia,Science,Low,51.5,11,18.9
27299,South America,History,Low,51.5,27,4.4
27522,South Asia,Mathematics,Low,51.5,8,13.0
27818,South Asia,History,Low,51.5,5,24.2
28310,South Asia,Economics,Low,51.5,9,24.4
29086,East Asia,Economics,Low,51.5,8,15.4
29240,North America,Mathematics,Low,51.5,12,26.6
30288,South Asia,English,Low,51.5,15,22.3
32983,Africa,Computer Science,Low,51.5,6,4.9
33550,South Asia,Mathematics,Low,51.5,9,7.0
34011,South Asia,Economics,Low,51.5,11,12.8
37480,North America,Economics,Low,51.5,12,28.9
38713,South Asia,Science,Low,51.5,19,8.4
39183,South Asia,English,Low,51.5,15,17.7
39231,South Asia,Economics,Low,51.5,11,13.4
234,Africa,English,Low,51.6,11,12.8
510,Europe,Mathematics,Low,51.6,8,30.3
913,South Asia,Economics,Low,51.6,13,14.1
1729,South Asia,English,Low,51.6,11,19.4
1831,South Asia,Mathematics,Low,51.6,15,1.9
2707,Africa,Mathematics,Low,51.6,30,0.0
3595,Europe,Computer Science,Low,51.6,3,3.6
4206,Africa,Economics,Low,51.6,9,29.6
5281,Africa,Science,Low,51.6,5,11.3
9235,South Asia,Economics,Low,51.6,3,7.9
11147,South Asia,Science,Low,51.6,13,12.6
12045,Africa,History,Low,51.6,7,15.2
13314,East Asia,Economics,Low,51.6,6,28.1
14205,Africa,Mathematics,Low,51.6,5,29.6
15416,South Asia,History,Low,51.6,4,9.3
16812,Africa,Science,Low,51.6,15,22.6
16984,South America,English,Low,51.6,12,15.8
18283,North America,Computer Science,Low,51.6,7,3.8
18431,Africa,Science,Low,51.6,18,18.4
18854,North America,Computer Science,Low,51.6,8,5.0
20534,South Asia,Science,Low,51.6,10,21.3
21619,East Asia,Mathematics,Low,51.6,11,12.7
23126,South Asia,History,Low,51.6,11,20.8
23214,East Asia,Mathematics,Low,51.6,14,4.0
28752,South Asia,History,Low,51.6,16,24.1
28774,East Asia,Mathematics,Low,51.6,6,27.0
29446,Africa,Science,Low,51.6,23,4.9
31092,Europe,English,Low,51.6,18,5.1
32120,South Asia,Mathematics,Low,51.6,13,25.4
32356,Africa,Computer Science,Low,51.6,12,9.3
33603,Africa,Economics,Low,51.6,16,15.9
34352,South Asia,English,Low,51.6,10,9.4
34630,East Asia,Mathematics,Low,51.6,19,9.1
35379,Africa,English,Low,51.6,11,11.5
35717,South Asia,History,Low,51.6,12,16.5
36510,South America,Economics,Low,51.6,16,30.4
38021,South America,English,Low,51.6,15,0.0
38151,Europe,History,Low,51.6,10,18.1
39875,South Asia,Economics,Low,51.6,12,6.2
80,Africa,Science,Low,51.7,13,17.4
1401,South America,English,Low,51.7,8,32.5
1573,Africa,Computer Science,Low,51.7,4,6.1
1774,South Asia,English,Low,51.7,12,0.0
2137,East Asia,Economics,Low,51.7,8,32.3
2546,South Asia,Economics,Low,51.7,10,8.2
2742,North America,History,Low,51.7,19,11.8
3571,Africa,Economics,Low,51.7,16,23.8
4471,South Asia,Computer Science,Low,51.7,6,20.6
5427,Africa,English,Low,51.7,10,0.0
8488,East Asia,Mathematics,Low,51.7,16,3.7
8709,South Asia,Science,Low,51.7,15,22.0
8858,Europe,Economics,Low,51.7,5,15.9
9544,South Asia,Mathematics,Low,51.7,16,22.9
9786,South Asia,Computer Science,Low,51.7,25,12.7
10498,North America,Mathematics,Low,51.7,7,23.4
11561,South Asia,History,Low,51.7,7,15.6
12050,South America,Mathematics,Low,51.7,8,29.8
12394,Africa,Economics,Low,51.7,17,13.9
15684,Europe,Computer Science,Low,51.7,11,19.0
17513,Europe,English,Low,51.7,21,2.7
19039,South America,Economics,Low,51.7,14,18.5
19960,North America,Mathematics,Low,51.7,13,0.0
20988,South Asia,Economics,Low,51.7,19,8.1
21343,Africa,Economics,Low,51.7,19,20.0
21356,Africa,Economics,Low,51.7,17,14.7
23549,South Asia,Science,Low,51.7,16,15.2
23783,North America,English,Low,51.7,6,12.7
26510,Africa,English,Low,51.7,13,23.8
26749,South Asia,Mathematics,Low,51.7,8,31.3
28629,South America,Mathematics,Low,51.7,8,26.9
30915,South Asia,Mathematics,Low,51.7,18,13.2
31436,Africa,Computer Science,Low,51.7,12,15.6
31659,Africa,English,Low,51.7,5,24.7
33568,North America,Science,Low,51.7,5,0.0
35354,South America,History,Low,51.7,8,21.8
36009,Africa,Science,Low,51.7,17,19.6
36153,South Asia,English,Low,51.7,9,21.3
39278,South Asia,English,Low,51.7,14,16.2
1540,East Asia,Computer Science,Low,51.8,2,11.6
4686,Africa,Mathematics,Low,51.8,7,17.7
4719,South Asia,History,Low,51.8,10,24.1
7058,South America,History,Low,51.8,8,0.0
9100,Europe,Economics,Low,51.8,7,8.4
9983,South Asia,English,Low,51.8,10,19.2
11467,Africa,English,Low,51.8,9,21.1
11688,East Asia,Science,Low,51.8,9,13.5
12266,Africa,Computer Science,Low,51.8,11,13.4
13387,South America,Mathematics,Low,51.8,7,7.5
15672,South Asia,Mathematics,Low,51.8,13,24.3
18563,Europe,Science,Low,51.8,7,18.2
18711,Europe,Science,Low,51.8,10,9.6
19041,South America,Mathematics,Low,51.8,7,12.0
22838,Africa,History,Low,51.8,13,27.0
23600,Europe,History,Low,51.8,19,11.7
25469,North America,History,Low,51.8,17,20.5
25641,South Asia,Science,Low,51.8,17,13.2
25815,East Asia,Mathematics,Low,51.8,12,13.7
27963,North America,Mathematics,Low,51.8,12,21.9
29589,South Asia,Mathematics,Low,51.8,12,18.9
30352,South America,History,Low,51.8,9,15.2
31062,South America,Economics,Low,51.8,8,20.8
31427,East Asia,Computer Science,Low,51.8,10,22.1
32150,Africa,Science,Low,51.8,9,6.0
32384,North America,History,Low,51.8,6,16.4
33179,South America,Mathematics,Low,51.8,15,22.1
33598,South Asia,Science,Low,51.8,18,29.9
34170,South America,History,Low,51.8,20,13.6
34674,South America,English,Low,51.8,8,3.5
34811,North America,Mathematics,Low,51.8,17,14.5
35075,Africa,Economics,Low,51.8,15,25.8
35419,South Asia,Mathematics,Low,51.8,10,25.0
36732,South Asia,History,Low,51.8,11,14.3
38442,Europe,Economics,Low,51.8,7,0.0
39461,East Asia,Science,Low,51.8,8,15.9
168,Europe,Science,Low,51.9,8,24.3
423,Africa,English,Low,51.9,15,18.1
1059,South Asia,Mathematics,Low,51.9,10,24.8
2242,East Asia,Mathematics,Low,51.9,13,23.1
2632,Africa,Computer Science,Low,51.9,14,9.0
3870,Africa,Science,Low,51.9,9,13.1
4172,Europe,English,Low,51.9,11,20.4
4261,Europe,English,Low,51.9,8,24.8
8114,Europe,Mathematics,Low,51.9,11,0.0
8505,North America,Economics,Low,51.9,8,27.4
8696,South America,Economics,Low,51.9,7,19.5
9217,Africa,History,Low,51.9,20,8.8
9956,Europe,Mathematics,Low,51.9,8,22.2
12426,South Asia,Computer Science,Low,51.9,8,11.2
13391,North America,Science,Low,51.9,10,12.5
16575,South Asia,Economics,Low,51.9,10,13.7
16610,Africa,History,Low,51.9,9,31.8
17235,South Asia,English,Low,51.9,19,0.0
18702,Africa,English,Low,51.9,4,21.6
19691,East Asia,English,Low,51.9,7,34.8
21558,Africa,Computer Science,Low,51.9,5,9.4
23430,South America,Mathematics,Low,51.9,14,18.1
23565,South America,Economics,Low,51.9,10,22.9
24418,Europe,Science,Low,51.9,15,13.6
24566,South America,English,Low,51.9,12,5.5
25654,South America,Computer Science,Low,51.9,2,14.7
26216,South Asia,Science,Low,51.9,15,16.4
26541,Africa,Mathematics,Low,51.9,6,34.9
26755,South America,Economics,Low,51.9,20,30.4
28430,Europe,English,Low,51.9,8,13.9
32297,East Asia,Economics,Low,51.9,17,12.1
33309,South America,Science,Low,51.9,11,19.3
36371,South Asia,History,Low,51.9,7,9.2
37544,South Asia,Economics,Low,51.9,7,10.7
38775,Africa,English,Low,51.9,13,15.3
2822,Africa,Economics,Low,52.0,5,19.5
4151,Europe,Economics,Low,52.0,9,0.0
4415,South Asia,Science,Low,52.0,16,7.6
5099,South America,Computer Science,Low,52.0,14,18.0
7112,Africa,Economics,Low,52.0,14,24.5
9134,Africa,History,Low,52.0,5,9.0
9254,South America,History,Low,52.0,9,15.6
9555,South Asia,Science,Low,52.0,17,17.1
9934,South Asia,Mathematics,Low,52.0,8,17.6
10430,South Asia,Mathematics,Low,52.0,14,13.9
12154,East Asia,Science,Low,52.0,9,9.5
12337,South America,Mathematics,Low,52.0,18,20.7
12696,Africa,Science,Low,52.0,15,24.7
13592,East Asia,Economics,Low,52.0,11,18.6
14130,South Asia,Economics,Low,52.0,8,22.9
14140,Africa,Mathematics,Low,52.0,18,0.0
16009,Africa,English,Low,52.0,10,16.6
18176,Africa,Mathematics,Low,52.0,4,19.6
18828,South America,Science,Low,52.0,15,8.5
20247,North America,History,Low,52.0,17,8.6
20284,Africa,Economics,Low,52.0,15,25.9
22431,South America,Mathematics,Low,52.0,7,21.3
23164,Africa,English,Low,52.0,13,13.6
25168,Africa,Computer Science,Low,52.0,6,27.9
27103,Europe,History,Low,52.0,23,0.0
27139,South America,Mathematics,Low,52.0,17,14.5
27620,South America,Mathematics,Low,52.0,14,19.0
27725,North America,Mathematics,Low,52.0,13,24.6
27843,South Asia,Economics,Low,52.0,14,14.7
28961,Africa,Mathematics,Low,52.0,19,15.1
29619,South Asia,Mathematics,Low,52.0,17,14.3
29815,Europe,Mathematics,Low,52.0,12,26.3
30055,Africa,History,Low,52.0,5,16.0
31397,South Asia,History,Low,52.0,22,14.9
33483,East Asia,English,Low,52.0,8,9.5
33633,North America,History,Low,52.0,11,18.5
33687,South Asia,Economics,Low,52.0,15,20.4
37472,North America,Economics,Low,52.0,7,7.5
37879,East Asia,Computer Science,Low,52.0,17,23.6
39277,Europe,Science,Low,52.0,7,29.9
39284,South Asia,Mathematics,Low,52.0,9,15.0
904,South America,English,Low,52.1,12,26.8
1006,South America,Mathematics,Low,52.1,6,26.8
1194,Africa,Economics,Low,52.1,21,11.9
3437,Europe,Mathematics,Low,52.1,5,4.6
4080,Africa,Economics,Low,52.1,11,16.8
4540,South America,English,Low,52.1,22,17.0
5227,Europe,Economics,Low,52.1,24,11.3
6766,South America,Science,Low,52.1,12,15.9
6913,Europe,Economics,Low,52.1,3,0.0
7157,Africa,Mathematics,Low,52.1,20,15.6
8712,Africa,Mathematics,Low,52.1,18,14.9
9907,South America,Computer Science,Low,52.1,16,0.0
9996,South Asia,History,Low,52.1,23,5.3
11320,Africa,Computer Science,Low,52.1,11,30.3
14029,Africa,Science,Low,52.1,12,2.2
14956,Europe,English,Low,52.1,17,21.3
15346,South America,English,Low,52.1,8,12.9
16712,Africa,English,Low,52.1,18,19.0
16955,South Asia,Mathematics,Low,52.1,18,4.4
17570,Africa,Science,Low,52.1,13,25.0
18748,South America,History,Low,52.1,13,25.3
20249,South Asia,Mathematics,Low,52.1,7,24.3
20750,Africa,Mathematics,Low,52.1,11,16.7
21325,East Asia,Mathematics,Low,52.1,12,6.0
23517,Europe,Economics,Low,52.1,9,21.5
27794,South Asia,Mathematics,Low,52.1,8,30.9
30061,South Asia,Computer Science,Low,52.1,7,26.1
30737,South America,History,Low,52.1,14,22.7
31096,South Asia,Computer Science,Low,52.1,10,26.2
32767,North America,Economics,Low,52.1,11,0.0
34042,East Asia,Mathematics,Low,52.1,12,29.8
34658,North America,English,Low,52.1,20,15.3
37900,Africa,Science,Low,52.1,11,23.6
38973,North America,History,Low,52.1,9,11.0
2145,South Asia,Mathematics,Low,52.2,15,20.9
5532,South America,History,Low,52.2,12,24.5
6319,South Asia,Mathematics,Low,52.2,16,29.8
9620,East Asia,Mathematics,Low,52.2,10,20.8
10230,North America,Science,Low,52.2,9,22.3
13413,South Asia,Computer Science,Low,52.2,11,15.1
14464,Europe,Science,Low,52.2,10,19.5
14472,Africa,Computer Science,Low,52.2,15,24.9
14540,South Asia,Mathematics,Low,52.2,13,9.3
15175,East Asia,Computer Science,Low,52.2,19,9.2
15666,North America,Economics,Low,52.2,17,15.3
16716,North America,Mathematics,Low,52.2,16,14.5
20972,East Asia,Science,Low,52.2,9,16.8
22356,Africa,Economics,Low,52.2,8,20.3
23900,South Asia,Economics,Low,52.2,13,22.3
23914,Africa,Science,Low,52.2,11,23.6
24543,South Asia,Computer Science,Low,52.2,2,8.1
26628,Africa,Science,Low,52.2,9,25.2
28783,Africa,Economics,Low,52.2,9,30.4
29020,South America,Science,Low,52.2,13,13.3
32741,South Asia,Mathematics,Low,52.2,18,17.6
33898,Europe,Mathematics,Low,52.2,10,13.5
34569,North America,Mathematics,Low,52.2,10,0.0
35824,Africa,History,Low,52.2,14,11.9
36226,Africa,English,Low,52.2,4,4.7
36228,South Asia,Economics,Low,52.2,19,14.9
37142,Africa,Science,Low,52.2,17,11.9
38120,Europe,Mathematics,Low,52.2,13,28.0
39376,South Asia,English,Low,52.2,7,23.9
521,South Asia,Mathematics,Low,52.3,7,25.0
1536,North America,Mathematics,Low,52.3,16,17.5
3080,South Asia,Mathematics,Low,52.3,7,21.2
3224,Africa,Science,Low,52.3,13,22.2
3694,Europe,Mathematics,Low,52.3,15,3.9
5226,South Asia,English,Low,52.3,13,23.4
6906,North America,Mathematics,Low,52.3,9,12.0
7932,North America,Computer Science,Low,52.3,12,21.4
8308,South Asia,Economics,Low,52.3,5,11.3
9204,South America,Mathematics,Low,52.3,5,24.5
9407,South America,Mathematics,Low,52.3,12,14.9
9757,Europe,Science,Low,52.3,12,16.9
10306,South Asia,English,Low,52.3,13,18.2
11575,South America,Computer Science,Low,52.3,15,14.8
11876,South Asia,Computer Science,Low,52.3,20,0.2
13477,Europe,History,Low,52.3,14,18.0
14220,North America,English,Low,52.3,4,27.8
17293,East Asia,Mathematics,Low,52.3,12,10.2
18339,Africa,Mathematics,Low,52.3,9,20.4
20089,North America,Computer Science,Low,52.3,9,15.2
21227,North America,Science,Low,52.3,10,31.4
21377,Africa,Mathematics,Low,52.3,17,10.0
21443,South Asia,History,Low,52.3,14,0.0
21642,South America,Economics,Low,52.3,17,5.6
21712,Europe,Computer Science,Low,52.3,24,15.1
23225,Europe,Mathematics,Low,52.3,8,6.7
23834,Africa,Science,Low,52.3,10,10.8
24278,Africa,Computer Science,Low,52.3,4,16.7
26633,Africa,Computer Science,Low,52.3,13,11.7
27059,South America,Mathematics,Low,52.3,9,15.7
27205,South America,Mathematics,Low,52.3,9,19.0
28121,South Asia,Economics,Low,52.3,25,3.6
28620,South Asia,Mathematics,Low,52.3,11,17.4
28650,South Asia,History,Low,52.3,9,6.4
29386,Africa,Science,Low,52.3,15,7.2
29555,South Asia,English,Low,52.3,10,2.4
29892,South Asia,Computer Science,Low,52.3,17,9.7
30308,Europe,History,Low,52.3,16,21.1
30525,Europe,History,Low,52.3,11,28.3
31149,East Asia,Computer Science,Low,52.3,8,9.1
31309,South America,Economics,Low,52.3,19,19.9
31380,South America,Economics,Low,52.3,10,30.4
31897,South Asia,Mathematics,Low,52.3,11,15.8
33367,East Asia,Mathematics,Low,52.3,8,19.5
34392,South America,Computer Science,Low,52.3,9,3.8
35373,South Asia,Economics,Low,52.3,20,19.6
38388,South America,Mathematics,Low,52.3,7,12.9
38461,South America,Economics,Low,52.3,20,16.7
38499,North America,Economics,Low,52.3,18,11.9
39352,Europe,English,Low,52.3,10,10.1
39928,South America,History,Low,52.3,9,12.3
627,South Asia,History,Low,52.4,14,9.8
877,East Asia,Mathematics,Low,52.4,22,3.6
1265,Europe,English,Low,52.4,13,12.0
1786,Europe,Mathematics,Low,52.4,15,4.1
5956,Africa,English,Low,52.4,12,26.6
6998,South Asia,English,Low,52.4,14,4.1
7328,Africa,English,Low,52.4,8,32.3
8347,Europe,English,Low,52.4,10,19.6
8977,Africa,History,Low,52.4,6,30.3
9650,South Asia,Economics,Low,52.4,12,28.7
10199,South America,History,Low,52.4,8,19.7
11858,South America,Mathematics,Low,52.4,6,16.5
12429,South America,Mathematics,Low,52.4,29,8.1
13285,East Asia,Mathematics,Low,52.4,11,3.6
13316,South America,Economics,Low,52.4,8,10.9
13454,North America,History,Low,52.4,13,16.3
14271,South Asia,History,Low,52.4,12,5.3
14398,Africa,Economics,Low,52.4,14,0.0
15751,South America,Science,Low,52.4,14,0.0
18960,Africa,Computer Science,Low,52.4,8,5.6
19198,Africa,Mathematics,Low,52.4,19,14.5
20100,Africa,Economics,Low,52.4,11,20.4
20392,South America,Economics,Low,52.4,8,14.1
21494,South Asia,Science,Low,52.4,7,21.5
22477,Africa,History,Low,52.4,13,18.0
28601,South Asia,Computer Science,Low,52.4,19,12.4
29394,Europe,Computer Science,Low,52.4,11,10.1
30153,North America,History,Low,52.4,12,0.0
30176,Africa,Computer Science,Low,52.4,15,12.0
30670,Europe,History,Low,52.4,10,17.3
31595,North America,History,Low,52.4,12,9.5
32924,South America,Science,Low,52.4,4,35.0
33532,South America,History,Low,52.4,5,22.3
34162,Africa,History,Low,52.4,10,18.3
36236,North America,Economics,Low,52.4,11,19.3
36500,Europe,Mathematics,Low,52.4,13,15.5
1656,Europe,Computer Science,Low,52.5,13,0.0
1658,South America,English,Low,52.5,15,18.3
5332,Africa,Economics,Low,52.5,10,31.4
6144,South America,Economics,Low,52.5,10,9.7
6196,South Asia,Science,Low,52.5,15,17.5
7223,South Asia,Economics,Low,52.5,5,10.5
10107,Africa,History,Low,52.5,20,13.2
12502,Africa,English,Low,52.5,12,30.1
15709,North America,History,Low,52.5,10,30.3
17220,North America,Economics,Low,52.5,10,17.2
17694,Africa,English,Low,52.5,10,26.3
19359,North America,English,Low,52.5,10,30.0
20647,Africa,English,Low,52.5,10,28.4
23217,Africa,Science,Low,52.5,17,13.5
24138,North America,Science,Low,52.5,10,23.7
24294,South Asia,Economics,Low,52.5,12,25.9
28909,South Asia,English,Low,52.5,16,20.5
30255,Africa,Mathematics,Low,52.5,25,11.4
30638,South Asia,Economics,Low,52.5,17,9.2
33835,South America,Computer Science,Low,52.5,9,8.2
34387,South America,Computer Science,Low,52.5,27,5.3
35260,Africa,Mathematics,Low,52.5,15,12.5
36053,East Asia,Mathematics,Low,52.5,14,13.7
38285,Europe,Mathematics,Low,52.5,13,22.1
39813,South Asia,Economics,Low,52.5,8,24.0
1306,Africa,Economics,Low,52.6,7,7.3
1773,South Asia,Economics,Low,52.6,10,29.3
3491,North America,Mathematics,Low,52.6,16,11.1
4742,South Asia,Mathematics,Low,52.6,7,12.0
6872,East Asia,Mathematics,Low,52.6,13,16.0
7891,Europe,English,Low,52.6,10,17.7
12879,Europe,History,Low,52.6,9,24.6
14291,East Asia,Science,Low,52.6,24,4.3
19699,North America,Economics,Low,52.6,6,21.3
20121,Africa,Economics,Low,52.6,13,22.5
25082,Europe,Computer Science,Low,52.6,16,5.2
25985,South Asia,Mathematics,Low,52.6,15,19.5
26519,Africa,Economics,Low,52.6,10,21.0
27774,South America,Economics,Low,52.6,18,15.9
28242,South Asia,English,Low,52.6,24,12.7
29934,Africa,Economics,Low,52.6,12,29.2
30022,North America,Mathematics,Low,52.6,11,21.9
31169,North America,Science,Low,52.6,15,15.5
31329,North America,Economics,Low,52.6,17,14.4
31428,Africa,Science,Low,52.6,9,24.2
31658,Africa,English,Low,52.6,7,18.6
33091,North America,Science,Low,52.6,14,5.2
34610,South America,History,Low,52.6,10,17.7
35931,South America,History,Low,52.6,14,21.6
36984,South America,Computer Science,Low,52.6,8,0.0
39115,South America,Science,Low,52.6,18,8.9
39123,Africa,English,Low,52.6,6,28.0
39785,South America,Economics,Low,52.6,12,8.8
39954,Africa,English,Low,52.6,10,24.3
55,South Asia,Mathematics,Low,52.7,7,0.0
642,South America,Science,Low,52.7,7,7.7
1257,Europe,Computer Science,Low,52.7,25,4.7
7094,South Asia,Mathematics,Low,52.7,12,23.2
7725,South America,Mathematics,Low,52.7,10,5.9
7833,South Asia,History,Low,52.7,13,19.8
12347,Africa,Science,Low,52.7,20,15.6
16427,Africa,Mathematics,Low,52.7,15,13.9
16508,South America,Science,Low,52.7,17,22.3
17130,South Asia,English,Low,52.7,13,15.2
21505,South America,Computer Science,Low,52.7,14,22.8
22081,South Asia,History,Low,52.7,9,15.1
24612,South Asia,History,Low,52.7,11,16.8
25813,Europe,Science,Low,52.7,15,17.4
26557,North America,Computer Science,Low,52.7,11,10.1
27404,Europe,Economics,Low,52.7,12,19.1
27898,South America,Science,Low,52.7,8,1.0
28786,South Asia,Economics,Low,52.7,8,17.9
29562,East Asia,Computer Science,Low,52.7,7,17.2
30438,North America,Mathematics,Low,52.7,8,17.3
31538,South Asia,Mathematics,Low,52.7,6,2.3
34691,South America,Economics,Low,52.7,4,12.4
35100,North America,English,Low,52.7,16,8.8
35478,South Asia,Computer Science,Low,52.7,11,27.8
35506,South America,Science,Low,52.7,8,3.0
36460,Africa,English,Low,52.7,11,5.1
36474,East Asia,Economics,Low,52.7,10,18.8
36841,North America,Computer Science,Low,52.7,10,7.3
38979,South Asia,Computer Science,Low,52.7,27,8.6
1889,North America,History,Low,52.8,17,17.8
2464,East Asia,Science,Low,52.8,22,8.6
3052,Europe,History,Low,52.8,7,10.3
3826,South America,English,Low,52.8,9,4.7
4121,Africa,History,Low,52.8,2,18.7
6035,Europe,Computer Science,Low,52.8,16,3.1
6505,South Asia,History,Low,52.8,12,24.5
6730,Europe,Computer Science,Low,52.8,25,14.4
6974,Africa,Science,Low,52.8,10,29.9
7057,South Asia,English,Low,52.8,12,22.5
7978,South America,History,Low,52.8,19,19.3
9337,South Asia,English,Low,52.8,16,6.8
11482,Africa,Mathematics,Low,52.8,17,15.5
12512,South America,Science,Low,52.8,27,7.3
14043,East Asia,History,Low,52.8,10,20.3
15985,Europe,Economics,Low,52.8,11,7.4
17258,South Asia,Science,Low,52.8,8,20.1
19017,South Asia,Science,Low,52.8,14,14.2
19181,Africa,Mathematics,Low,52.8,2,16.6
19241,North America,Mathematics,Low,52.8,9,13.0
22132,South Asia,Science,Low,52.8,12,21.8
23155,South America,History,Low,52.8,6,7.0
24595,South America,History,Low,52.8,8,16.2
26250,South America,English,Low,52.8,13,8.3
27688,East Asia,History,Low,52.8,3,22.4
28045,Europe,Science,Low,52.8,20,1.2
28341,Europe,Science,Low,52.8,13,28.1
29357,South America,Science,Low,52.8,9,12.7
29462,Africa,Science,Low,52.8,19,21.4
29838,Africa,History,Low,52.8,17,10.6
29997,South America,Economics,Low,52.8,13,4.7
30104,South America,Mathematics,Low,52.8,6,7.2
30234,North America,Mathematics,Low,52.8,11,11.8
30562,Africa,English,Low,52.8,14,21.8
31244,South Asia,Economics,Low,52.8,24,6.3
35476,Africa,Computer Science,Low,52.8,9,16.3
36323,North America,English,Low,52.8,12,14.1
36977,South America,Economics,Low,52.8,10,18.6
37136,Europe,English,Low,52.8,10,19.3
37617,Africa,Science,Low,52.8,12,18.5
38137,Africa,Computer Science,Low,52.8,10,18.7
38143,Africa,Science,Low,52.8,8,3.7
38196,South Asia,Science,Low,52.8,4,11.3
38355,South America,Economics,Low,52.8,16,14.2
38762,North America,Computer Science,Low,52.8,12,22.9
39209,Africa,Science,Low,52.8,9,19.5
39772,North America,History,Low,52.8,11,17.3
2396,East Asia,Computer Science,Low,52.9,8,21.6
2832,Africa,History,Low,52.9,13,18.4
6971,Europe,History,Low,52.9,13,25.6
7550,Africa,Mathematics,Low,52.9,13,20.1
9715,Africa,English,Low,52.9,6,25.6
9853,South America,Science,Low,52.9,3,34.5
10012,South Asia,History,Low,52.9,8,21.5
11287,North America,Mathematics,Low,52.9,8,28.1
11686,Europe,Computer Science,Low,52.9,7,22.8
13842,Africa,English,Low,52.9,12,16.6
14860,South America,Computer Science,Low,52.9,9,24.4
15102,South America,Mathematics,Low,52.9,15,16.3
15230,South Asia,Computer Science,Low,52.9,17,17.0
16077,South America,Economics,Low,52.9,11,26.8
16322,South Asia,Mathematics,Low,52.9,17,14.9
16707,Africa,Mathematics,Low,52.9,11,28.0
19362,East Asia,Science,Low,52.9,12,25.3
22308,Africa,Mathematics,Low,52.9,18,6.2
23591,South America,Mathematics,Low,52.9,10,0.0
23885,South Asia,Mathematics,Low,52.9,8,22.0
23917,Europe,Mathematics,Low,52.9,10,14.8
24507,South America,English,Low,52.9,8,30.1
25017,Europe,History,Low,52.9,4,14.2
26028,Europe,English,Low,52.9,14,25.8
26689,Africa,English,Low,52.9,17,12.8
27133,South Asia,Computer Science,Low,52.9,16,20.4
28957,South America,Computer Science,Low,52.9,13,26.2
30521,Europe,Economics,Low,52.9,7,19.8
30608,Europe,English,Low,52.9,12,13.0
31448,Africa,Economics,Low,52.9,13,18.6
34026,South America,Science,Low,52.9,9,18.1
35740,Africa,Mathematics,Low,52.9,11,26.1
35781,Africa,Science,Low,52.9,17,20.9
38883,South America,Computer Science,Low,52.9,14,13.6
880,East Asia,Mathematics,Low,53.0,11,0.0
1469,Africa,Computer Science,Low,53.0,9,23.1
5249,South America,Economics,Low,53.0,11,17.2
5746,North America,Economics,Low,53.0,14,9.9
7136,South Asia,English,Low,53.0,12,24.1
9083,Europe,Mathematics,Low,53.0,2,16.0
9793,North America,History,Low,53.0,14,0.0
12178,South Asia,Science,Low,53.0,12,19.3
13010,Africa,History,Low,53.0,24,0.0
13388,Africa,Computer Science,Low,53.0,13,11.8
15380,South Asia,English,Low,53.0,16,17.0
16619,North America,Science,Low,53.0,12,20.9
17215,North America,Mathematics,Low,53.0,8,16.8
17423,South Asia,Mathematics,Low,53.0,13,17.4
19161,Europe,English,Low,53.0,8,3.6
20105,Europe,Mathematics,Low,53.0,19,14.7
20789,Africa,Computer Science,Low,53.0,16,7.5
20956,South Asia,Mathematics,Low,53.0,7,32.5
24825,Africa,English,Low,53.0,18,16.3
25078,South America,Computer Science,Low,53.0,10,26.7
25488,East Asia,Economics,Low,53.0,15,13.6
27296,Africa,History,Low,53.0,9,25.4
28973,South Asia,Computer Science,Low,53.0,10,28.5
29130,Africa,Science,Low,53.0,16,14.5
29889,Europe,English,Low,53.0,16,21.4
31045,Africa,English,Low,53.0,15,16.7
32549,Europe,Science,Low,53.0,4,11.0
32909,South America,Economics,Low,53.0,12,15.4
33502,Europe,History,Low,53.0,9,26.0
35189,Africa,Economics,Low,53.0,20,18.9
35601,South Asia,Science,Low,53.0,5,32.7
37356,North America,History,Low,53.0,10,18.3
37890,South Asia,Mathematics,Low,53.0,20,19.8
37950,East Asia,Computer Science,Low,53.0,12,6.0
38138,South America,Computer Science,Low,53.0,6,23.5
39134,South America,Computer Science,Low,53.0,11,21.8
39327,South America,History,Low,53.0,14,15.8
39553,South America,History,Low,53.0,17,18.7
2901,East Asia,Computer Science,Low,53.1,8,0.7
5848,Africa,History,Low,53.1,12,28.6
7166,South Asia,English,Low,53.1,12,26.1
7375,South Asia,Mathematics,Low,53.1,15,29.8
7959,South America,English,Low,53.1,13,16.1
10787,North America,Economics,Low,53.1,10,28.3
13562,South Asia,English,Low,53.1,7,9.0
14193,East Asia,Computer Science,Low,53.1,11,5.2
14582,South Asia,English,Low,53.1,7,26.7
16395,Africa,English,Low,53.1,7,28.7
16827,East Asia,Science,Low,53.1,4,0.0
17169,East Asia,English,Low,53.1,8,0.0
17487,Africa,English,Low,53.1,12,19.6
18233,North America,Economics,Low,53.1,11,24.8
19084,South America,Science,Low,53.1,11,19.4
19228,Europe,English,Low,53.1,14,14.2
19713,South America,History,Low,53.1,22,15.0
19729,Africa,English,Low,53.1,21,3.6
19847,Africa,Science,Low,53.1,11,13.6
20502,Africa,Economics,Low,53.1,22,12.7
25011,South Asia,English,Low,53.1,10,16.6
25404,Africa,History,Low,53.1,14,17.6
28815,Africa,Science,Low,53.1,18,22.7
29203,South America,Economics,Low,53.1,10,21.1
30775,South Asia,History,Low,53.1,10,23.2
32667,Africa,Economics,Low,53.1,9,20.1
34545,South Asia,Mathematics,Low,53.1,5,36.6
35282,Africa,Economics,Low,53.1,13,27.2
36941,Africa,Mathematics,Low,53.1,3,25.2
38114,East Asia,Mathematics,Low,53.1,11,29.1
38926,South Asia,Mathematics,Low,53.1,5,10.9
730,East Asia,Science,Low,53.2,6,12.4
1121,North America,Mathematics,Low,53.2,15,3.8
1547,Africa,History,Low,53.2,16,4.8
1811,Europe,English,Low,53.2,10,16.6
2318,South Asia,Economics,Low,53.2,11,27.6
2746,South Asia,Computer Science,Low,53.2,5,0.0
3516,South America,English,Low,53.2,7,19.4
4386,Africa,Mathematics,Low,53.2,19,20.2
6181,South Asia,History,Low,53.2,10,13.5
6682,South Asia,Computer Science,Low,53.2,9,26.3
8092,Europe,Mathematics,Low,53.2,11,4.6
8215,North America,Science,Low,53.2,23,7.9
8266,South Asia,Economics,Low,53.2,12,24.6
9730,East Asia,English,Low,53.2,6,4.6
9789,Africa,Economics,Low,53.2,12,27.9
9880,Europe,English,Low,53.2,19,15.3
10174,Africa,Mathematics,Low,53.2,28,11.8
10466,South Asia,History,Low,53.2,21,12.1
11158,South America,Economics,Low,53.2,9,5.8
12932,South America,Economics,Low,53.2,21,0.6
13073,South Asia,Mathematics,Low,53.2,16,15.2
13489,South America,Economics,Low,53.2,11,23.2
13531,Africa,History,Low,53.2,10,0.0
13895,South America,English,Low,53.2,16,14.9
14719,Europe,Science,Low,53.2,4,10.9
15280,South Asia,Economics,Low,53.2,18,22.6
18055,North America,Mathematics,Low,53.2,11,29.8
18835,South Asia,Mathematics,Low,53.2,11,29.7
21179,South America,Mathematics,Low,53.2,8,26.5
23877,South Asia,Science,Low,53.2,10,19.9
24364,Africa,English,Low,53.2,17,23.6
26124,South America,Economics,Low,53.2,23,16.0
26785,East Asia,Computer Science,Low,53.2,9,11.4
29586,South America,Economics,Low,53.2,7,21.5
33519,South America,Mathematics,Low,53.2,5,26.9
34854,South Asia,Science,Low,53.2,9,24.1
35169,South Asia,Economics,Low,53.2,11,9.5
36350,South Asia,Computer Science,Low,53.2,13,21.7
36485,Europe,Economics,Low,53.2,10,2.4
36836,Africa,History,Low,53.2,16,7.3
38071,South America,Mathematics,Low,53.2,12,28.1
174,Africa,Economics,Low,53.3,6,22.1
1206,South America,Mathematics,Low,53.3,17,4.8
1714,Africa,Mathematics,Low,53.3,15,13.9
2661,South Asia,Economics,Low,53.3,7,31.9
3660,South Asia,English,Low,53.3,5,31.1
4438,South America,Science,Low,53.3,7,6.9
5318,North America,History,Low,53.3,11,14.6
5528,Europe,English,Low,53.3,10,7.8
9785,South Asia,Mathematics,Low,53.3,10,26.2
11353,East Asia,Mathematics,Low,53.3,10,0.0
14499,South America,English,Low,53.3,16,22.7
14739,South America,Computer Science,Low,53.3,18,12.3
16942,South Asia,Science,Low,53.3,8,14.3
18238,East Asia,Economics,Low,53.3,14,2.0
19370,North America,English,Low,53.3,5,9.7
20153,Europe,Economics,Low,53.3,20,12.0
20829,Europe,Economics,Low,53.3,10,21.9
20868,South Asia,English,Low,53.3,19,30.1
21908,Africa,Economics,Low,53.3,11,23.2
23259,South Asia,Economics,Low,53.3,11,23.8
25570,East Asia,History,Low,53.3,17,16.8
25832,South America,History,Low,53.3,6,10.7
26862,South America,Mathematics,Low,53.3,15,22.0
28213,Europe,Mathematics,Low,53.3,15,14.2
28312,Africa,Computer Science,Low,53.3,12,11.5
28800,Africa,History,Low,53.3,18,18.9
29037,East Asia,Economics,Low,53.3,11,7.7
29709,South Asia,Computer Science,Low,53.3,8,16.0
30020,South Asia,Mathematics,Low,53.3,24,1.3
32057,Africa,History,Low,53.3,15,10.1
32897,North America,Economics,Low,53.3,15,30.4
34659,Europe,Mathematics,Low,53.3,12,13.5
36663,South America,History,Low,53.3,10,22.3
37975,Africa,Science,Low,53.3,21,16.3
38960,South Asia,Science,Low,53.3,8,12.7
1197,Africa,History,Low,53.4,12,28.3
2034,Africa,English,Low,53.4,9,0.0
6485,Africa,English,Low,53.4,12,22.8
6786,South America,Computer Science,Low,53.4,7,26.3
6900,Africa,History,Low,53.4,11,4.0
7256,Africa,Mathematics,Low,53.4,20,18.3
10475,South Asia,Science,Low,53.4,5,21.5
10734,South Asia,Economics,Low,53.4,25,6.0
10896,South Asia,English,Low,53.4,5,28.1
11537,East Asia,Mathematics,Low,53.4,14,24.4
12494,South America,Science,Low,53.4,17,15.9
12584,South America,Science,Low,53.4,16,10.9
12722,South Asia,English,Low,53.4,5,18.6
13275,South America,History,Low,53.4,19,17.9
13368,Africa,English,Low,53.4,5,12.0
13437,East Asia,Science,Low,53.4,16,7.2
13527,South America,Mathematics,Low,53.4,3,0.0
16148,South Asia,Mathematics,Low,53.4,12,23.7
16888,South Asia,Economics,Low,53.4,10,27.6
16995,North America,Science,Low,53.4,16,11.7
17333,South Asia,History,Low,53.4,8,32.9
17854,Africa,English,Low,53.4,10,18.7
18288,Africa,Science,Low,53.4,15,19.8
20221,South Asia,History,Low,53.4,7,0.0
25324,Europe,Science,Low,53.4,19,0.0
26173,South Asia,History,Low,53.4,5,35.9
26925,South Asia,English,Low,53.4,15,13.7
27455,Africa,Mathematics,Low,53.4,16,23.7
28722,North America,Economics,Low,53.4,9,15.1
28984,Africa,English,Low,53.4,15,25.8
29650,South Asia,Science,Low,53.4,11,16.1
31198,Africa,Computer Science,Low,53.4,14,21.9
33077,Africa,Computer Science,Low,53.4,10,12.8
33192,South Asia,Computer Science,Low,53.4,11,2.0
34121,Africa,English,Low,53.4,17,16.0
34573,South America,Economics,Low,53.4,7,0.0
35479,Europe,Science,Low,53.4,15,14.3
36094,North America,English,Low,53.4,3,5.2
38128,South America,Mathematics,Low,53.4,17,21.6
38276,South America,Science,Low,53.4,9,4.9
868,South America,Economics,Low,53.5,10,14.3
2384,South Asia,Computer Science,Low,53.5,8,19.3
4332,Europe,Science,Low,53.5,10,8.4
4817,South America,Mathematics,Low,53.5,13,24.3
5139,North America,Mathematics,Low,53.5,7,14.0
6183,Europe,History,Low,53.5,21,18.2
6510,North America,Mathematics,Low,53.5,22,0.9
7073,East Asia,Mathematics,Low,53.5,6,2.5
7221,South Asia,English,Low,53.5,8,22.6
8050,Africa,English,Low,53.5,12,27.3
8352,East Asia,Mathematics,Low,53.5,8,12.2
10209,Africa,English,Low,53.5,11,22.4
10326,North America,Economics,Low,53.5,7,27.5
13091,North America,Mathematics,Low,53.5,4,9.3
14954,South Asia,Mathematics,Low,53.5,7,18.4
15135,East Asia,English,Low,53.5,14,26.6
16527,South Asia,English,Low,53.5,15,25.0
16706,Africa,English,Low,53.5,11,21.0
19525,North America,Science,Low,53.5,7,7.3
21897,South Asia,Economics,Low,53.5,14,26.8
22289,Africa,Economics,Low,53.5,5,8.2
22314,South America,English,Low,53.5,10,13.4
23022,Europe,Science,Low,53.5,9,27.2
23282,Africa,Mathematics,Low,53.5,13,22.3
23302,South Asia,Science,Low,53.5,8,7.5
24239,East Asia,Mathematics,Low,53.5,13,13.3
24781,East Asia,Science,Low,53.5,13,12.6
27431,Europe,Mathematics,Low,53.5,9,24.9
28307,South America,Mathematics,Low,53.5,7,14.2
28527,Africa,Science,Low,53.5,13,0.0
30028,Africa,History,Low,53.5,10,26.4
30700,Europe,Science,Low,53.5,13,7.8
33320,South Asia,Science,Low,53.5,3,35.4
35367,Europe,Mathematics,Low,53.5,10,8.7
36451,Europe,Computer Science,Low,53.5,13,9.2
36557,Africa,Science,Low,53.5,17,15.3
37391,East Asia,Economics,Low,53.5,6,20.7
39384,South America,Science,Low,53.5,13,3.4
39490,Europe,Mathematics,Low,53.5,11,23.2
930,East Asia,Mathematics,Low,53.6,20,9.1
963,South America,Computer Science,Low,53.6,14,16.1
1079,South Asia,Science,Low,53.6,11,25.7
1606,South America,Economics,Low,53.6,9,5.4
2032,Europe,Science,Low,53.6,18,1.9
4139,South America,Computer Science,Low,53.6,11,17.0
4176,South Asia,Mathematics,Low,53.6,11,27.0
4651,South Asia,Mathematics,Low,53.6,10,20.8
5309,North America,History,Low,53.6,13,10.8
5602,South America,Science,Low,53.6,5,33.2
6949,South Asia,Science,Low,53.6,9,10.5
11088,East Asia,Science,Low,53.6,7,16.8
13350,Africa,Computer Science,Low,53.6,25,14.4
13435,South Asia,Mathematics,Low,53.6,16,2.9
14299,Europe,Economics,Low,53.6,10,26.6
16022,South America,Mathematics,Low,53.6,7,26.0
16224,Europe,English,Low,53.6,8,13.3
17745,Europe,Computer Science,Low,53.6,11,14.9
19222,South America,Science,Low,53.6,8,25.0
20414,East Asia,History,Low,53.6,22,17.9
21041,Europe,Mathematics,Low,53.6,19,20.2
21762,North America,English,Low,53.6,24,0.8
22511,Africa,Mathematics,Low,53.6,24,8.6
26032,Europe,Economics,Low,53.6,9,30.9
30934,South America,Computer Science,Low,53.6,21,9.7
31640,Africa,History,Low,53.6,20,9.8
35819,East Asia,Science,Low,53.6,20,15.2
35984,Europe,English,Low,53.6,14,21.1
37779,South Asia,Mathematics,Low,53.6,6,14.6
37803,Africa,English,Low,53.6,11,10.6
37864,East Asia,Mathematics,Low,53.6,13,9.8
39830,Europe,Mathematics,Low,53.6,17,2.5
90,Africa,English,Low,53.7,19,16.9
754,South America,Economics,Low,53.7,20,17.0
3499,North America,Science,Low,53.7,7,12.9
3719,Africa,Mathematics,Low,53.7,9,20.5
3869,Europe,Mathematics,Low,53.7,14,8.5
4680,North America,English,Low,53.7,4,16.6
6065,South Asia,Computer Science,Low,53.7,6,17.2
6851,South Asia,Mathematics,Low,53.7,12,20.9
7948,Europe,History,Low,53.7,20,10.6
9244,South America,Science,Low,53.7,7,2.3
10187,South Asia,Mathematics,Low,53.7,13,21.1
10897,Africa,Science,Low,53.7,12,29.0
11491,East Asia,Mathematics,Low,53.7,21,15.9
12415,North America,Science,Low,53.7,10,7.0
12669,South America,Mathematics,Low,53.7,17,15.0
14287,South Asia,Economics,Low,53.7,3,18.1
14518,Africa,Computer Science,Low,53.7,4,20.5
15776,Europe,Mathematics,Low,53.7,6,0.0
16387,East Asia,Economics,Low,53.7,11,24.3
17467,Africa,Science,Low,53.7,16,9.3
18065,South Asia,Science,Low,53.7,18,21.0
19673,East Asia,History,Low,53.7,12,19.3
20181,East Asia,Mathematics,Low,53.7,19,20.8
20769,South Asia,Mathematics,Low,53.7,16,24.5
21474,South Asia,English,Low,53.7,5,24.0
22560,Europe,Mathematics,Low,53.7,20,18.0
22736,Africa,Mathematics,Low,53.7,5,35.9
23064,North America,Mathematics,Low,53.7,12,21.1
23868,East Asia,Computer Science,Low,53.7,7,24.2
24358,Europe,Science,Low,53.7,13,27.0
24783,South Asia,English,Low,53.7,14,21.6
26169,North America,Economics,Low,53.7,8,29.7
26903,East Asia,Mathematics,Low,53.7,7,15.5
28014,South America,Mathematics,Low,53.7,10,27.8
29143,East Asia,Economics,Low,53.7,12,21.5
29349,East Asia,Mathematics,Low,53.7,4,0.0
29623,South Asia,History,Low,53.7,8,19.2
31631,South Asia,Science,Low,53.7,12,28.7
32034,North America,Mathematics,Low,53.7,17,19.1
32208,South Asia,History,Low,53.7,16,22.2
36491,South America,English,Low,53.7,11,29.3
36789,Africa,Science,Low,53.7,12,25.9
37500,South Asia,Economics,Low,53.7,16,7.8
38027,South Asia,History,Low,53.7,19,13.0
94,South Asia,Economics,Low,53.8,14,18.2
2552,Europe,Economics,Low,53.8,22,10.6
2842,Africa,Economics,Low,53.8,9,15.7
5675,South Asia,English,Low,53.8,6,14.8
6042,South Asia,Computer Science,Low,53.8,14,4.4
7104,East Asia,Economics,Low,53.8,9,7.1
7341,South America,History,Low,53.8,4,6.8
7448,South Asia,History,Low,53.8,8,29.1
7768,South Asia,English,Low,53.8,28,0.5
9511,Europe,History,Low,53.8,8,19.9
10239,South Asia,Economics,Low,53.8,8,17.8
11095,Africa,Science,Low,53.8,16,16.3
11263,Africa,Computer Science,Low,53.8,18,3.8
12295,Africa,Computer Science,Low,53.8,11,26.0
12408,Europe,Mathematics,Low,53.8,7,25.0
13234,South Asia,History,Low,53.8,10,15.2
13839,Africa,English,Low,53.8,15,18.2
15328,South America,English,Low,53.8,8,28.9
16759,South Asia,Mathematics,Low,53.8,10,6.3
17572,Europe,Science,Low,53.8,13,0.0
18023,South America,English,Low,53.8,14,17.5
19938,Europe,Science,Low,53.8,13,17.6
22214,Africa,Computer Science,Low,53.8,20,2.1
24387,Africa,English,Low,53.8,7,10.3
24665,South Asia,Mathematics,Low,53.8,15,18.8
27826,South America,History,Low,53.8,18,10.4
27917,South Asia,Mathematics,Low,53.8,12,25.1
30431,South Asia,English,Low,53.8,17,21.6
32552,North America,Economics,Low,53.8,7,5.8
33855,Africa,English,Low,53.8,26,30.1
35826,Europe,Mathematics,Low,53.8,15,18.8
36065,South Asia,English,Low,53.8,17,23.8
37658,Africa,Economics,Low,53.8,14,26.7
38665,North America,Mathematics,Low,53.8,15,20.3
38680,Africa,Economics,Low,53.8,12,25.6
39638,Africa,Computer Science,Low,53.8,10,21.6
736,Africa,Mathematics,Low,53.9,8,0.0
1214,South America,English,Low,53.9,20,4.8
1430,Africa,Computer Science,Low,53.9,15,19.7
2871,Europe,Science,Low,53.9,15,29.9
4798,North America,History,Low,53.9,13,0.9
6920,Africa,Economics,Low,53.9,12,28.2
7409,East Asia,Mathematics,Low,53.9,20,19.1
7443,East Asia,Mathematics,Low,53.9,9,32.3
7952,Europe,Mathematics,Low,53.9,9,23.9
8322,East Asia,Science,Low,53.9,16,18.4
8818,South America,Economics,Low,53.9,15,25.2
8893,Africa,Science,Low,53.9,5,31.2
11882,Africa,History,Low,53.9,6,0.5
12219,South America,Mathematics,Low,53.9,18,17.5
13326,North America,Science,Low,53.9,25,8.4
15064,North America,Mathematics,Low,53.9,9,15.0
16086,South America,History,Low,53.9,8,29.9
17348,Europe,Economics,Low,53.9,9,27.3
17644,South Asia,English,Low,53.9,5,30.1
18194,South Asia,Mathematics,Low,53.9,20,13.0
18474,South Asia,Science,Low,53.9,12,15.6
18688,Europe,Science,Low,53.9,12,3.4
22186,Africa,Computer Science,Low,53.9,14,0.0
22834,Africa,Economics,Low,53.9,10,3.6
23138,South Asia,Mathematics,Low,53.9,9,26.0
25510,South America,Science,Low,53.9,17,10.1
26341,Africa,Science,Low,53.9,10,20.0
27946,North America,Mathematics,Low,53.9,17,15.8
28203,South Asia,Mathematics,Low,53.9,7,33.2
28910,Africa,Mathematics,Low,53.9,10,23.5
29000,South America,Mathematics,Low,53.9,7,26.3
29835,North America,Mathematics,Low,53.9,13,3.4
29951,South Asia,Mathematics,Low,53.9,18,6.2
32118,Africa,History,Low,53.9,15,15.5
33740,East Asia,Economics,Low,53.9,12,0.4
36622,Europe,Science,Low,53.9,12,13.4
37701,North America,English,Low,53.9,8,10.5
38192,South Asia,Science,Low,53.9,5,25.8
39056,Africa,Computer Science,Low,53.9,11,0.1
943,South America,Mathematics,Low,54.0,12,16.5
2275,Europe,Mathematics,Low,54.0,12,18.0
4193,Africa,History,Low,54.0,12,22.1
4901,South Asia,Economics,Low,54.0,18,0.7
5650,South America,English,Low,54.0,13,14.8
10445,South America,History,Low,54.0,11,17.3
11922,North America,Science,Low,54.0,18,16.9
14372,South Asia,Economics,Low,54.0,7,22.6
14612,South Asia,History,Low,54.0,16,13.4
15421,North America,Computer Science,Low,54.0,9,27.9
16172,Africa,History,Low,54.0,14,16.6
16242,South Asia,Computer Science,Low,54.0,15,13.8
16890,South America,Mathematics,Low,54.0,7,14.2
18230,South Asia,Economics,Low,54.0,7,16.4
18650,South Asia,Economics,Low,54.0,20,15.9
18869,South America,Mathematics,Low,54.0,9,29.0
18979,Africa,History,Low,54.0,18,0.0
19568,Europe,Mathematics,Low,54.0,16,23.6
19614,Africa,Science,Low,54.0,7,23.9
19650,South Asia,History,Low,54.0,14,25.8
21832,South America,Economics,Low,54.0,14,5.8
22260,Africa,History,Low,54.0,9,17.3
22695,North America,Mathematics,Low,54.0,13,22.2
26781,Africa,Mathematics,Low,54.0,23,7.0
28126,Africa,Economics,Low,54.0,14,24.7
28418,North America,English,Low,54.0,7,19.3
28667,East Asia,Computer Science,Low,54.0,12,13.1
29277,North America,English,Low,54.0,6,5.6
29469,North America,History,Low,54.0,4,0.0
29959,South Asia,Computer Science,Low,54.0,21,13.8
34544,South Asia,History,Low,54.0,10,16.9
34795,South Asia,English,Low,54.0,13,27.4
36993,North America,Science,Low,54.0,20,13.1
38224,South Asia,Economics,Low,54.0,10,19.6
38291,South Asia,Computer Science,Low,54.0,11,25.2
38608,South America,Science,Low,54.0,15,18.2
237,East Asia,Economics,Low,54.1,20,20.1
626,Europe,English,Low,54.1,5,20.4
1878,South America,History,Low,54.1,10,26.4
2330,North America,Mathematics,Low,54.1,17,19.5
3366,Africa,English,Low,54.1,4,18.1
4473,South Asia,Mathematics,Low,54.1,19,13.8
5044,East Asia,Economics,Low,54.1,15,9.8
5162,North America,Mathematics,Low,54.1,12,23.9
5474,Europe,Science,Low,54.1,18,16.9
5686,South Asia,Computer Science,Low,54.1,18,16.3
11471,South Asia,Mathematics,Low,54.1,20,16.8
11606,Africa,Economics,Low,54.1,9,25.2
11700,Africa,Economics,Low,54.1,22,5.7
11785,Europe,Mathematics,Low,54.1,8,11.7
12569,South America,Economics,Low,54.1,15,25.7
13100,Europe,Computer Science,Low,54.1,21,11.3
13829,North America,History,Low,54.1,14,19.4
16723,Africa,History,Low,54.1,18,21.2
18362,South Asia,Mathematics,Low,54.1,10,24.3
18434,South America,Economics,Low,54.1,24,8.3
19556,East Asia,Science,Low,54.1,6,10.8
21265,Africa,Computer Science,Low,54.1,7,25.8
21400,South America,History,Low,54.1,18,7.0
22906,South Asia,History,Low,54.1,11,8.4
23775,Africa,Science,Low,54.1,11,8.8
24067,North America,Economics,Low,54.1,22,1.6
24162,South America,English,Low,54.1,14,0.0
25254,East Asia,Economics,Low,54.1,12,20.1
25635,Africa,Economics,Low,54.1,16,14.9
26034,Africa,Economics,Low,54.1,22,4.5
26126,East Asia,Science,Low,54.1,7,31.1
27640,Africa,Computer Science,Low,54.1,13,15.3
27820,South Asia,History,Low,54.1,19,19.4
28442,South Asia,Economics,Low,54.1,12,15.2
29567,Africa,Mathematics,Low,54.1,15,17.3
30251,East Asia,Mathematics,Low,54.1,7,18.2
30393,South America,Science,Low,54.1,7,22.7
31612,Africa,Economics,Low,54.1,12,15.4
32259,Africa,Economics,Low,54.1,9,23.6
32567,Africa,Mathematics,Low,54.1,16,23.3
34879,Europe,Science,Low,54.1,12,9.2
37806,Europe,English,Low,54.1,15,2.2
37845,South Asia,Economics,Low,54.1,19,8.1
38569,North America,Economics,Low,54.1,10,14.6
39074,Africa,Computer Science,Low,54.1,12,23.8
39665,South America,Science,Low,54.1,19,11.4
2936,Europe,Economics,Low,54.2,8,10.0
3188,South Asia,History,Low,54.2,7,14.6
3355,South America,Computer Science,Low,54.2,7,21.9
3894,Europe,Economics,Low,54.2,5,15.5
4271,Africa,History,Low,54.2,4,21.3
6910,South America,Science,Low,54.2,10,10.1
10989,South Asia,Science,Low,54.2,16,21.4
12607,East Asia,Science,Low,54.2,8,16.4
13253,South America,Computer Science,Low,54.2,13,23.0
14226,Africa,Science,Low,54.2,8,12.9
15487,East Asia,Science,Low,54.2,18,6.9
15857,Europe,Science,Low,54.2,6,24.9
15866,North America,Science,Low,54.2,12,25.2
18196,South Asia,English,Low,54.2,10,27.3
19533,South America,History,Low,54.2,13,13.9
20208,Africa,Economics,Low,54.2,2,26.7
21052,South Asia,History,Low,54.2,10,12.7
22107,South Asia,Science,Low,54.2,10,22.8
22871,Africa,History,Low,54.2,18,13.5
23009,Africa,English,Low,54.2,14,18.7
23639,South America,Computer Science,Low,54.2,10,10.4
23740,Europe,History,Low,54.2,15,4.6
23937,South America,Mathematics,Low,54.2,5,21.8
24764,South Asia,English,Low,54.2,16,16.7
26040,Europe,History,Low,54.2,9,24.7
26437,South Asia,Science,Low,54.2,18,2.0
27130,Africa,Economics,Low,54.2,11,17.9
28216,Europe,Mathematics,Low,54.2,8,20.4
29038,North America,Computer Science,Low,54.2,7,21.3
30226,South America,Mathematics,Low,54.2,8,1.7
32111,South America,English,Low,54.2,9,25.0
33137,South America,Computer Science,Low,54.2,13,19.6
33412,South Asia,English,Low,54.2,16,20.1
35463,South Asia,Economics,Low,54.2,14,21.0
36857,South Asia,Economics,Low,54.2,11,28.1
38657,Europe,Economics,Low,54.2,27,9.0
515,South America,English,Low,54.3,18,17.6
2267,Africa,English,Low,54.3,18,20.3
2769,South Asia,English,Low,54.3,16,11.7
3294,Europe,Economics,Low,54.3,9,14.8
4258,North America,History,Low,54.3,9,0.0
5362,Africa,Computer Science,Low,54.3,9,19.7
6267,Africa,English,Low,54.3,17,13.7
8192,Europe,Economics,Low,54.3,8,27.7
9494,South Asia,Mathematics,Low,54.3,12,22.7
10287,Africa,English,Low,54.3,11,28.2
10812,Africa,English,Low,54.3,15,13.2
12437,South Asia,English,Low,54.3,12,15.5
12595,South America,Mathematics,Low,54.3,8,12.1
12988,North America,Computer Science,Low,54.3,8,6.8
16455,North America,History,Low,54.3,10,19.7
19448,South Asia,English,Low,54.3,7,21.2
22047,Africa,English,Low,54.3,13,20.1
25374,Africa,Mathematics,Low,54.3,17,22.4
26808,Africa,Computer Science,Low,54.3,9,2.1
28300,Africa,Computer Science,Low,54.3,18,16.0
28808,Africa,Economics,Low,54.3,4,24.3
28850,Europe,Science,Low,54.3,8,21.1
29084,South America,History,Low,54.3,7,18.1
30929,Europe,Mathematics,Low,54.3,11,8.3
32094,South Asia,English,Low,54.3,6,16.3
33856,Europe,English,Low,54.3,8,11.6
34547,South America,Economics,Low,54.3,21,3.4
34567,South America,Economics,Low,54.3,19,1.7
34806,South Asia,Science,Low,54.3,15,13.0
34971,Europe,English,Low,54.3,6,33.0
35340,East Asia,History,Low,54.3,11,27.2
35875,South Asia,Science,Low,54.3,16,8.3
36819,Europe,Science,Low,54.3,23,4.9
36931,North America,Mathematics,Low,54.3,7,28.7
37211,East Asia,English,Low,54.3,24,15.2
37977,South America,English,Low,54.3,17,5.8
124,South Asia,Mathematics,Low,54.4,22,15.0
1801,North America,Mathematics,Low,54.4,5,18.2
2028,South America,Science,Low,54.4,11,16.9
4652,South America,Economics,Low,54.4,14,15.7
5089,North America,History,Low,54.4,6,17.1
6691,South Asia,Computer Science,Low,54.4,14,19.3
8189,North America,Science,Low,54.4,3,17.9
9806,Europe,Mathematics,Low,54.4,12,19.7
10622,South Asia,Economics,Low,54.4,8,27.0
12854,North America,History,Low,54.4,26,10.7
15128,South Asia,History,Low,54.4,12,17.4
15222,Africa,English,Low,54.4,19,11.0
16613,South Asia,English,Low,54.4,23,4.3
16860,East Asia,Science,Low,54.4,6,14.0
16863,Europe,Mathematics,Low,54.4,6,8.5
17126,South America,History,Low,54.4,12,9.9
17347,South Asia,Computer Science,Low,54.4,9,12.1
18935,Africa,Mathematics,Low,54.4,27,12.5
19043,South America,History,Low,54.4,5,16.0
19684,Europe,History,Low,54.4,12,28.4
19861,Africa,History,Low,54.4,17,22.9
20454,Africa,English,Low,54.4,18,20.2
20578,South Asia,Science,Low,54.4,18,20.3
20792,South Asia,Mathematics,Low,54.4,7,26.4
21040,South America,History,Low,54.4,6,29.9
22880,South America,Economics,Low,54.4,13,24.8
23209,East Asia,Science,Low,54.4,20,13.9
25912,Europe,Mathematics,Low,54.4,19,16.6
26641,North America,Economics,Low,54.4,8,23.3
27044,South America,Science,Low,54.4,3,36.7
27145,South Asia,History,Low,54.4,13,16.9
27494,South America,Economics,Low,54.4,9,11.9
27886,Africa,Computer Science,Low,54.4,18,9.3
28199,East Asia,Economics,Low,54.4,12,24.0
28562,South Asia,Economics,Low,54.4,6,26.5
28719,South Asia,Economics,Low,54.4,29,4.4
28852,South Asia,History,Low,54.4,20,6.1
30050,Africa,Mathematics,Low,54.4,15,9.0
31421,East Asia,Computer Science,Low,54.4,16,14.2
31476,South America,English,Low,54.4,6,20.5
31926,East Asia,Mathematics,Low,54.4,9,20.9
33348,South Asia,Economics,Low,54.4,8,15.1
33378,East Asia,Economics,Low,54.4,12,29.1
33825,South Asia,Science,Low,54.4,6,28.4
33952,North America,English,Low,54.4,16,14.3
35364,South Asia,Economics,Low,54.4,23,2.0
35471,South Asia,Computer Science,Low,54.4,6,27.3
35610,Europe,English,Low,54.4,11,28.0
35989,South America,Economics,Low,54.4,24,9.2
37234,North America,Economics,Low,54.4,7,14.3
37359,South America,Economics,Low,54.4,15,0.0
37540,South America,English,Low,54.4,6,20.0
38798,South America,Economics,Low,54.4,12,28.1
39423,South Asia,Mathematics,Low,54.4,14,26.0
553,Africa,Science,Low,54.5,20,15.8
1264,Africa,History,Low,54.5,17,14.0
2861,Europe,English,Low,54.5,16,10.3
3874,South Asia,Mathematics,Low,54.5,21,15.2
3975,North America,Computer Science,Low,54.5,11,24.2
4565,South America,History,Low,54.5,3,23.1
4717,South America,Mathematics,Low,54.5,11,29.0
5005,Africa,Science,Low,54.5,16,15.9
6594,Africa,English,Low,54.5,24,15.1
6609,North America,History,Low,54.5,9,4.8
6808,South America,Economics,Low,54.5,8,27.3
7181,South Asia,History,Low,54.5,10,10.1
10090,Europe,Mathematics,Low,54.5,21,16.9
14569,North America,Science,Low,54.5,15,10.6
16228,Africa,History,Low,54.5,10,22.1
21149,East Asia,History,Low,54.5,8,22.3
21496,South America,Economics,Low,54.5,26,12.5
22546,South America,Economics,Low,54.5,17,23.8
22595,Africa,Mathematics,Low,54.5,7,9.8
22848,North America,History,Low,54.5,7,30.3
23254,Europe,Economics,Low,54.5,18,10.9
25357,Africa,Economics,Low,54.5,6,8.9
25455,North America,Mathematics,Low,54.5,7,23.1
25786,Europe,Mathematics,Low,54.5,13,20.6
25955,Africa,Mathematics,Low,54.5,10,17.8
28710,South America,Economics,Low,54.5,10,22.7
28975,South Asia,Science,Low,54.5,15,23.4
29166,South Asia,Science,Low,54.5,4,35.7
32821,Europe,Science,Low,54.5,15,19.9
33330,Africa,History,Low,54.5,11,26.1
35456,South America,Computer Science,Low,54.5,5,30.7
37257,Europe,Economics,Low,54.5,6,24.5
37601,North America,Science,Low,54.5,21,11.2
37928,Europe,Mathematics,Low,54.5,8,19.2
38174,East Asia,Economics,Low,54.5,11,13.2
39460,Africa,Computer Science,Low,54.5,13,26.0
2076,South Asia,Computer Science,Low,54.6,19,19.9
2837,South America,Mathematics,Low,54.6,15,17.9
4810,Africa,English,Low,54.6,21,19.3
5808,South America,Computer Science,Low,54.6,12,18.9
6187,South Asia,History,Low,54.6,15,23.8
6693,Africa,English,Low,54.6,21,3.8
8119,South Asia,Science,Low,54.6,13,23.6
8241,Africa,Mathematics,Low,54.6,17,23.7
8319,Europe,Science,Low,54.6,18,5.6
11228,East Asia,History,Low,54.6,12,10.7
13869,Africa,English,Low,54.6,11,13.2
14151,South Asia,Economics,Low,54.6,12,8.1
17136,South Asia,Economics,Low,54.6,8,32.8
17301,Europe,Computer Science,Low,54.6,11,2.9
17499,Africa,Science,Low,54.6,7,26.0
17720,Europe,History,Low,54.6,8,13.7
20531,Africa,History,Low,54.6,22,12.8
20753,Africa,Mathematics,Low,54.6,10,14.8
20876,South America,Science,Low,54.6,18,7.6
21102,South America,English,Low,54.6,14,14.6
21557,South Asia,Science,Low,54.6,14,22.9
22888,North America,Science,Low,54.6,12,21.6
23791,Africa,English,Low,54.6,13,9.6
24046,Europe,Economics,Low,54.6,5,17.5
24251,Europe,Economics,Low,54.6,6,15.4
26471,South America,Economics,Low,54.6,13,12.1
27602,Europe,English,Low,54.6,6,15.3
28833,Africa,Science,Low,54.6,13,11.5
28928,Europe,Economics,Low,54.6,20,19.0
29390,Africa,English,Low,54.6,9,13.6
30862,Africa,Science,Low,54.6,19,15.8
31565,North America,History,Low,54.6,7,22.7
34073,North America,Economics,Low,54.6,13,23.7
34764,South Asia,Computer Science,Low,54.6,9,6.8
35393,North America,English,Low,54.6,10,23.2
37470,South America,Mathematics,Low,54.6,11,2.3
38241,South America,Mathematics,Low,54.6,15,22.4
39804,South Asia,Economics,Low,54.6,15,7.2
405,South Asia,Mathematics,Low,54.7,10,23.1
691,South America,History,Low,54.7,16,16.8
1062,Africa,History,Low,54.7,10,6.0
1595,Africa,English,Low,54.7,34,2.0
1684,Africa,Mathematics,Low,54.7,11,8.7
1868,Africa,Economics,Low,54.7,9,14.4
1992,South Asia,History,Low,54.7,11,13.1
2899,Africa,History,Low,54.7,11,8.0
3023,South Asia,Mathematics,Low,54.7,8,20.1
5208,Africa,History,Low,54.7,14,5.1
6306,South Asia,English,Low,54.7,10,30.6
6784,Africa,Mathematics,Low,54.7,15,20.9
6873,South America,Mathematics,Low,54.7,12,24.0
7379,South Asia,Economics,Low,54.7,10,27.1
8035,Africa,Economics,Low,54.7,6,12.0
8244,Africa,Mathematics,Low,54.7,12,26.2
11578,Africa,Computer Science,Low,54.7,10,24.9
12206,South America,Science,Low,54.7,8,21.1
14575,South America,Science,Low,54.7,12,21.8
16270,Europe,Economics,Low,54.7,12,24.0
18593,Africa,Science,Low,54.7,17,13.5
19630,South America,Mathematics,Low,54.7,18,16.3
23472,South America,History,Low,54.7,4,19.9
23577,North America,Economics,Low,54.7,16,23.8
25121,East Asia,Mathematics,Low,54.7,8,8.8
25435,South America,History,Low,54.7,20,13.7
31293,Africa,Science,Low,54.7,4,26.2
31811,South Asia,Computer Science,Low,54.7,14,17.0
32985,East Asia,History,Low,54.7,24,29.9
32992,Europe,Mathematics,Low,54.7,15,18.5
34206,South America,Computer Science,Low,54.7,12,28.8
34520,Africa,Science,Low,54.7,8,18.7
34778,East Asia,Mathematics,Low,54.7,15,18.8
35208,North America,Mathematics,Low,54.7,7,19.8
35254,South Asia,History,Low,54.7,12,25.8
36845,Europe,Mathematics,Low,54.7,13,22.2
37930,South Asia,History,Low,54.7,6,30.9
38045,South Asia,Science,Low,54.7,11,14.2
38129,Europe,Economics,Low,54.7,7,34.5
2713,South America,English,Low,54.8,13,24.3
3591,North America,History,Low,54.8,10,25.0
3863,Europe,English,Low,54.8,14,3.2
4076,North America,Economics,Low,54.8,16,12.1
4669,Africa,Mathematics,Low,54.8,4,17.1
5113,South America,English,Low,54.8,1,4.4
5458,South Asia,Science,Low,54.8,9,8.0
5488,Africa,Computer Science,Low,54.8,17,21.8
6881,Europe,Economics,Low,54.8,11,15.5
7020,Europe,Economics,Low,54.8,17,22.1
9279,South America,English,Low,54.8,19,0.0
10747,East Asia,Mathematics,Low,54.8,19,18.5
11101,South America,English,Low,54.8,10,29.7
11957,South America,Mathematics,Low,54.8,14,13.6
18033,Europe,Mathematics,Low,54.8,15,1.0
18062,South Asia,English,Low,54.8,16,19.1
18897,Europe,Mathematics,Low,54.8,9,4.2
19107,North America,English,Low,54.8,16,12.2
19744,Africa,Computer Science,Low,54.8,14,14.1
21503,Europe,English,Low,54.8,5,0.0
21625,Africa,Computer Science,Low,54.8,8,24.7
22844,North America,Economics,Low,54.8,14,16.2
23047,East Asia,Economics,Low,54.8,13,19.5
23308,East Asia,Mathematics,Low,54.8,15,21.3
23694,Africa,English,Low,54.8,7,26.9
23854,South Asia,History,Low,54.8,25,15.0
24176,North America,History,Low,54.8,16,0.0
27517,Africa,English,Low,54.8,14,12.1
29765,East Asia,English,Low,54.8,11,17.7
29891,North America,Mathematics,Low,54.8,21,6.3
30574,South America,Mathematics,Low,54.8,17,11.2
31028,South Asia,Economics,Low,54.8,16,10.2
31165,South Asia,Computer Science,Low,54.8,13,15.9
32039,South Asia,Mathematics,Low,54.8,12,19.0
32254,South America,Mathematics,Low,54.8,10,7.7
33436,Europe,Economics,Low,54.8,10,31.4
34998,North America,Science,Low,54.8,8,23.3
35374,Europe,English,Low,54.8,16,17.8
35868,South America,Mathematics,Low,54.8,3,20.0
36021,Europe,Economics,Low,54.8,13,14.4
36690,Africa,Economics,Low,54.8,12,20.2
37467,South America,Science,Low,54.8,4,33.6
37824,South Asia,Mathematics,Low,54.8,9,9.9
38333,North America,Science,Low,54.8,17,10.0
38679,East Asia,Mathematics,Low,54.8,12,24.6
38766,South Asia,History,Low,54.8,12,10.4
39204,South America,History,Low,54.8,14,21.8
39226,South Asia,Computer Science,Low,54.8,7,0.0
1302,South Asia,Science,Low,54.9,14,24.7
1343,North America,Science,Low,54.9,7,32.8
1360,South Asia,Science,Low,54.9,12,27.9
3142,South Asia,History,Low,54.9,13,25.6
5248,South America,Mathematics,Low,54.9,7,26.0
5419,East Asia,English,Low,54.9,16,22.7
5609,East Asia,English,Low,54.9,11,15.6
5672,East Asia,Science,Low,54.9,13,10.3
5894,Europe,English,Low,54.9,9,23.8
6585,Africa,Economics,Low,54.9,16,13.0
7977,North America,Mathematics,Low,54.9,11,11.5
8171,South America,English,Low,54.9,10,14.2
10175,South America,History,Low,54.9,12,14.0
11304,South Asia,Computer Science,Low,54.9,9,28.8
11316,Africa,English,Low,54.9,9,13.8
12153,Africa,History,Low,54.9,15,9.4
13392,Europe,Economics,Low,54.9,14,23.5
13514,Africa,Science,Low,54.9,15,17.7
14346,Africa,Economics,Low,54.9,16,16.6
14704,North America,Mathematics,Low,54.9,18,21.5
15117,East Asia,Economics,Low,54.9,4,31.0
16182,South Asia,Computer Science,Low,54.9,16,11.5
16263,South America,History,Low,54.9,18,21.3
17541,South America,Science,Low,54.9,17,15.1
17849,Africa,History,Low,54.9,4,22.7
19009,South America,History,Low,54.9,10,8.3
19035,South Asia,Computer Science,Low,54.9,7,11.2
19754,Africa,History,Low,54.9,10,21.2
20134,South Asia,Science,Low,54.9,10,16.1
20540,Europe,History,Low,54.9,11,27.5
21290,East Asia,Mathematics,Low,54.9,12,17.2
23380,East Asia,Computer Science,Low,54.9,18,19.2
25546,Africa,Computer Science,Low,54.9,13,23.0
26994,Europe,Mathematics,Low,54.9,8,16.5
29332,South Asia,History,Low,54.9,8,0.0
32827,South Asia,Computer Science,Low,54.9,17,16.2
32905,East Asia,Science,Low,54.9,13,17.2
35422,South America,Economics,Low,54.9,12,12.2
37302,Africa,Mathematics,Low,54.9,21,14.5
37853,Africa,Mathematics,Low,54.9,15,12.7
37904,South Asia,Science,Low,54.9,9,22.7
38369,South Asia,History,Low,54.9,27,10.0
38855,Africa,Mathematics,Low,54.9,15,2.7
816,South America,Computer Science,Low,55.0,12,12.8
1585,East Asia,Science,Low,55.0,8,20.8
2001,South America,English,Low,55.0,10,11.2
4266,South America,English,Low,55.0,28,3.5
4462,South Asia,Computer Science,Low,55.0,7,21.1
5733,South America,Science,Low,55.0,20,13.9
5818,South America,Science,Low,55.0,11,27.7
6635,South America,English,Low,55.0,19,12.8
6795,Africa,Mathematics,Low,55.0,24,13.5
6968,East Asia,Science,Low,55.0,2,29.7
7295,Europe,History,Low,55.0,3,19.8
8303,South Asia,Mathematics,Low,55.0,9,29.8
8687,North America,Mathematics,Low,55.0,25,11.7
9349,North America,Economics,Low,55.0,25,13.2
9977,Europe,English,Low,55.0,17,17.0
10446,North America,Science,Low,55.0,11,28.3
11239,South America,History,Low,55.0,5,20.3
13554,South Asia,History,Low,55.0,22,0.0
14826,North America,Economics,Low,55.0,12,25.3
15385,East Asia,Science,Low,55.0,9,24.0
15700,Africa,Computer Science,Low,55.0,8,16.5
16251,North America,Mathematics,Low,55.0,14,15.0
16600,South Asia,English,Low,55.0,17,15.2
19382,South Asia,Mathematics,Low,55.0,15,15.5
19664,Europe,Economics,Low,55.0,7,23.9
21136,Africa,Economics,Low,55.0,16,14.9
21579,South America,History,Low,55.0,18,20.4
24087,Europe,Computer Science,Low,55.0,12,6.9
26118,South Asia,Mathematics,Low,55.0,11,15.4
27162,South Asia,History,Low,55.0,15,23.4
27248,South America,Mathematics,Low,55.0,12,19.5
27333,Africa,English,Low,55.0,12,19.0
29486,Africa,History,Low,55.0,18,4.0
29604,Africa,Mathematics,Low,55.0,16,15.8
30692,South America,History,Low,55.0,15,11.0
31750,South America,History,Low,55.0,16,10.5
32367,South America,Economics,Low,55.0,8,32.5
32495,South America,English,Low,55.0,18,9.2
33095,South America,Computer Science,Low,55.0,18,21.5
34316,South America,History,Low,55.0,10,6.0
34851,North America,Computer Science,Low,55.0,11,14.1
34979,Africa,Economics,Low,55.0,15,0.0
35223,North America,History,Low,55.0,12,13.5
35585,East Asia,English,Low,55.0,14,30.1
36814,South Asia,Science,Low,55.0,12,26.5
38688,South America,Science,Low,55.0,12,3.7
39155,South Asia,Economics,Low,55.0,23,5.1
247,Africa,Science,Low,55.1,7,26.3
2102,Africa,History,Low,55.1,24,13.6
2530,East Asia,English,Low,55.1,15,16.6
3381,Africa,History,Low,55.1,8,27.1
4815,Africa,Science,Low,55.1,14,26.8
5381,North America,Mathematics,Low,55.1,11,14.1
7068,North America,Computer Science,Low,55.1,8,5.6
7667,East Asia,English,Low,55.1,7,11.8
9248,South America,History,Low,55.1,17,15.1
9513,South Asia,English,Low,55.1,26,13.2
12016,South America,Science,Low,55.1,13,7.8
12095,East Asia,Computer Science,Low,55.1,17,12.7
13711,North America,English,Low,55.1,5,14.1
14197,North America,English,Low,55.1,29,6.2
14722,South Asia,Computer Science,Low,55.1,5,26.0
15497,North America,English,Low,55.1,9,4.8
16821,South America,Science,Low,55.1,12,21.6
16889,South America,Mathematics,Low,55.1,12,18.9
18165,South America,Mathematics,Low,55.1,18,8.3
18651,Africa,Computer Science,Low,55.1,10,22.6
20466,South Asia,Mathematics,Low,55.1,11,16.8
20500,South America,History,Low,55.1,6,3.8
22200,South Asia,History,Low,55.1,13,20.9
22333,Africa,English,Low,55.1,19,12.6
23250,Africa,Computer Science,Low,55.1,6,14.5
26136,Africa,Mathematics,Low,55.1,9,16.9
26462,South Asia,Science,Low,55.1,28,1.9
26506,South Asia,Mathematics,Low,55.1,15,0.0
27544,South Asia,Economics,Low,55.1,9,29.4
27916,South Asia,Economics,Low,55.1,10,24.5
29313,South America,Mathematics,Low,55.1,12,27.2
29949,Africa,English,Low,55.1,7,4.8
30380,Europe,Science,Low,55.1,27,7.6
30738,Europe,English,Low,55.1,12,13.4
34004,North America,Economics,Low,55.1,5,20.9
34900,South Asia,Computer Science,Low,55.1,13,14.2
35035,East Asia,English,Low,55.1,27,9.5
37415,Africa,Economics,Low,55.1,17,17.4
37416,Europe,English,Low,55.1,22,15.9
37627,North America,Mathematics,Low,55.1,21,14.0
38118,South Asia,Mathematics,Low,55.1,10,26.0
39545,East Asia,Mathematics,Low,55.1,7,15.6
39885,South America,Computer Science,Low,55.1,10,18.9
39983,South Asia,Economics,Low,55.1,5,4.1
1143,South America,Economics,Low,55.2,17,0.0
1722,Africa,Science,Low,55.2,15,19.5
2299,Europe,Mathematics,Low,55.2,11,16.5
3412,South America,Science,Low,55.2,5,21.3
3529,Europe,English,Low,55.2,11,24.3
4512,East Asia,Economics,Low,55.2,9,23.8
4632,Europe,Science,Low,55.2,15,22.6
5104,South Asia,History,Low,55.2,6,32.0
5323,Africa,English,Low,55.2,13,23.8
5346,South Asia,Mathematics,Low,55.2,14,4.9
5519,East Asia,Computer Science,Low,55.2,13,12.4
8337,South Asia,English,Low,55.2,8,18.1
9112,Africa,Computer Science,Low,55.2,14,21.8
10452,South Asia,Economics,Low,55.2,8,21.3
10669,South Asia,History,Low,55.2,19,17.5
12440,South Asia,Economics,Low,55.2,9,30.9
13003,North America,English,Low,55.2,6,15.8
13210,Africa,Mathematics,Low,55.2,14,3.1
14210,Europe,Science,Low,55.2,6,28.7
16878,South America,Economics,Low,55.2,15,13.6
16934,South Asia,English,Low,55.2,13,24.1
17765,Africa,Economics,Low,55.2,8,27.7
18649,South America,English,Low,55.2,14,9.2
18856,South Asia,Economics,Low,55.2,20,16.9
19508,North America,Economics,Low,55.2,12,22.3
20431,Europe,Economics,Low,55.2,9,0.0
20437,Europe,Economics,Low,55.2,14,10.0
21585,South America,History,Low,55.2,15,6.8
22278,South Asia,Science,Low,55.2,16,14.9
23019,East Asia,Mathematics,Low,55.2,18,10.2
23389,Europe,Computer Science,Low,55.2,14,4.4
24130,Europe,English,Low,55.2,4,0.0
25144,South America,English,Low,55.2,20,2.9
25511,North America,English,Low,55.2,19,12.6
25892,South Asia,Mathematics,Low,55.2,11,15.7
25932,Africa,Mathematics,Low,55.2,17,1.8
26249,Africa,Mathematics,Low,55.2,12,28.9
27368,Africa,Science,Low,55.2,8,10.1
30158,East Asia,Mathematics,Low,55.2,14,11.6
30356,North America,Computer Science,Low,55.2,30,7.5
32402,Europe,Economics,Low,55.2,17,15.1
32765,South America,History,Low,55.2,14,14.8
33125,East Asia,Mathematics,Low,55.2,6,17.8
34040,South Asia,English,Low,55.2,14,19.5
34058,East Asia,Computer Science,Low,55.2,10,27.5
34697,South Asia,Science,Low,55.2,7,13.4
34722,South America,Mathematics,Low,55.2,9,15.2
38468,South America,Science,Low,55.2,7,21.0
38967,Europe,Mathematics,Low,55.2,8,21.6
39465,East Asia,Economics,Low,55.2,8,13.2
39728,South America,Mathematics,Low,55.2,18,29.8
875,Africa,Mathematics,Low,55.3,8,27.0
1326,Europe,English,Low,55.3,14,11.0
1328,North America,Science,Low,55.3,6,7.8
2759,South Asia,Economics,Low,55.3,5,14.4
4500,South Asia,Computer Science,Low,55.3,8,19.8
5229,North America,Mathematics,Low,55.3,11,23.1
6059,East Asia,English,Low,55.3,9,19.8
6194,North America,Economics,Low,55.3,9,19.5
6986,South America,Mathematics,Low,55.3,13,26.5
7006,North America,Mathematics,Low,55.3,10,28.2
8271,South Asia,Economics,Low,55.3,12,26.5
8493,South Asia,Science,Low,55.3,15,22.5
9469,South America,History,Low,55.3,5,18.0
9833,South Asia,Economics,Low,55.3,14,10.1
10292,South America,English,Low,55.3,6,23.3
10627,Europe,Economics,Low,55.3,10,6.2
10825,Africa,Science,Low,55.3,4,26.3
12744,North America,Mathematics,Low,55.3,18,14.7
12834,South Asia,English,Low,55.3,13,8.8
13591,Europe,History,Low,55.3,18,14.9
17620,South America,Science,Low,55.3,10,12.5
17889,South America,Science,Low,55.3,15,25.9
18546,South America,Mathematics,Low,55.3,6,30.0
18696,South America,Science,Low,55.3,17,9.2
19137,Europe,Economics,Low,55.3,6,31.7
19230,North America,Computer Science,Low,55.3,8,7.1
19907,Africa,Mathematics,Low,55.3,17,19.2
21915,East Asia,Economics,Low,55.3,16,3.8
22108,South Asia,Science,Low,55.3,7,0.4
23027,Europe,English,Low,55.3,19,19.8
23684,South America,Mathematics,Low,55.3,7,27.1
23717,South Asia,Economics,Low,55.3,6,27.2
24058,South Asia,Science,Low,55.3,17,12.8
24478,South America,Mathematics,Low,55.3,15,11.1
26113,Africa,Mathematics,Low,55.3,13,18.7
26547,Africa,Science,Low,55.3,9,23.5
27906,South America,Economics,Low,55.3,14,13.0
28411,Europe,Science,Low,55.3,11,24.6
28565,Africa,English,Low,55.3,12,17.7
30757,Europe,History,Low,55.3,18,12.6
32267,Africa,Economics,Low,55.3,14,18.5
32413,East Asia,Computer Science,Low,55.3,14,10.3
32415,South Asia,Computer Science,Low,55.3,8,28.0
32825,South America,Computer Science,Low,55.3,12,21.2
32884,South America,Science,Low,55.3,22,16.7
33029,East Asia,Economics,Low,55.3,23,5.8
33411,South America,Computer Science,Low,55.3,18,5.9
34030,Africa,History,Low,55.3,17,20.8
34306,East Asia,Economics,Low,55.3,16,23.5
35637,South America,Science,Low,55.3,10,27.6
36669,South Asia,Science,Low,55.3,3,15.7
38410,South Asia,English,Low,55.3,11,21.1
38577,Africa,Mathematics,Low,55.3,4,30.3
39939,South America,Economics,Low,55.3,9,20.0
862,South America,Science,Low,55.4,11,8.4
2928,Europe,Economics,Low,55.4,12,14.9
3769,Africa,Economics,Low,55.4,18,15.1
6963,South Asia,Mathematics,Low,55.4,16,19.7
7199,Europe,Science,Low,55.4,18,5.9
7485,North America,English,Low,55.4,10,30.1
7596,Africa,History,Low,55.4,14,19.2
9338,South America,History,Low,55.4,15,22.7
10226,Africa,History,Low,55.4,6,11.9
11034,Europe,Economics,Low,55.4,12,7.7
11457,South Asia,Economics,Low,55.4,3,27.6
11632,Africa,Science,Low,55.4,13,23.1
11702,South America,Mathematics,Low,55.4,3,12.4
11960,East Asia,Economics,Low,55.4,6,17.4
11979,South America,Mathematics,Low,55.4,4,9.8
12119,North America,English,Low,55.4,12,17.7
13113,South Asia,Science,Low,55.4,6,21.3
15138,South America,English,Low,55.4,12,10.0
15723,South America,Science,Low,55.4,9,16.6
16657,East Asia,Mathematics,Low,55.4,17,0.7
17162,East Asia,Economics,Low,55.4,3,0.0
17214,Europe,History,Low,55.4,8,24.0
17396,South Asia,Economics,Low,55.4,7,27.0
18258,Europe,Economics,Low,55.4,12,15.1
18554,South America,English,Low,55.4,15,8.4
19431,East Asia,Economics,Low,55.4,26,4.9
20397,South America,Economics,Low,55.4,6,30.4
20900,Europe,History,Low,55.4,4,20.8
21643,South America,Mathematics,Low,55.4,16,20.8
21690,Europe,Economics,Low,55.4,9,21.1
22565,South Asia,Science,Low,55.4,5,24.0
23407,South America,Mathematics,Low,55.4,7,25.5
23733,Africa,Computer Science,Low,55.4,12,18.1
24852,North America,Mathematics,Low,55.4,6,18.0
25009,North America,Computer Science,Low,55.4,5,26.7
25185,Europe,Economics,Low,55.4,12,26.9
25394,Africa,Computer Science,Low,55.4,16,15.9
26659,Africa,Science,Low,55.4,11,26.4
27828,North America,Economics,Low,55.4,14,16.1
28732,Africa,Economics,Low,55.4,7,29.4
28784,South Asia,Mathematics,Low,55.4,7,31.9
28962,Africa,English,Low,55.4,22,7.7
29114,North America,Economics,Low,55.4,30,7.8
29632,South Asia,Mathematics,Low,55.4,14,17.4
29740,Europe,Science,Low,55.4,17,18.5
29794,North America,History,Low,55.4,11,5.8
31500,South Asia,History,Low,55.4,10,24.9
32257,Africa,Science,Low,55.4,6,17.9
32301,Africa,Science,Low,55.4,19,14.5
32544,South America,History,Low,55.4,9,24.5
33131,East Asia,English,Low,55.4,7,18.1
33484,East Asia,Mathematics,Low,55.4,13,15.7
33732,South Asia,History,Low,55.4,22,17.7
33979,South Asia,English,Low,55.4,17,19.9
34016,South Asia,History,Low,55.4,14,29.9
36572,South Asia,History,Low,55.4,12,21.5
36921,North America,Economics,Low,55.4,15,11.0
37105,East Asia,History,Low,55.4,14,7.2
37292,South Asia,Science,Low,55.4,9,28.2
38028,East Asia,Mathematics,Low,55.4,8,16.4
246,North America,Economics,Low,55.5,2,26.3
573,Europe,Economics,Low,55.5,12,22.8
1733,Africa,Economics,Low,55.5,20,12.2
2568,East Asia,Mathematics,Low,55.5,14,5.7
2709,Africa,Science,Low,55.5,13,17.0
2792,North America,Science,Low,55.5,6,31.9
3809,East Asia,Science,Low,55.5,9,13.4
3991,Africa,History,Low,55.5,17,23.7
4077,South America,English,Low,55.5,11,22.3
4100,South Asia,Economics,Low,55.5,14,11.5
5340,South Asia,History,Low,55.5,12,15.5
6047,North America,Computer Science,Low,55.5,13,12.3
7099,Europe,Economics,Low,55.5,12,14.2
7726,Africa,Economics,Low,55.5,13,24.9
7996,South Asia,Computer Science,Low,55.5,14,16.8
8827,Europe,History,Low,55.5,4,16.8
9438,East Asia,History,Low,55.5,7,3.4
9639,South America,Economics,Low,55.5,15,25.2
10314,Europe,Science,Low,55.5,17,6.7
10843,South America,Economics,Low,55.5,7,34.0
11207,South Asia,Economics,Low,55.5,8,32.4
12237,East Asia,Science,Low,55.5,6,24.9
12528,Africa,English,Low,55.5,17,22.6
12970,South America,Science,Low,55.5,9,25.0
13347,South Asia,Economics,Low,55.5,11,30.4
14724,Africa,Science,Low,55.5,12,12.3
15937,Africa,History,Low,55.5,14,24.7
16789,South Asia,Mathematics,Low,55.5,11,29.7
17352,Africa,Economics,Low,55.5,17,30.4
18211,South America,Economics,Low,55.5,15,9.2
18764,South Asia,Economics,Low,55.5,17,19.0
19639,North America,Mathematics,Low,55.5,9,0.0
19670,South America,Economics,Low,55.5,13,30.4
20391,South Asia,Computer Science,Low,55.5,6,8.3
21431,Africa,Science,Low,55.5,27,6.9
21520,South America,Economics,Low,55.5,8,29.0
21862,Europe,English,Low,55.5,13,9.0
22121,North America,Science,Low,55.5,8,17.9
22860,South America,Computer Science,Low,55.5,8,1.6
22933,South America,Mathematics,Low,55.5,13,18.9
23013,Europe,Mathematics,Low,55.5,5,20.4
23372,South America,History,Low,55.5,14,14.0
23742,North America,History,Low,55.5,15,24.8
26383,Europe,English,Low,55.5,11,21.2
27600,East Asia,Economics,Low,55.5,18,15.3
28630,South America,Science,Low,55.5,7,24.1
29208,South America,Mathematics,Low,55.5,12,24.5
29977,South America,English,Low,55.5,11,9.4
31546,Africa,Mathematics,Low,55.5,6,29.8
33122,Africa,Science,Low,55.5,11,21.8
36267,North America,Mathematics,Low,55.5,17,29.8
36719,Europe,English,Low,55.5,10,13.8
36751,South Asia,English,Low,55.5,23,16.4
38375,South America,Mathematics,Low,55.5,9,31.5
38737,Africa,Science,Low,55.5,6,21.5
39276,South America,Mathematics,Low,55.5,10,14.0
2488,North America,English,Low,55.6,11,4.8
3727,North America,Economics,Low,55.6,18,21.0
6686,North America,Computer Science,Low,55.6,3,2.2
7002,South Asia,English,Low,55.6,11,29.5
7319,East Asia,Science,Low,55.6,10,9.5
7410,North America,Mathematics,Low,55.6,9,4.0
7435,South Asia,Economics,Low,55.6,11,16.1
7554,Africa,Mathematics,Low,55.6,9,17.0
7561,East Asia,Economics,Low,55.6,6,18.8
9001,South Asia,Science,Low,55.6,27,9.0
9203,South Asia,Economics,Low,55.6,9,17.9
9417,South Asia,Economics,Low,55.6,11,25.9
11642,Africa,Computer Science,Low,55.6,19,20.1
12827,South Asia,English,Low,55.6,14,27.1
12875,South America,History,Low,55.6,9,4.8
13439,South Asia,Computer Science,Low,55.6,14,19.3
13684,South America,English,Low,55.6,5,24.8
15156,North America,Science,Low,55.6,7,15.4
15793,South Asia,History,Low,55.6,5,6.5
16491,South Asia,Economics,Low,55.6,11,20.3
16772,South Asia,History,Low,55.6,15,4.8
18236,East Asia,Mathematics,Low,55.6,12,5.1
19825,South America,Computer Science,Low,55.6,8,20.9
20332,South America,Science,Low,55.6,12,17.0
20595,South America,Mathematics,Low,55.6,5,22.9
21680,Africa,Economics,Low,55.6,16,16.1
23267,Africa,Mathematics,Low,55.6,14,2.0
23375,South Asia,Economics,Low,55.6,9,30.3
23627,North America,Economics,Low,55.6,6,8.6
24458,South America,Mathematics,Low,55.6,14,17.1
25296,Europe,Economics,Low,55.6,21,15.0
25920,South America,Economics,Low,55.6,8,9.5
27815,East Asia,Economics,Low,55.6,19,12.2
30099,South America,Science,Low,55.6,17,10.1
30260,South Asia,Computer Science,Low,55.6,5,14.4
30886,Africa,Economics,Low,55.6,16,18.3
31025,South America,History,Low,55.6,5,22.8
32501,South America,Computer Science,Low,55.6,20,0.0
32770,South Asia,Computer Science,Low,55.6,13,22.2
33631,Africa,Computer Science,Low,55.6,11,10.8
34613,South America,Mathematics,Low,55.6,9,19.2
34931,South America,History,Low,55.6,15,18.6
36174,Europe,Science,Low,55.6,22,0.0
36298,South America,Science,Low,55.6,22,15.8
36568,South Asia,Mathematics,Low,55.6,11,21.0
36601,South America,English,Low,55.6,14,16.2
37571,Africa,Economics,Low,55.6,21,18.1
37727,South America,English,Low,55.6,13,27.5
404,South America,Mathematics,Low,55.7,3,19.0
679,East Asia,Computer Science,Low,55.7,9,18.7
1592,South Asia,English,Low,55.7,4,19.8
1887,East Asia,Computer Science,Low,55.7,9,24.7
2379,South America,History,Low,55.7,12,26.2
2696,South Asia,Economics,Low,55.7,13,16.2
2799,Africa,History,Low,55.7,5,19.2
2808,Europe,History,Low,55.7,6,33.9
5747,South Asia,History,Low,55.7,10,27.2
7675,South America,Science,Low,55.7,20,16.0
7898,South America,Mathematics,Low,55.7,7,16.0
9132,East Asia,Mathematics,Low,55.7,11,10.0
9932,North America,Computer Science,Low,55.7,19,0.0
11912,East Asia,Economics,Low,55.7,5,20.7
12916,Africa,History,Low,55.7,15,9.9
14946,South Asia,Computer Science,Low,55.7,9,7.0
14982,South America,Computer Science,Low,55.7,16,10.3
15663,South Asia,Science,Low,55.7,14,20.0
16090,South America,Science,Low,55.7,6,11.4
16486,South America,Science,Low,55.7,10,10.7
16566,South Asia,Science,Low,55.7,9,19.2
16923,South Asia,Computer Science,Low,55.7,14,25.2
17236,Africa,Mathematics,Low,55.7,11,27.5
17403,Europe,Mathematics,Low,55.7,8,29.4
18486,North America,Mathematics,Low,55.7,11,25.5
19710,North America,Science,Low,55.7,5,23.1
20464,Africa,History,Low,55.7,14,24.3
20471,Africa,English,Low,55.7,13,23.3
20622,North America,Science,Low,55.7,10,0.3
21065,Africa,English,Low,55.7,5,13.3
22446,North America,History,Low,55.7,11,26.2
23077,East Asia,History,Low,55.7,18,18.8
24065,South Asia,English,Low,55.7,13,21.5
24766,Africa,English,Low,55.7,18,20.3
25498,South Asia,Economics,Low,55.7,9,2.8
26191,South Asia,Mathematics,Low,55.7,12,16.6
27424,East Asia,Economics,Low,55.7,19,19.8
27819,Africa,Economics,Low,55.7,6,26.5
29043,Europe,Economics,Low,55.7,8,6.1
29295,South Asia,Mathematics,Low,55.7,9,30.1
30048,Africa,English,Low,55.7,17,15.2
30311,Africa,History,Low,55.7,11,18.6
30892,South Asia,Mathematics,Low,55.7,10,18.5
31017,Europe,Computer Science,Low,55.7,11,14.0
31064,South America,History,Low,55.7,20,5.1
31347,Europe,Mathematics,Low,55.7,8,9.6
37014,Africa,Economics,Low,55.7,10,26.6
37631,East Asia,English,Low,55.7,6,18.1
37907,Africa,Computer Science,Low,55.7,6,10.6
38116,Europe,Mathematics,Low,55.7,25,13.7
38187,South Asia,Mathematics,Low,55.7,8,13.2
38240,Europe,English,Low,55.7,11,18.4
39166,Europe,Mathematics,Low,55.7,13,24.5
39492,East Asia,Mathematics,Low,55.7,13,26.1
39995,Africa,Science,Low,55.7,12,17.6
2246,Africa,History,Low,55.8,7,23.0
3145,Africa,Mathematics,Low,55.8,10,17.9
3235,East Asia,Science,Low,55.8,12,24.2
3559,Europe,Science,Low,55.8,5,3.6
3899,Europe,Mathematics,Low,55.8,15,18.2
5587,Europe,Mathematics,Low,55.8,8,6.5
5867,Africa,History,Low,55.8,15,22.2
6794,North America,English,Low,55.8,13,22.0
8157,North America,Computer Science,Low,55.8,10,15.0
8388,South America,Economics,Low,55.8,12,12.4
8986,South America,English,Low,55.8,12,26.3
9888,South America,Mathematics,Low,55.8,8,7.2
10267,Europe,History,Low,55.8,10,21.4
11276,Africa,English,Low,55.8,9,28.3
13045,South Asia,Economics,Low,55.8,6,6.5
14257,South America,Mathematics,Low,55.8,10,9.5
14313,South Asia,Computer Science,Low,55.8,11,26.2
15884,South Asia,English,Low,55.8,5,6.2
17580,Africa,Mathematics,Low,55.8,12,18.2
17622,Africa,Science,Low,55.8,21,7.3
17838,South America,Computer Science,Low,55.8,14,1.3
18108,Africa,Economics,Low,55.8,14,11.8
18495,South America,English,Low,55.8,17,23.5
19500,North America,Economics,Low,55.8,9,21.4
19603,East Asia,History,Low,55.8,24,15.4
20579,East Asia,Mathematics,Low,55.8,19,18.9
20641,South America,Mathematics,Low,55.8,15,23.5
23657,South America,Science,Low,55.8,8,27.4
24001,South America,History,Low,55.8,10,28.1
25261,Africa,Mathematics,Low,55.8,25,7.0
25594,South America,Computer Science,Low,55.8,7,23.0
26130,South Asia,Economics,Low,55.8,14,6.1
26715,Europe,Science,Low,55.8,6,24.5
27111,South America,Science,Low,55.8,16,20.2
27352,South America,English,Low,55.8,15,11.9
29636,South America,Computer Science,Low,55.8,13,22.1
30464,South America,Economics,Low,55.8,12,18.2
31691,North America,Mathematics,Low,55.8,22,13.6
33159,South Asia,Science,Low,55.8,4,19.2
33610,North America,Computer Science,Low,55.8,13,16.0
34921,South America,Science,Low,55.8,11,24.5
35700,East Asia,History,Low,55.8,3,23.3
35783,South Asia,Economics,Low,55.8,10,15.4
36705,Europe,Computer Science,Low,55.8,7,21.7
36809,South America,Mathematics,Low,55.8,12,29.8
199,South Asia,Mathematics,Low,55.9,8,8.8
217,North America,History,Low,55.9,18,29.9
359,North America,English,Low,55.9,19,9.0
1671,Africa,History,Low,55.9,8,29.9
2858,Africa,Economics,Low,55.9,12,24.6
5880,North America,Mathematics,Low,55.9,11,24.4
6955,South Asia,Mathematics,Low,55.9,12,25.5
7359,South America,Science,Low,55.9,14,18.0
10474,Europe,Computer Science,Low,55.9,13,22.0
10842,South Asia,Science,Low,55.9,13,11.1
11670,East Asia,Computer Science,Low,55.9,21,17.8
15093,South Asia,English,Low,55.9,14,0.0
19081,North America,Science,Low,55.9,21,19.4
19641,Africa,English,Low,55.9,22,11.0
20307,North America,English,Low,55.9,15,11.0
20983,Africa,English,Low,55.9,10,25.4
21311,South America,Computer Science,Low,55.9,6,11.6
21428,Europe,English,Low,55.9,10,13.1
22149,East Asia,Mathematics,Low,55.9,15,24.7
22567,Africa,History,Low,55.9,12,28.8
23626,South America,Computer Science,Low,55.9,12,16.9
23707,Africa,English,Low,55.9,11,20.1
24179,Africa,Mathematics,Low,55.9,18,15.5
25705,South America,Economics,Low,55.9,24,4.4
25755,Europe,Computer Science,Low,55.9,8,17.2
26624,Africa,Computer Science,Low,55.9,2,24.2
28486,Africa,English,Low,55.9,7,29.1
28614,Europe,Mathematics,Low,55.9,4,12.6
28942,Europe,History,Low,55.9,10,15.9
30287,Europe,Science,Low,55.9,12,29.9
30379,South America,English,Low,55.9,8,16.8
30425,Africa,Computer Science,Low,55.9,7,2.0
30561,South America,Mathematics,Low,55.9,15,24.7
31438,South Asia,Science,Low,55.9,12,26.7
31737,Africa,Computer Science,Low,55.9,11,22.8
33116,East Asia,History,Low,55.9,10,17.7
35052,South Asia,English,Low,55.9,11,8.8
35083,North America,History,Low,55.9,15,23.0
35394,South Asia,English,Low,55.9,23,6.1
36333,East Asia,English,Low,55.9,13,21.9
36899,Europe,History,Low,55.9,21,14.3
37316,North America,Mathematics,Low,55.9,12,10.2
37431,South Asia,English,Low,55.9,5,0.0
39061,South Asia,History,Low,55.9,4,21.7
39129,North America,Computer Science,Low,55.9,21,11.3
39141,Africa,Science,Low,55.9,5,26.4
39774,Europe,Mathematics,Low,55.9,10,29.8
284,South Asia,Mathematics,Low,56.0,18,10.9
2438,Africa,Computer Science,Low,56.0,5,26.2
2867,Europe,History,Low,56.0,8,14.6
3467,East Asia,English,Low,56.0,2,10.2
3784,Africa,Computer Science,Low,56.0,14,23.9
4726,South Asia,Science,Low,56.0,17,6.4
5114,North America,History,Low,56.0,19,18.9
5945,Europe,Economics,Low,56.0,11,12.6
7118,East Asia,Mathematics,Low,56.0,10,11.3
8061,South Asia,Mathematics,Low,56.0,18,17.0
9040,Europe,Economics,Low,56.0,8,0.0
9260,Europe,Mathematics,Low,56.0,19,0.1
9861,East Asia,Economics,Low,56.0,15,21.7
10337,Europe,Economics,Low,56.0,13,13.1
10504,North America,Computer Science,Low,56.0,1,15.4
12140,North America,Computer Science,Low,56.0,6,16.7
15370,North America,Science,Low,56.0,9,6.5
15838,South America,History,Low,56.0,8,14.0
19836,South Asia,Science,Low,56.0,8,29.1
20557,South Asia,Mathematics,Low,56.0,3,24.7
20816,Africa,Economics,Low,56.0,11,27.2
21137,South America,Science,Low,56.0,8,29.9
21598,South America,History,Low,56.0,11,25.4
21794,Europe,Science,Low,56.0,10,14.6
22066,South America,Economics,Low,56.0,9,0.0
22976,South America,English,Low,56.0,14,19.1
23406,Europe,Science,Low,56.0,7,7.4
24296,Africa,Science,Low,56.0,13,21.4
24504,North America,History,Low,56.0,5,27.1
24607,East Asia,Science,Low,56.0,15,13.6
24874,North America,Mathematics,Low,56.0,18,21.0
26172,Africa,Economics,Low,56.0,18,16.0
26998,North America,Computer Science,Low,56.0,7,31.2
27263,Europe,Economics,Low,56.0,12,28.0
28586,East Asia,History,Low,56.0,11,30.3
28897,Europe,History,Low,56.0,8,11.9
29128,Africa,Mathematics,Low,56.0,10,24.8
30850,East Asia,English,Low,56.0,9,24.8
30858,North America,Mathematics,Low,56.0,5,26.4
31664,South Asia,English,Low,56.0,18,14.4
32383,East Asia,Science,Low,56.0,19,21.3
32665,Europe,Science,Low,56.0,9,32.0
34624,Europe,History,Low,56.0,14,18.4
35092,North America,Economics,Low,56.0,16,18.6
35494,South America,Economics,Low,56.0,7,29.2
35908,South Asia,English,Low,56.0,16,14.2
36608,East Asia,Mathematics,Low,56.0,6,28.2
36756,South Asia,English,Low,56.0,12,9.9
36834,Europe,Mathematics,Low,56.0,9,12.0
37711,North America,Science,Low,56.0,4,0.0
37769,Africa,Computer Science,Low,56.0,9,29.6
39269,South Asia,Science,Low,56.0,19,20.6
39516,Europe,History,Low,56.0,14,5.9
39706,South Asia,Science,Low,56.0,10,28.1
600,East Asia,Mathematics,Low,56.1,12,25.1
692,Africa,Economics,Low,56.1,11,8.0
988,Europe,Economics,Low,56.1,6,29.1
2817,Africa,Computer Science,Low,56.1,2,19.3
4692,North America,Economics,Low,56.1,14,19.1
4933,South America,Mathematics,Low,56.1,9,15.5
6002,Africa,Economics,Low,56.1,12,16.6
6544,East Asia,Economics,Low,56.1,8,6.4
7318,South America,English,Low,56.1,19,20.1
9061,Africa,English,Low,56.1,10,30.1
9386,Africa,Mathematics,Low,56.1,10,18.7
9912,Europe,History,Low,56.1,19,0.0
10456,North America,Computer Science,Low,56.1,11,28.6
10998,North America,History,Low,56.1,18,18.6
11080,North America,Economics,Low,56.1,8,6.9
11126,North America,Science,Low,56.1,10,28.4
11879,South America,Science,Low,56.1,7,23.7
13453,Europe,Science,Low,56.1,7,30.2
13898,Africa,Science,Low,56.1,19,1.6
14414,East Asia,Mathematics,Low,56.1,12,0.0
16152,South Asia,English,Low,56.1,23,8.6
18595,Africa,History,Low,56.1,19,17.6
19205,Europe,Mathematics,Low,56.1,5,22.4
20250,North America,Economics,Low,56.1,9,21.9
20470,Africa,Economics,Low,56.1,13,22.6
20475,North America,Science,Low,56.1,7,11.2
20827,Africa,History,Low,56.1,5,32.8
20881,North America,Science,Low,56.1,8,14.4
21155,South Asia,History,Low,56.1,11,21.2
24257,South America,Economics,Low,56.1,12,14.8
24336,South America,English,Low,56.1,15,23.8
24462,East Asia,Mathematics,Low,56.1,9,0.0
26072,Africa,History,Low,56.1,9,31.4
26129,South America,Economics,Low,56.1,19,15.7
26203,Africa,English,Low,56.1,20,6.4
28097,Africa,Economics,Low,56.1,8,7.1
28217,Europe,Computer Science,Low,56.1,15,19.9
29989,Europe,English,Low,56.1,23,10.9
31722,South Asia,English,Low,56.1,13,15.1
32431,Africa,Mathematics,Low,56.1,15,24.2
33219,Europe,Mathematics,Low,56.1,15,8.0
34637,South America,Mathematics,Low,56.1,18,21.7
34953,Africa,History,Low,56.1,9,19.3
35198,North America,English,Low,56.1,8,4.3
36420,North America,Computer Science,Low,56.1,22,5.0
36955,North America,Computer Science,Low,56.1,16,20.4
37485,Africa,Mathematics,Low,56.1,11,24.4
38660,South America,Economics,Low,56.1,12,13.8
38706,Africa,Mathematics,Low,56.1,14,22.0
319,South America,English,Low,56.2,7,15.5
500,South Asia,English,Low,56.2,4,27.2
731,Africa,History,Low,56.2,18,20.4
1271,South Asia,Computer Science,Low,56.2,15,24.3
1291,Europe,Science,Low,56.2,10,22.0
1413,Europe,English,Low,56.2,5,18.0
1418,South Asia,Economics,Low,56.2,14,22.7
2600,South Asia,Science,Low,56.2,9,22.2
4054,Africa,English,Low,56.2,8,23.0
4398,Europe,Mathematics,Low,56.2,15,25.6
5240,South America,History,Low,56.2,12,16.3
5927,Africa,English,Low,56.2,5,9.1
6051,South Asia,History,Low,56.2,9,23.9
6139,North America,Science,Low,56.2,11,9.8
9087,Africa,History,Low,56.2,3,27.3
9283,North America,English,Low,56.2,6,24.1
9641,South Asia,Mathematics,Low,56.2,28,9.2
9919,Africa,Economics,Low,56.2,15,12.2
9995,South America,Science,Low,56.2,14,15.8
10245,North America,Economics,Low,56.2,16,10.6
11134,East Asia,Mathematics,Low,56.2,13,20.3
12058,South America,Science,Low,56.2,7,22.7
13754,North America,Computer Science,Low,56.2,12,23.7
14904,Europe,Computer Science,Low,56.2,1,0.0
15332,South Asia,Economics,Low,56.2,2,31.2
16247,South America,Economics,Low,56.2,14,19.2
16411,South America,Economics,Low,56.2,11,16.6
17407,Africa,English,Low,56.2,15,22.7
17427,North America,Mathematics,Low,56.2,7,22.2
18777,Europe,Computer Science,Low,56.2,10,2.1
18798,Africa,Economics,Low,56.2,17,19.4
19679,East Asia,Computer Science,Low,56.2,6,7.2
21843,South America,Economics,Low,56.2,12,24.5
22237,North America,Computer Science,Low,56.2,16,18.1
22626,East Asia,English,Low,56.2,4,0.0
24148,North America,Mathematics,Low,56.2,12,3.2
26620,Europe,Economics,Low,56.2,4,8.9
26665,South Asia,Computer Science,Low,56.2,10,14.6
28519,Africa,English,Low,56.2,14,15.1
28904,South America,History,Low,56.2,11,28.8
29119,East Asia,Science,Low,56.2,18,13.8
29624,Europe,History,Low,56.2,14,15.7
30584,North America,Computer Science,Low,56.2,14,22.0
30821,North America,English,Low,56.2,14,9.7
31364,South Asia,Science,Low,56.2,14,14.3
31758,East Asia,Economics,Low,56.2,12,18.1
31798,North America,Economics,Low,56.2,14,12.1
33398,Africa,Economics,Low,56.2,18,15.0
33873,South America,Economics,Low,56.2,14,26.6
33915,Africa,History,Low,56.2,14,20.0
34625,Africa,Science,Low,56.2,11,8.5
35848,South Asia,Science,Low,56.2,4,26.5
36448,South America,History,Low,56.2,11,23.7
36860,East Asia,English,Low,56.2,14,5.2
37963,South Asia,History,Low,56.2,25,14.5
38604,South America,Economics,Low,56.2,11,23.8
39152,North America,English,Low,56.2,12,1.9
546,North America,Mathematics,Low,56.3,5,8.4
747,East Asia,Mathematics,Low,56.3,14,16.0
2057,Africa,Science,Low,56.3,20,18.4
2420,South Asia,Mathematics,Low,56.3,16,19.3
2958,South Asia,Economics,Low,56.3,17,18.5
3205,Europe,Mathematics,Low,56.3,3,8.0
3740,Africa,English,Low,56.3,7,16.8
8614,East Asia,Science,Low,56.3,8,22.2
8648,North America,Mathematics,Low,56.3,9,16.6
8904,South America,Computer Science,Low,56.3,9,19.3
9011,South Asia,History,Low,56.3,23,10.4
11479,Europe,Computer Science,Low,56.3,13,16.7
11681,Europe,Computer Science,Low,56.3,10,19.4
12954,Africa,History,Low,56.3,9,27.0
13908,East Asia,Mathematics,Low,56.3,7,13.6
15657,South Asia,Mathematics,Low,56.3,16,23.2
21966,North America,History,Low,56.3,11,22.5
22169,North America,Science,Low,56.3,15,23.9
22675,East Asia,English,Low,56.3,16,3.2
22971,Africa,History,Low,56.3,14,18.4
23161,Europe,Economics,Low,56.3,13,16.4
23198,Africa,Mathematics,Low,56.3,9,17.3
23640,South Asia,English,Low,56.3,11,7.0
24370,East Asia,English,Low,56.3,9,18.2
24466,Europe,English,Low,56.3,14,22.1
25726,Europe,Computer Science,Low,56.3,10,18.4
26297,Africa,Economics,Low,56.3,18,13.2
26941,Africa,English,Low,56.3,18,7.1
27445,Europe,Science,Low,56.3,19,18.9
28763,Africa,English,Low,56.3,9,30.7
29145,South America,Computer Science,Low,56.3,17,22.4
29491,Africa,Economics,Low,56.3,16,8.3
30683,North America,Science,Low,56.3,11,28.4
32068,Europe,Economics,Low,56.3,12,16.3
32231,Africa,Computer Science,Low,56.3,10,24.1
32306,South Asia,History,Low,56.3,16,20.6
33087,South Asia,Mathematics,Low,56.3,23,8.9
33201,East Asia,English,Low,56.3,20,9.6
33748,South America,English,Low,56.3,13,22.4
34466,South America,Science,Low,56.3,14,26.9
36697,East Asia,Mathematics,Low,56.3,6,15.2
37976,South Asia,Economics,Low,56.3,13,14.3
38157,Africa,Science,Low,56.3,5,17.4
38799,Europe,History,Low,56.3,14,0.0
38909,East Asia,History,Low,56.3,21,8.7
39355,South Asia,Computer Science,Low,56.3,6,20.6
39380,South Asia,Computer Science,Low,56.3,7,21.5
39781,Europe,Mathematics,Low,56.3,16,10.2
201,South Asia,Science,Low,56.4,20,3.7
683,South America,Economics,Low,56.4,9,21.5
1025,Africa,Economics,Low,56.4,4,30.6
1503,Europe,History,Low,56.4,23,8.0
3190,South America,English,Low,56.4,12,19.9
3298,South America,English,Low,56.4,9,24.6
3558,South Asia,Computer Science,Low,56.4,9,18.0
5513,South America,Science,Low,56.4,20,19.1
6603,South Asia,History,Low,56.4,2,24.6
8913,Africa,Mathematics,Low,56.4,12,21.5
9656,South Asia,Science,Low,56.4,13,1.3
10675,Africa,Computer Science,Low,56.4,21,14.1
10841,South America,Mathematics,Low,56.4,16,5.6
11317,North America,Computer Science,Low,56.4,7,0.0
11484,East Asia,Mathematics,Low,56.4,8,0.0
11610,East Asia,History,Low,56.4,10,14.4
13038,Europe,Economics,Low,56.4,9,31.1
13458,Africa,Economics,Low,56.4,3,22.0
14643,Africa,History,Low,56.4,12,23.4
14910,South America,Computer Science,Low,56.4,8,0.0
15796,North America,Science,Low,56.4,11,27.3
16873,Europe,History,Low,56.4,10,15.9
17319,South America,History,Low,56.4,7,9.6
17659,Africa,English,Low,56.4,17,14.3
18224,South Asia,English,Low,56.4,11,27.7
18366,South Asia,Mathematics,Low,56.4,14,19.6
18560,South America,History,Low,56.4,14,19.5
18618,South Asia,English,Low,56.4,14,14.7
18789,Europe,English,Low,56.4,13,22.2
19872,Europe,Computer Science,Low,56.4,12,18.4
20317,South Asia,Science,Low,56.4,14,24.4
20417,South America,Computer Science,Low,56.4,19,11.6
21188,South Asia,Mathematics,Low,56.4,14,24.5
22622,South Asia,History,Low,56.4,5,0.0
23106,East Asia,Economics,Low,56.4,12,8.4
23130,North America,History,Low,56.4,10,16.4
23296,South Asia,Computer Science,Low,56.4,20,20.3
25138,South America,Mathematics,Low,56.4,11,14.5
25509,South Asia,Computer Science,Low,56.4,19,14.7
28900,Africa,Science,Low,56.4,12,16.6
30292,North America,Computer Science,Low,56.4,7,14.6
31642,Africa,History,Low,56.4,12,28.3
32251,Africa,History,Low,56.4,9,24.3
32474,South America,English,Low,56.4,8,29.5
33619,Europe,Computer Science,Low,56.4,12,23.4
33756,North America,Science,Low,56.4,5,28.1
34640,South America,Economics,Low,56.4,12,27.9
35062,Africa,Mathematics,Low,56.4,8,31.4
35069,South America,Science,Low,56.4,7,5.5
36355,Africa,Computer Science,Low,56.4,15,12.7
36722,East Asia,History,Low,56.4,7,28.1
37552,South Asia,Economics,Low,56.4,13,16.4
39496,South Asia,Economics,Low,56.4,6,31.3
39504,Africa,Mathematics,Low,56.4,24,16.1
39835,Europe,Economics,Low,56.4,13,15.1
506,South Asia,Science,Low,56.5,7,31.5
1150,South America,English,Low,56.5,16,24.8
2603,Africa,Science,Low,56.5,5,22.4
4091,Africa,English,Low,56.5,8,30.1
4877,South Asia,Science,Low,56.5,16,8.8
4932,Africa,Computer Science,Low,56.5,9,17.7
5795,South Asia,English,Low,56.5,8,24.6
10866,East Asia,Science,Low,56.5,13,1.6
11427,South America,Economics,Low,56.5,26,6.0
15123,North America,Science,Low,56.5,7,7.1
15403,North America,Economics,Low,56.5,4,11.6
15405,South America,English,Low,56.5,7,13.4
16702,South America,English,Low,56.5,9,30.2
18242,East Asia,Science,Low,56.5,7,12.5
18925,North America,English,Low,56.5,11,3.9
19657,South America,Science,Low,56.5,21,18.6
22789,Africa,History,Low,56.5,11,3.0
22926,East Asia,History,Low,56.5,12,14.8
24745,Africa,Computer Science,Low,56.5,12,2.4
25500,South Asia,Economics,Low,56.5,13,12.0
25885,Europe,Science,Low,56.5,10,12.7
26044,South Asia,Mathematics,Low,56.5,15,13.8
26117,South America,Mathematics,Low,56.5,9,27.7
26726,Europe,Mathematics,Low,56.5,9,18.0
27808,East Asia,Mathematics,Low,56.5,9,13.7
28347,East Asia,English,Low,56.5,25,8.4
28382,North America,History,Low,56.5,10,26.2
30184,East Asia,History,Low,56.5,8,17.6
33458,South America,Mathematics,Low,56.5,12,18.7
34029,North America,Computer Science,Low,56.5,6,30.4
34799,South Asia,Computer Science,Low,56.5,17,22.3
34917,South America,Computer Science,Low,56.5,8,29.6
35295,South America,English,Low,56.5,6,6.4
39060,Africa,Science,Low,56.5,12,21.3
39212,East Asia,Economics,Low,56.5,10,7.2
630,South Asia,Economics,Low,56.6,3,18.7
1210,South America,English,Low,56.6,17,1.2
1268,South Asia,Economics,Low,56.6,8,18.7
1797,South America,Economics,Low,56.6,22,14.2
1998,South America,Computer Science,Low,56.6,6,2.6
4017,Europe,Mathematics,Low,56.6,11,19.0
4737,North America,Computer Science,Low,56.6,16,16.8
5389,South Asia,Science,Low,56.6,11,27.9
6365,Africa,Mathematics,Low,56.6,14,26.8
7711,Europe,English,Low,56.6,7,15.5
8449,Africa,Science,Low,56.6,5,22.2
9034,South Asia,Economics,Low,56.6,20,19.7
9594,Europe,Science,Low,56.6,18,22.3
10115,Africa,English,Low,56.6,16,17.6
10133,South America,English,Low,56.6,16,30.1
10672,Africa,Computer Science,Low,56.6,13,9.1
11416,South America,Mathematics,Low,56.6,14,4.9
11640,South Asia,History,Low,56.6,8,2.7
11896,Africa,History,Low,56.6,10,24.4
13663,East Asia,Mathematics,Low,56.6,17,23.6
15594,Europe,Economics,Low,56.6,14,17.0
16551,East Asia,Science,Low,56.6,16,10.8
17469,South America,Science,Low,56.6,15,18.8
18057,South America,English,Low,56.6,21,1.9
18517,Europe,History,Low,56.6,19,15.1
20508,Europe,History,Low,56.6,15,10.5
21549,Africa,Computer Science,Low,56.6,12,13.8
24248,South America,Economics,Low,56.6,7,15.3
24756,South America,English,Low,56.6,3,38.4
25417,South America,Computer Science,Low,56.6,14,29.6
26447,Europe,Science,Low,56.6,24,13.3
26676,South America,Economics,Low,56.6,11,4.3
27014,North America,Computer Science,Low,56.6,16,18.6
27562,South Asia,Mathematics,Low,56.6,12,21.0
28238,Africa,Mathematics,Low,56.6,11,24.5
29559,South America,Mathematics,Low,56.6,15,10.4
30172,Africa,Computer Science,Low,56.6,11,26.0
31506,South Asia,Economics,Low,56.6,6,18.1
31823,Africa,Science,Low,56.6,9,22.7
33038,South Asia,Mathematics,Low,56.6,20,20.3
34346,South Asia,Economics,Low,56.6,8,17.3
34897,Europe,History,Low,56.6,25,12.2
34901,Africa,Computer Science,Low,56.6,17,10.4
34941,South America,Computer Science,Low,56.6,7,34.7
35051,Africa,History,Low,56.6,13,12.0
35236,Europe,Computer Science,Low,56.6,10,25.3
35467,South Asia,History,Low,56.6,7,25.8
35668,North America,Mathematics,Low,56.6,7,33.9
39103,Europe,Mathematics,Low,56.6,11,19.5
631,Africa,Computer Science,Low,56.7,11,2.3
1247,South America,English,Low,56.7,20,0.8
2276,South Asia,Economics,Low,56.7,15,15.3
3663,South America,Mathematics,Low,56.7,12,21.9
4526,South Asia,Computer Science,Low,56.7,10,30.5
5123,East Asia,English,Low,56.7,13,22.9
7036,Europe,Mathematics,Low,56.7,17,9.0
7183,North America,Mathematics,Low,56.7,8,9.1
9665,North America,Economics,Low,56.7,11,3.4
10202,East Asia,History,Low,56.7,13,18.8
10485,North America,English,Low,56.7,18,13.3
14164,South America,English,Low,56.7,14,5.5
14760,South Asia,Computer Science,Low,56.7,19,5.4
15638,South America,English,Low,56.7,10,21.4
15797,Africa,English,Low,56.7,6,23.3
16006,Europe,Computer Science,Low,56.7,18,20.2
16621,Africa,Mathematics,Low,56.7,11,17.8
17374,Africa,English,Low,56.7,19,20.0
17523,North America,English,Low,56.7,10,13.9
19497,South Asia,Economics,Low,56.7,6,11.6
19725,Europe,Science,Low,56.7,14,19.5
20035,East Asia,English,Low,56.7,6,8.7
20088,East Asia,Science,Low,56.7,10,23.9
20446,East Asia,Economics,Low,56.7,31,7.6
20848,Europe,Mathematics,Low,56.7,11,29.8
22227,Africa,Economics,Low,56.7,13,26.2
23558,South Asia,Computer Science,Low,56.7,20,16.9
23630,South Asia,Computer Science,Low,56.7,15,19.9
25440,Europe,Economics,Low,56.7,8,10.7
27276,Europe,English,Low,56.7,6,25.2
29490,South America,Computer Science,Low,56.7,20,16.1
29782,South America,Mathematics,Low,56.7,15,15.6
30147,South America,Science,Low,56.7,17,13.9
30303,Europe,Economics,Low,56.7,15,18.3
31841,Europe,Science,Low,56.7,5,3.6
33355,Africa,Economics,Low,56.7,7,30.7
33719,Africa,Science,Low,56.7,20,14.4
33787,Africa,Mathematics,Low,56.7,19,0.0
33909,South Asia,Economics,Low,56.7,16,0.1
36800,South Asia,Science,Low,56.7,10,27.7
37758,South Asia,English,Low,56.7,7,27.0
37856,East Asia,Science,Low,56.7,18,20.4
38643,Africa,English,Low,56.7,6,6.5
543,Europe,History,Low,56.8,18,1.6
1675,Africa,Mathematics,Low,56.8,14,12.0
4180,South Asia,Computer Science,Low,56.8,11,24.2
5171,East Asia,English,Low,56.8,8,0.0
5278,Africa,English,Low,56.8,17,23.1
5570,Europe,English,Low,56.8,6,10.4
5754,Europe,Mathematics,Low,56.8,19,12.1
6201,South America,Economics,Low,56.8,5,26.1
7291,Africa,History,Low,56.8,10,20.9
7881,South Asia,Science,Low,56.8,11,27.0
8335,South America,Economics,Low,56.8,20,16.1
9357,Africa,English,Low,56.8,11,16.4
9698,North America,Economics,Low,56.8,10,29.2
10692,North America,Mathematics,Low,56.8,22,8.8
10737,North America,Economics,Low,56.8,6,26.0
10814,South Asia,Computer Science,Low,56.8,6,16.8
11124,South Asia,Science,Low,56.8,17,18.1
11783,South America,Mathematics,Low,56.8,7,20.9
11986,South America,English,Low,56.8,9,24.6
12270,Europe,English,Low,56.8,6,12.8
12276,Europe,Science,Low,56.8,19,14.3
13768,Africa,Computer Science,Low,56.8,18,8.8
13893,South America,Computer Science,Low,56.8,20,18.7
14997,East Asia,Mathematics,Low,56.8,19,17.5
15643,East Asia,Economics,Low,56.8,25,4.0
16829,Europe,English,Low,56.8,9,18.8
16961,North America,Science,Low,56.8,14,0.0
17320,South Asia,Computer Science,Low,56.8,11,23.6
17727,South Asia,English,Low,56.8,8,5.5
21750,South America,Computer Science,Low,56.8,16,15.9
22021,East Asia,Mathematics,Low,56.8,11,21.7
23664,Europe,Economics,Low,56.8,15,16.0
25117,Africa,History,Low,56.8,15,20.2
25471,South America,English,Low,56.8,22,1.4
26446,East Asia,Mathematics,Low,56.8,21,11.7
27701,Africa,Economics,Low,56.8,16,24.6
28120,North America,Mathematics,Low,56.8,22,9.0
28296,South America,Economics,Low,56.8,25,14.0
29366,South America,Mathematics,Low,56.8,12,13.7
29423,South America,Mathematics,Low,56.8,9,24.7
30018,South Asia,Computer Science,Low,56.8,11,17.8
32377,Africa,Economics,Low,56.8,14,21.1
32938,South Asia,Science,Low,56.8,17,20.9
33470,South Asia,Computer Science,Low,56.8,19,18.0
33663,Europe,Mathematics,Low,56.8,17,0.0
34225,East Asia,Mathematics,Low,56.8,18,8.0
34342,Africa,Computer Science,Low,56.8,19,11.9
35724,Africa,Computer Science,Low,56.8,14,13.5
36592,South America,Economics,Low,56.8,20,6.1
36737,Europe,History,Low,56.8,17,10.8
38448,East Asia,History,Low,56.8,7,8.0
38573,South Asia,Computer Science,Low,56.8,18,16.6
38975,South America,Mathematics,Low,56.8,27,2.8
668,South America,Science,Low,56.9,5,30.8
2055,Africa,English,Low,56.9,17,19.7
3606,North America,Computer Science,Low,56.9,13,4.4
4372,Europe,Mathematics,Low,56.9,18,8.7
5161,South Asia,Science,Low,56.9,5,3.1
5776,South America,Mathematics,Low,56.9,17,17.9
8619,North America,English,Low,56.9,15,12.7
8699,South Asia,Economics,Low,56.9,21,11.7
9817,Europe,History,Low,56.9,20,17.4
11227,South America,English,Low,56.9,8,0.0
11390,Africa,Science,Low,56.9,10,23.2
11394,North America,Economics,Low,56.9,6,9.8
15475,North America,Mathematics,Low,56.9,4,16.3
15560,Africa,Economics,Low,56.9,16,24.9
15676,Africa,Computer Science,Low,56.9,15,22.2
16268,Africa,English,Low,56.9,14,14.6
16318,Europe,English,Low,56.9,11,0.0
17078,North America,English,Low,56.9,12,25.6
17564,North America,Science,Low,56.9,20,20.3
17592,East Asia,Science,Low,56.9,14,11.4
18187,South America,Computer Science,Low,56.9,6,15.0
18506,Africa,History,Low,56.9,16,10.0
20128,North America,Science,Low,56.9,13,16.8
21109,North America,History,Low,56.9,13,5.0
24375,South Asia,English,Low,56.9,11,28.9
26137,North America,Economics,Low,56.9,26,0.0
26609,Europe,English,Low,56.9,15,2.4
27641,Europe,Computer Science,Low,56.9,15,10.7
28378,Africa,Computer Science,Low,56.9,10,23.6
30735,Africa,Computer Science,Low,56.9,13,25.6
31657,South Asia,Science,Low,56.9,9,23.4
35836,South Asia,Mathematics,Low,56.9,11,19.3
36028,North America,History,Low,56.9,17,19.4
37920,South Asia,Mathematics,Low,56.9,16,20.2
38396,East Asia,History,Low,56.9,6,22.8
38519,East Asia,Computer Science,Low,56.9,12,1.9
39489,East Asia,Economics,Low,56.9,16,10.5
39695,Europe,Science,Low,56.9,16,15.5
39814,East Asia,Economics,Low,56.9,18,20.8
375,South America,Economics,Low,57.0,11,21.5
812,South America,Economics,Low,57.0,23,15.1
1078,North America,History,Low,57.0,11,9.0
3020,Africa,Economics,Low,57.0,18,16.0
4067,South America,Mathematics,Low,57.0,19,11.3
4477,South America,Mathematics,Low,57.0,11,0.0
4915,Africa,Economics,Low,57.0,17,0.0
5853,Europe,History,Low,57.0,6,15.4
6367,Africa,English,Low,57.0,5,25.3
6506,Europe,Mathematics,Low,57.0,9,21.7
6907,North America,Science,Low,57.0,25,11.7
8218,South America,Computer Science,Low,57.0,14,0.0
11599,East Asia,Economics,Low,57.0,12,13.7
12359,South America,Economics,Low,57.0,9,26.3
15644,East Asia,Economics,Low,57.0,9,14.6
16076,South Asia,English,Low,57.0,13,9.9
17299,North America,English,Low,57.0,9,0.0
17661,North America,History,Low,57.0,17,21.1
17698,Africa,Economics,Low,57.0,7,18.1
18371,North America,Mathematics,Low,57.0,11,13.1
18790,Africa,Economics,Low,57.0,15,0.0
19229,Europe,English,Low,57.0,13,21.4
21500,North America,English,Low,57.0,11,23.6
23509,South Asia,Economics,Low,57.0,16,16.0
24318,North America,Economics,Low,57.0,8,28.8
24551,South Asia,English,Low,57.0,5,24.2
24994,South Asia,Computer Science,Low,57.0,17,11.5
25762,North America,English,Low,57.0,13,11.4
26068,North America,Computer Science,Low,57.0,12,5.3
26758,Africa,Mathematics,Low,57.0,15,13.5
27177,South America,History,Low,57.0,16,16.5
28392,Africa,Economics,Low,57.0,14,19.9
28712,Africa,Science,Low,57.0,12,16.5
29573,South Asia,Mathematics,Low,57.0,11,5.0
31692,Europe,Economics,Low,57.0,13,26.6
34441,Africa,English,Low,57.0,8,21.4
34514,South Asia,History,Low,57.0,11,23.2
34753,Africa,Computer Science,Low,57.0,9,22.2
35322,South Asia,Mathematics,Low,57.0,14,26.0
37678,North America,English,Low,57.0,17,10.0
38079,South Asia,History,Low,57.0,13,15.6
38904,North America,Science,Low,57.0,20,15.1
39198,East Asia,History,Low,57.0,14,13.2
39360,Europe,Economics,Low,57.0,12,17.7
882,South America,Economics,Low,57.1,13,16.1
1784,South America,Science,Low,57.1,8,3.5
2684,Africa,Science,Low,57.1,21,17.0
6799,South Asia,History,Low,57.1,25,6.0
8154,East Asia,Computer Science,Low,57.1,14,15.6
9148,South Asia,English,Low,57.1,18,20.4
9153,Europe,Science,Low,57.1,10,18.3
9313,South Asia,Science,Low,57.1,16,14.0
9535,North America,Science,Low,57.1,5,2.9
9625,South America,Science,Low,57.1,9,12.4
12424,Africa,Mathematics,Low,57.1,19,14.6
12779,South Asia,English,Low,57.1,14,6.0
12948,East Asia,English,Low,57.1,14,20.0
13653,Africa,Economics,Low,57.1,22,16.7
13896,Africa,History,Low,57.1,20,14.5
13915,South America,Science,Low,57.1,11,21.9
14347,Europe,Mathematics,Low,57.1,9,30.6
14687,Europe,History,Low,57.1,13,7.7
19060,Europe,History,Low,57.1,18,0.0
19995,Africa,Economics,Low,57.1,16,5.1
21272,North America,English,Low,57.1,4,22.7
22396,Europe,English,Low,57.1,16,23.3
23399,Europe,Mathematics,Low,57.1,25,0.6
23522,South Asia,Computer Science,Low,57.1,2,23.9
24963,South America,Mathematics,Low,57.1,11,21.2
27089,Africa,Economics,Low,57.1,4,13.4
27237,South Asia,English,Low,57.1,16,17.4
27607,North America,History,Low,57.1,20,18.6
27971,Africa,Economics,Low,57.1,10,22.8
28270,Africa,History,Low,57.1,12,22.9
29127,North America,History,Low,57.1,21,12.3
30063,South America,Computer Science,Low,57.1,15,12.8
31274,Africa,Science,Low,57.1,13,24.2
33211,North America,Economics,Low,57.1,13,24.0
34579,North America,Computer Science,Low,57.1,3,6.6
34615,South Asia,English,Low,57.1,14,30.1
35644,Europe,History,Low,57.1,9,12.5
35646,South Asia,English,Low,57.1,18,19.6
36178,South Asia,Economics,Low,57.1,19,20.8
36179,Africa,Science,Low,57.1,14,22.0
36446,North America,History,Low,57.1,5,25.2
380,Europe,English,Low,57.2,16,21.3
950,Europe,Computer Science,Low,57.2,9,28.1
1613,Africa,Economics,Low,57.2,13,27.3
2158,East Asia,Computer Science,Low,57.2,12,13.4
2517,Africa,Economics,Low,57.2,11,26.3
4939,Europe,Science,Low,57.2,18,9.4
5191,Africa,History,Low,57.2,12,16.3
5317,East Asia,English,Low,57.2,9,24.7
6104,North America,Economics,Low,57.2,13,9.2
6249,North America,Mathematics,Low,57.2,22,13.2
6339,Africa,Computer Science,Low,57.2,4,16.2
6796,North America,History,Low,57.2,18,4.6
7138,South America,Mathematics,Low,57.2,9,25.5
7817,East Asia,Economics,Low,57.2,6,17.6
11668,East Asia,Science,Low,57.2,6,19.1
12250,North America,Computer Science,Low,57.2,15,14.6
12644,South Asia,Science,Low,57.2,14,14.8
13828,Africa,Science,Low,57.2,10,29.9
14481,South America,Mathematics,Low,57.2,18,19.6
14529,Africa,Science,Low,57.2,3,31.9
14890,North America,Mathematics,Low,57.2,11,11.5
14894,East Asia,English,Low,57.2,15,1.7
16464,Europe,Economics,Low,57.2,18,16.6
16494,North America,Computer Science,Low,57.2,12,10.4
17075,Europe,English,Low,57.2,18,19.1
17536,South America,Mathematics,Low,57.2,14,16.9
18627,South America,Computer Science,Low,57.2,13,21.1
18950,South Asia,English,Low,57.2,14,9.7
20097,South America,History,Low,57.2,8,18.8
21308,North America,Science,Low,57.2,25,0.8
21351,Europe,English,Low,57.2,9,7.6
21415,Africa,History,Low,57.2,8,28.2
22344,Africa,Mathematics,Low,57.2,23,14.0
23460,Europe,Science,Low,57.2,16,3.7
23927,Africa,Mathematics,Low,57.2,20,19.6
24616,South America,Science,Low,57.2,8,19.9
24679,North America,History,Low,57.2,9,1.3
24683,South America,Mathematics,Low,57.2,10,21.9
26236,South America,History,Low,57.2,4,15.2
27943,North America,Science,Low,57.2,10,13.5
28697,South America,History,Low,57.2,11,13.1
28778,South Asia,Computer Science,Low,57.2,8,13.4
28781,East Asia,History,Low,57.2,2,7.3
31147,East Asia,Mathematics,Low,57.2,12,19.7
31524,South America,Economics,Low,57.2,7,0.0
35696,North America,History,Low,57.2,12,24.8
36243,Africa,Mathematics,Low,57.2,15,16.6
37095,Africa,Mathematics,Low,57.2,11,24.2
37477,Europe,Science,Low,57.2,17,16.3
37885,Europe,Mathematics,Low,57.2,7,25.2
38849,North America,English,Low,57.2,21,8.2
38968,South America,Computer Science,Low,57.2,16,16.4
811,North America,Mathematics,Low,57.3,8,25.4
1099,North America,History,Low,57.3,15,7.6
2114,South America,Economics,Low,57.3,8,23.8
2581,South Asia,English,Low,57.3,19,1.4
3403,North America,Mathematics,Low,57.3,16,15.4
3508,Africa,Mathematics,Low,57.3,4,29.8
4607,Europe,Science,Low,57.3,13,17.1
4749,South America,Economics,Low,57.3,12,9.1
5291,Africa,History,Low,57.3,16,21.0
6121,Europe,Science,Low,57.3,7,10.1
8464,North America,English,Low,57.3,11,13.0
10191,North America,English,Low,57.3,11,24.9
10374,North America,Science,Low,57.3,10,29.9
10429,Europe,Computer Science,Low,57.3,19,13.6
11465,North America,Science,Low,57.3,20,15.4
13966,Europe,Mathematics,Low,57.3,10,20.9
14975,South America,Mathematics,Low,57.3,10,20.9
15140,South America,Science,Low,57.3,11,22.9
17704,North America,Economics,Low,57.3,14,14.6
17777,Africa,English,Low,57.3,13,13.6
18446,South Asia,Mathematics,Low,57.3,18,17.0
18654,East Asia,Economics,Low,57.3,10,16.8
18867,East Asia,Science,Low,57.3,12,15.0
20080,East Asia,Computer Science,Low,57.3,10,17.9
20268,South America,Computer Science,Low,57.3,5,29.6
20408,South Asia,Mathematics,Low,57.3,16,21.1
20682,Africa,Economics,Low,57.3,11,20.7
21139,Europe,Mathematics,Low,57.3,11,20.6
21205,Europe,History,Low,57.3,15,16.4
21714,East Asia,History,Low,57.3,18,19.0
22153,South America,Science,Low,57.3,8,11.4
22777,Africa,Computer Science,Low,57.3,12,17.1
22808,Europe,Science,Low,57.3,5,35.1
23128,Europe,English,Low,57.3,5,20.1
23441,North America,Science,Low,57.3,7,14.9
24022,South America,History,Low,57.3,15,19.9
25756,Europe,Computer Science,Low,57.3,14,24.4
25937,South Asia,English,Low,57.3,21,9.3
26087,South America,Science,Low,57.3,8,10.9
26370,East Asia,English,Low,57.3,10,9.9
26772,South Asia,History,Low,57.3,13,20.7
28185,South Asia,English,Low,57.3,13,19.7
30649,South America,Computer Science,Low,57.3,11,19.7
32173,South Asia,Computer Science,Low,57.3,16,21.3
34098,South Asia,Mathematics,Low,57.3,15,20.5
35533,Europe,Computer Science,Low,57.3,18,5.7
35630,South America,Economics,Low,57.3,6,15.3
36125,South America,Science,Low,57.3,19,16.9
37091,North America,Computer Science,Low,57.3,10,9.7
37155,South America,Economics,Low,57.3,8,29.6
37709,Africa,Mathematics,Low,57.3,10,17.5
38005,East Asia,Science,Low,57.3,12,15.7
38132,Africa,Mathematics,Low,57.3,11,8.0
38356,North America,History,Low,57.3,13,19.9
38986,Europe,Science,Low,57.3,14,3.6
39110,Europe,Computer Science,Low,57.3,8,26.5
39344,Europe,Economics,Low,57.3,19,20.8
39722,North America,English,Low,57.3,11,20.4
39864,East Asia,Science,Low,57.3,6,7.3
39919,Africa,History,Low,57.3,13,24.3
272,North America,Science,Low,57.4,13,19.2
694,South America,History,Low,57.4,14,2.6
1321,North America,Computer Science,Low,57.4,10,18.7
3025,South Asia,Mathematics,Low,57.4,8,20.5
4682,Europe,Mathematics,Low,57.4,7,17.5
5736,East Asia,History,Low,57.4,10,10.8
7438,South America,Science,Low,57.4,19,11.0
7444,East Asia,Economics,Low,57.4,15,25.8
8636,Africa,Mathematics,Low,57.4,37,0.0
8859,Europe,Science,Low,57.4,14,17.8
8985,Europe,English,Low,57.4,15,14.8
9464,South America,Computer Science,Low,57.4,9,21.2
9485,South Asia,History,Low,57.4,13,5.6
9725,Europe,Mathematics,Low,57.4,13,16.4
10605,Africa,Mathematics,Low,57.4,34,3.4
11928,Europe,Science,Low,57.4,10,25.1
13106,South America,Economics,Low,57.4,7,21.9
13910,Africa,English,Low,57.4,19,15.2
14799,Europe,Computer Science,Low,57.4,11,14.8
15573,South Asia,Computer Science,Low,57.4,13,15.9
16433,Africa,History,Low,57.4,10,0.0
16453,Africa,History,Low,57.4,17,14.7
16659,Africa,History,Low,57.4,10,22.1
18096,South Asia,Computer Science,Low,57.4,6,27.1
18152,North America,History,Low,57.4,19,21.3
18681,Europe,Science,Low,57.4,2,11.6
19273,South America,Computer Science,Low,57.4,16,24.8
21185,South Asia,Economics,Low,57.4,19,20.2
21471,South Asia,Computer Science,Low,57.4,4,7.5
22404,North America,Mathematics,Low,57.4,3,7.1
22931,North America,Computer Science,Low,57.4,6,8.7
23462,South America,History,Low,57.4,11,27.1
23652,Europe,English,Low,57.4,15,9.0
25752,South Asia,Science,Low,57.4,12,23.8
27691,South Asia,English,Low,57.4,14,6.9
29293,North America,Computer Science,Low,57.4,14,9.5
29544,Africa,History,Low,57.4,16,3.1
29829,East Asia,Science,Low,57.4,18,18.7
30169,East Asia,Computer Science,Low,57.4,11,4.2
30728,South America,History,Low,57.4,15,22.6
31778,South America,English,Low,57.4,9,13.5
32242,Europe,English,Low,57.4,14,11.1
32463,South America,History,Low,57.4,14,16.4
33277,South Asia,Economics,Low,57.4,9,20.7
34400,South America,Economics,Low,57.4,12,19.1
34760,South Asia,Mathematics,Low,57.4,5,11.8
35643,South America,Economics,Low,57.4,10,16.4
35857,North America,Mathematics,Low,57.4,12,27.1
37179,North America,Mathematics,Low,57.4,8,17.8
37226,South Asia,Computer Science,Low,57.4,9,27.3
39192,South America,Mathematics,Low,57.4,12,16.9
1049,Africa,Computer Science,Low,57.5,5,13.5
1976,North America,Science,Low,57.5,17,6.1
2088,East Asia,Science,Low,57.5,9,11.0
4709,Africa,History,Low,57.5,7,26.7
5729,South Asia,History,Low,57.5,9,32.1
5873,Africa,Computer Science,Low,57.5,9,11.1
6985,South America,History,Low,57.5,19,14.9
7024,Africa,Computer Science,Low,57.5,10,23.9
7471,Africa,Computer Science,Low,57.5,22,10.7
8363,Africa,Computer Science,Low,57.5,12,28.2
9412,Europe,Mathematics,Low,57.5,22,14.1
10813,East Asia,Science,Low,57.5,16,18.6
11355,South America,English,Low,57.5,9,25.4
11463,East Asia,Mathematics,Low,57.5,10,24.2
11775,South Asia,Science,Low,57.5,10,23.4
12457,Europe,English,Low,57.5,15,19.8
12539,Europe,Science,Low,57.5,11,19.7
12842,South Asia,Mathematics,Low,57.5,19,17.5
13266,South America,Economics,Low,57.5,11,14.6
14892,East Asia,Economics,Low,57.5,24,16.1
15591,North America,English,Low,57.5,7,9.9
15730,Africa,Science,Low,57.5,12,25.6
18068,South America,English,Low,57.5,13,23.2
18724,South Asia,Computer Science,Low,57.5,11,28.6
19558,Africa,English,Low,57.5,13,20.2
20143,East Asia,History,Low,57.5,3,22.2
21696,North America,Science,Low,57.5,8,14.3
22193,Europe,Science,Low,57.5,19,18.8
22302,North America,Science,Low,57.5,19,29.9
23066,North America,English,Low,57.5,5,11.8
23381,Africa,Computer Science,Low,57.5,12,10.3
25299,South America,Mathematics,Low,57.5,23,8.7
26122,Europe,Mathematics,Low,57.5,8,21.7
27852,East Asia,Science,Low,57.5,7,28.3
29602,North America,Economics,Low,57.5,10,23.8
29713,Africa,Mathematics,Low,57.5,17,8.8
29939,South Asia,History,Low,57.5,19,10.8
30524,South America,Economics,Low,57.5,20,11.1
31437,North America,English,Low,57.5,16,22.5
35137,Africa,History,Low,57.5,16,23.6
36904,South America,Science,Low,57.5,7,19.1
36906,East Asia,Mathematics,Low,57.5,3,26.2
36982,Europe,Science,Low,57.5,23,14.2
37382,Europe,Science,Low,57.5,10,17.0
38316,Africa,History,Low,57.5,8,1.6
38481,South America,English,Low,57.5,19,16.8
39170,Europe,English,Low,57.5,15,1.9
39906,South Asia,Computer Science,Low,57.5,8,11.7
936,South America,Science,Low,57.6,14,15.1
2580,East Asia,History,Low,57.6,19,5.5
3200,Europe,Economics,Low,57.6,8,9.0
3389,Europe,Science,Low,57.6,4,0.0
3615,Africa,English,Low,57.6,17,17.7
4405,Europe,Mathematics,Low,57.6,11,15.2
5210,North America,Science,Low,57.6,14,11.4
6322,South America,Science,Low,57.6,7,20.3
7271,Europe,Economics,Low,57.6,15,12.6
7954,North America,Economics,Low,57.6,16,22.9
10049,Europe,Economics,Low,57.6,11,19.0
11647,North America,Mathematics,Low,57.6,11,18.3
12294,Africa,Mathematics,Low,57.6,13,21.0
12778,South America,History,Low,57.6,21,17.0
13241,East Asia,Computer Science,Low,57.6,21,3.3
14337,South Asia,Mathematics,Low,57.6,28,10.8
14413,East Asia,Economics,Low,57.6,15,17.1
15090,East Asia,Mathematics,Low,57.6,10,26.2
15390,Europe,History,Low,57.6,17,23.2
16249,South America,English,Low,57.6,7,7.4
16783,North America,History,Low,57.6,6,14.1
17613,Africa,Computer Science,Low,57.6,8,14.9
20383,Africa,Economics,Low,57.6,14,5.5
20684,South America,History,Low,57.6,13,17.1
22235,South America,Economics,Low,57.6,18,15.5
23515,Europe,Science,Low,57.6,12,7.0
24216,North America,History,Low,57.6,10,9.2
24258,North America,History,Low,57.6,13,25.6
24332,North America,English,Low,57.6,14,27.1
24554,South America,English,Low,57.6,22,9.1
25222,Africa,History,Low,57.6,13,27.3
26896,North America,History,Low,57.6,4,21.4
28993,Europe,Economics,Low,57.6,4,13.4
30443,South Asia,Mathematics,Low,57.6,13,25.3
31615,North America,Mathematics,Low,57.6,9,26.3
32282,East Asia,English,Low,57.6,22,16.3
33292,South Asia,English,Low,57.6,11,16.2
33971,East Asia,Computer Science,Low,57.6,14,20.9
36157,South America,Computer Science,Low,57.6,14,13.1
37464,North America,Mathematics,Low,57.6,10,29.1
38616,North America,Science,Low,57.6,15,11.2
39351,East Asia,Computer Science,Low,57.6,11,21.7
39709,East Asia,History,Low,57.6,19,16.1
1368,South Asia,Computer Science,Low,57.7,29,9.4
1659,South America,Computer Science,Low,57.7,4,22.5
1832,South America,English,Low,57.7,12,14.6
3059,South Asia,Mathematics,Low,57.7,9,28.4
3996,South Asia,English,Low,57.7,14,22.4
4229,South Asia,Mathematics,Low,57.7,5,8.6
4425,Europe,Mathematics,Low,57.7,9,19.7
6241,East Asia,Mathematics,Low,57.7,17,1.3
6551,East Asia,Mathematics,Low,57.7,11,4.1
11145,Africa,Science,Low,57.7,7,9.4
11495,South America,Mathematics,Low,57.7,17,17.6
14359,East Asia,Mathematics,Low,57.7,5,21.2
14866,Africa,English,Low,57.7,13,14.7
15616,South Asia,English,Low,57.7,14,5.2
17670,South Asia,Economics,Low,57.7,17,11.4
18836,Africa,Economics,Low,57.7,6,15.5
19522,South America,Mathematics,Low,57.7,14,18.2
20276,Africa,English,Low,57.7,7,11.3
22418,Africa,Mathematics,Low,57.7,8,22.0
23344,East Asia,Science,Low,57.7,6,17.0
23502,South America,Economics,Low,57.7,16,14.5
23646,Africa,English,Low,57.7,10,18.9
24499,East Asia,Computer Science,Low,57.7,17,23.6
25631,East Asia,Science,Low,57.7,15,20.3
27075,North America,Computer Science,Low,57.7,12,29.6
30333,Europe,English,Low,57.7,18,12.8
30748,Europe,History,Low,57.7,11,22.3
31679,North America,English,Low,57.7,11,17.4
32392,East Asia,Science,Low,57.7,20,8.4
33324,South America,Economics,Low,57.7,21,16.0
34057,North America,Economics,Low,57.7,4,17.9
34194,Europe,Science,Low,57.7,13,12.5
34883,Africa,English,Low,57.7,14,23.2
36643,Africa,History,Low,57.7,7,28.7
36889,East Asia,Science,Low,57.7,19,7.7
37893,South America,Science,Low,57.7,26,10.9
781,South America,History,Low,57.8,9,11.5
1244,South Asia,History,Low,57.8,9,14.1
1324,South America,Science,Low,57.8,9,21.3
2990,South Asia,Science,Low,57.8,8,29.6
6861,Africa,Economics,Low,57.8,9,32.6
7332,South Asia,History,Low,57.8,14,9.4
7812,Africa,Science,Low,57.8,9,21.1
9930,Europe,Computer Science,Low,57.8,17,3.6
11110,East Asia,English,Low,57.8,3,4.3
12953,South America,Economics,Low,57.8,18,17.1
13051,North America,English,Low,57.8,12,14.3
14356,South America,Science,Low,57.8,6,18.7
14627,Africa,Science,Low,57.8,14,19.9
14947,Africa,English,Low,57.8,11,30.3
14980,North America,Economics,Low,57.8,9,21.7
15060,Europe,Economics,Low,57.8,7,16.6
16381,Europe,Computer Science,Low,57.8,12,20.0
18180,South Asia,Economics,Low,57.8,18,4.7
21333,East Asia,Mathematics,Low,57.8,10,16.0
21387,Africa,Economics,Low,57.8,7,15.6
23607,South America,History,Low,57.8,10,13.1
23796,Europe,English,Low,57.8,24,7.1
23984,Europe,Science,Low,57.8,12,9.9
24360,South Asia,Economics,Low,57.8,10,29.4
24402,South America,Computer Science,Low,57.8,9,30.1
24412,East Asia,Science,Low,57.8,9,29.8
24449,East Asia,Science,Low,57.8,8,18.7
24740,Europe,Mathematics,Low,57.8,9,23.5
25578,Africa,Computer Science,Low,57.8,14,18.5
25988,Europe,Economics,Low,57.8,16,24.0
26120,East Asia,Economics,Low,57.8,14,8.2
27487,South America,History,Low,57.8,14,18.0
27965,North America,History,Low,57.8,21,7.7
29095,East Asia,Mathematics,Low,57.8,9,4.7
29096,North America,Economics,Low,57.8,18,12.3
29266,South America,Economics,Low,57.8,12,28.2
30501,Europe,Mathematics,Low,57.8,15,21.1
30668,East Asia,Economics,Low,57.8,14,15.7
30717,South America,Mathematics,Low,57.8,9,13.5
32445,East Asia,Economics,Low,57.8,14,12.8
33363,North America,Mathematics,Low,57.8,17,17.5
34198,South America,History,Low,57.8,18,14.6
34233,East Asia,Mathematics,Low,57.8,16,13.9
34308,South Asia,English,Low,57.8,25,5.4
36034,South America,Science,Low,57.8,5,13.1
36190,South Asia,Economics,Low,57.8,13,19.9
36342,Africa,Computer Science,Low,57.8,14,18.5
36422,North America,Mathematics,Low,57.8,13,9.5
36428,Europe,History,Low,57.8,16,20.7
36826,South America,English,Low,57.8,15,15.7
37185,South America,Science,Low,57.8,12,23.9
38558,East Asia,Mathematics,Low,57.8,11,9.4
49,Africa,Science,Low,57.9,6,14.4
92,Africa,History,Low,57.9,16,14.7
511,South America,English,Low,57.9,9,27.1
1513,Africa,Computer Science,Low,57.9,9,10.0
1915,Europe,Computer Science,Low,57.9,5,20.3
2136,Africa,Mathematics,Low,57.9,15,20.1
3538,North America,Economics,Low,57.9,10,18.2
3930,Africa,History,Low,57.9,10,26.7
4655,North America,Mathematics,Low,57.9,13,14.1
6011,South Asia,Mathematics,Low,57.9,10,26.1
8887,Africa,Science,Low,57.9,12,28.9
10043,South Asia,History,Low,57.9,13,26.1
10153,South Asia,Science,Low,57.9,17,15.9
12751,East Asia,English,Low,57.9,5,14.5
13318,Africa,Economics,Low,57.9,16,18.0
13964,South America,Science,Low,57.9,7,11.9
14571,Europe,History,Low,57.9,5,34.1
14844,Europe,English,Low,57.9,14,21.7
14889,Africa,English,Low,57.9,6,29.1
15071,Africa,Science,Low,57.9,8,0.0
16456,North America,Science,Low,57.9,14,21.1
16591,Africa,History,Low,57.9,8,18.5
18425,Africa,Science,Low,57.9,11,11.0
18612,South Asia,Economics,Low,57.9,22,16.4
19132,East Asia,Economics,Low,57.9,11,19.4
19667,South America,Economics,Low,57.9,9,21.6
19852,South America,History,Low,57.9,28,11.1
21848,South Asia,History,Low,57.9,9,30.7
22483,South America,Science,Low,57.9,8,6.5
22661,South America,Computer Science,Low,57.9,16,14.7
23569,South Asia,Mathematics,Low,57.9,6,18.0
24912,South America,History,Low,57.9,18,12.1
25480,Africa,Economics,Low,57.9,12,11.9
26140,East Asia,Mathematics,Low,57.9,7,32.0
26210,South Asia,Mathematics,Low,57.9,14,14.6
27866,East Asia,Computer Science,Low,57.9,17,0.0
28173,Africa,English,Low,57.9,11,29.2
31422,South America,Economics,Low,57.9,11,29.9
31945,North America,Mathematics,Low,57.9,7,23.2
32604,Africa,History,Low,57.9,5,29.3
34412,South America,Mathematics,Low,57.9,14,17.8
34989,South Asia,English,Low,57.9,5,30.1
35432,Africa,Mathematics,Low,57.9,14,23.8
35678,South Asia,Computer Science,Low,57.9,9,12.9
35963,South Asia,History,Low,57.9,13,15.0
35964,East Asia,English,Low,57.9,3,24.9
36626,East Asia,Computer Science,Low,57.9,8,17.0
37674,North America,Science,Low,57.9,17,14.2
38008,Europe,Science,Low,57.9,12,24.1
38508,South Asia,Economics,Low,57.9,6,24.6
38741,Europe,Economics,Low,57.9,21,13.1
39196,Europe,Economics,Low,57.9,12,19.5
644,South Asia,Economics,Low,58.0,11,28.4
1043,South Asia,Economics,Low,58.0,16,11.3
2317,North America,English,Low,58.0,9,2.0
2772,North America,Science,Low,58.0,5,23.1
3213,South Asia,English,Low,58.0,25,8.5
3258,Europe,History,Low,58.0,14,22.9
3336,Europe,Computer Science,Low,58.0,12,29.3
3716,Europe,Mathematics,Low,58.0,11,29.7
4087,Europe,English,Low,58.0,10,0.7
5292,South America,Economics,Low,58.0,13,9.6
5577,East Asia,Science,Low,58.0,2,11.2
6930,Africa,English,Low,58.0,16,8.0
8064,South Asia,English,Low,58.0,13,26.1
9321,Europe,History,Low,58.0,10,17.4
9471,South Asia,English,Low,58.0,17,12.7
10024,East Asia,Mathematics,Low,58.0,6,15.9
12023,South America,Computer Science,Low,58.0,2,15.2
13759,South America,English,Low,58.0,25,8.5
14061,Africa,Computer Science,Low,58.0,17,19.5
14330,South America,Science,Low,58.0,7,14.7
14911,Europe,English,Low,58.0,18,16.0
17025,Africa,Science,Low,58.0,5,9.7
17173,South Asia,Economics,Low,58.0,12,0.0
17392,South Asia,Computer Science,Low,58.0,13,27.7
17405,South Asia,History,Low,58.0,3,34.8
17443,Europe,History,Low,58.0,3,34.1
18008,North America,Mathematics,Low,58.0,18,17.0
18566,South Asia,English,Low,58.0,6,24.3
19236,North America,Science,Low,58.0,3,5.9
19346,South America,Economics,Low,58.0,21,17.5
22234,North America,History,Low,58.0,28,7.8
25493,Africa,Computer Science,Low,58.0,17,19.1
25894,Europe,Economics,Low,58.0,13,16.6
25990,Africa,English,Low,58.0,22,16.8
26317,South Asia,Economics,Low,58.0,11,22.3
27023,Africa,History,Low,58.0,6,18.3
28263,North America,Mathematics,Low,58.0,18,13.4
29102,Europe,Economics,Low,58.0,25,30.4
29464,Europe,History,Low,58.0,24,11.6
30030,South Asia,Computer Science,Low,58.0,17,19.2
30342,South Asia,English,Low,58.0,12,29.0
32379,South Asia,Computer Science,Low,58.0,6,11.5
32472,North America,Mathematics,Low,58.0,14,19.4
32717,Europe,Mathematics,Low,58.0,24,4.1
32988,East Asia,History,Low,58.0,12,29.9
33494,North America,Mathematics,Low,58.0,10,2.9
34575,East Asia,History,Low,58.0,9,23.8
36794,South Asia,History,Low,58.0,23,7.4
37228,South America,English,Low,58.0,16,23.7
37246,North America,Mathematics,Low,58.0,16,15.1
37313,Africa,Science,Low,58.0,16,17.5
38243,East Asia,Mathematics,Low,58.0,11,15.0
39012,East Asia,English,Low,58.0,10,21.0
1183,Africa,English,Low,58.1,8,33.0
1621,Europe,Science,Low,58.1,15,18.5
1676,South America,History,Low,58.1,15,25.2
2107,Africa,Science,Low,58.1,6,34.9
3003,South America,History,Low,58.1,6,26.2
3241,Europe,Science,Low,58.1,9,26.9
3518,South America,English,Low,58.1,19,21.1
4483,South America,Mathematics,Low,58.1,22,17.6
4848,North America,History,Low,58.1,21,17.7
5459,East Asia,Mathematics,Low,58.1,9,30.1
6512,Africa,Computer Science,Low,58.1,12,8.4
9075,South Asia,Mathematics,Low,58.1,10,19.6
11376,Europe,Economics,Low,58.1,13,10.7
11834,Africa,History,Low,58.1,10,31.1
11991,North America,Mathematics,Low,58.1,12,2.2
12176,Europe,Science,Low,58.1,15,13.5
12459,South Asia,Mathematics,Low,58.1,17,18.8
13361,East Asia,Mathematics,Low,58.1,4,16.2
13628,North America,Mathematics,Low,58.1,20,17.6
13947,South America,Mathematics,Low,58.1,14,15.0
17165,Europe,Science,Low,58.1,6,20.0
17818,South Asia,Science,Low,58.1,16,23.6
19529,South America,History,Low,58.1,10,22.5
20056,North America,History,Low,58.1,22,6.3
22913,Africa,Economics,Low,58.1,8,31.5
22979,North America,English,Low,58.1,19,18.0
23243,East Asia,Mathematics,Low,58.1,6,32.1
24009,South Asia,English,Low,58.1,12,10.5
25370,North America,Science,Low,58.1,13,19.5
25372,South Asia,History,Low,58.1,15,16.5
25737,South Asia,English,Low,58.1,7,22.6
26231,South Asia,English,Low,58.1,11,9.9
26871,North America,Economics,Low,58.1,18,30.4
27251,Europe,English,Low,58.1,6,22.9
27776,South America,English,Low,58.1,14,19.1
30702,North America,History,Low,58.1,18,11.5
34266,South America,Science,Low,58.1,8,0.0
37336,South America,Economics,Low,58.1,13,18.3
37574,Africa,English,Low,58.1,17,4.3
38078,East Asia,English,Low,58.1,23,12.4
38097,Europe,Science,Low,58.1,9,13.9
39750,North America,Science,Low,58.1,19,19.7
39925,North America,Mathematics,Low,58.1,15,17.4
169,South Asia,Mathematics,Low,58.2,13,21.7
1241,East Asia,Computer Science,Low,58.2,17,15.7
1785,Africa,Computer Science,Low,58.2,7,20.1
2443,North America,Science,Low,58.2,25,14.8
3443,South Asia,Science,Low,58.2,16,24.9
5135,Africa,Economics,Low,58.2,11,20.9
5975,South America,Mathematics,Low,58.2,14,14.7
6540,North America,Economics,Low,58.2,5,15.4
6669,South Asia,English,Low,58.2,15,13.7
6700,South Asia,Science,Low,58.2,6,18.2
7848,South America,English,Low,58.2,13,22.3
8362,Africa,Economics,Low,58.2,12,21.7
8698,East Asia,Mathematics,Low,58.2,11,3.9
9066,East Asia,English,Low,58.2,6,33.1
10160,Africa,History,Low,58.2,2,20.8
10946,South America,Mathematics,Low,58.2,7,34.5
11361,South America,Computer Science,Low,58.2,8,13.2
11369,South America,English,Low,58.2,16,21.5
11913,Africa,Economics,Low,58.2,21,19.2
12476,Africa,History,Low,58.2,8,29.9
13427,North America,Mathematics,Low,58.2,11,4.6
13681,Africa,Economics,Low,58.2,8,12.7
13907,South America,English,Low,58.2,12,24.5
14710,South Asia,Computer Science,Low,58.2,8,18.9
15353,Europe,Computer Science,Low,58.2,8,16.9
16872,Africa,History,Low,58.2,8,30.0
17680,Africa,Computer Science,Low,58.2,13,14.6
17685,South Asia,Science,Low,58.2,10,22.6
17782,Africa,History,Low,58.2,21,3.2
18551,North America,History,Low,58.2,11,0.0
19238,East Asia,Economics,Low,58.2,13,0.0
19288,North America,History,Low,58.2,6,11.2
20167,North America,History,Low,58.2,9,30.7
21559,Europe,History,Low,58.2,6,30.9
22127,East Asia,Computer Science,Low,58.2,7,34.0
22291,South Asia,Mathematics,Low,58.2,9,32.1
22338,Africa,Economics,Low,58.2,9,28.4
22827,Europe,Economics,Low,58.2,10,6.6
23971,East Asia,Computer Science,Low,58.2,15,16.8
25358,Europe,Mathematics,Low,58.2,10,19.9
27037,North America,Science,Low,58.2,20,3.8
27157,South America,Economics,Low,58.2,20,5.1
28093,North America,Economics,Low,58.2,8,28.2
29340,Europe,History,Low,58.2,9,2.2
30137,South Asia,Economics,Low,58.2,13,22.6
30706,South America,History,Low,58.2,14,16.6
30912,South America,Economics,Low,58.2,17,20.3
31111,South Asia,Economics,Low,58.2,6,18.7
33341,Europe,History,Low,58.2,15,9.1
33531,North America,English,Low,58.2,5,0.0
34411,East Asia,Science,Low,58.2,9,26.8
34641,South America,Mathematics,Low,58.2,14,0.0
34845,South America,History,Low,58.2,13,17.7
34970,South America,English,Low,58.2,7,22.7
36180,South Asia,Computer Science,Low,58.2,8,16.9
37318,South Asia,Economics,Low,58.2,7,26.6
38105,Africa,English,Low,58.2,5,6.4
38648,South Asia,Economics,Low,58.2,14,14.3
609,South America,English,Low,58.3,10,15.7
2213,East Asia,Computer Science,Low,58.3,19,17.6
2313,East Asia,Science,Low,58.3,17,23.7
2607,East Asia,History,Low,58.3,4,15.4
2667,Europe,Computer Science,Low,58.3,15,8.1
2780,North America,Science,Low,58.3,7,7.0
2821,East Asia,Economics,Low,58.3,10,21.7
4347,North America,English,Low,58.3,11,21.4
5092,South Asia,Computer Science,Low,58.3,11,0.0
5254,East Asia,English,Low,58.3,10,30.1
5454,Africa,Science,Low,58.3,3,38.6
8051,Europe,Economics,Low,58.3,16,4.3
9473,Africa,Science,Low,58.3,13,24.4
9887,East Asia,Science,Low,58.3,5,24.1
9957,Africa,Science,Low,58.3,25,10.5
10730,South America,English,Low,58.3,15,1.0
11439,South America,History,Low,58.3,9,29.9
11629,South Asia,Economics,Low,58.3,17,11.5
12523,South Asia,History,Low,58.3,23,12.1
13052,South America,Science,Low,58.3,7,34.3
15939,South Asia,History,Low,58.3,10,5.2
16379,South Asia,History,Low,58.3,6,35.8
16957,North America,Mathematics,Low,58.3,12,15.5
17521,South America,Mathematics,Low,58.3,26,5.6
17676,Africa,Mathematics,Low,58.3,12,21.7
18090,Europe,Science,Low,58.3,5,16.8
18833,Africa,Mathematics,Low,58.3,10,13.3
18984,South America,Mathematics,Low,58.3,13,26.7
19250,Africa,English,Low,58.3,10,12.8
19345,East Asia,History,Low,58.3,4,21.2
19517,South America,Economics,Low,58.3,19,15.0
19745,South Asia,Economics,Low,58.3,4,21.3
20251,Europe,Mathematics,Low,58.3,7,14.7
23635,Europe,English,Low,58.3,12,29.3
25618,South America,Science,Low,58.3,10,14.5
26326,Africa,English,Low,58.3,20,17.4
27781,East Asia,Mathematics,Low,58.3,14,3.2
29002,North America,History,Low,58.3,19,10.1
29103,Africa,History,Low,58.3,14,11.2
30121,Europe,Economics,Low,58.3,14,23.0
30414,East Asia,Mathematics,Low,58.3,14,6.3
31338,Europe,History,Low,58.3,11,2.4
31529,East Asia,Science,Low,58.3,10,24.6
31908,Europe,Computer Science,Low,58.3,15,17.6
32001,Africa,Economics,Low,58.3,16,17.4
32179,North America,Science,Low,58.3,8,15.9
33899,North America,Economics,Low,58.3,9,25.5
34333,East Asia,History,Low,58.3,6,22.4
35044,South Asia,Computer Science,Low,58.3,14,19.1
36366,East Asia,Science,Low,58.3,5,19.0
38433,South Asia,Economics,Low,58.3,8,8.1
38878,Europe,Science,Low,58.3,15,18.1
39296,Europe,Economics,Low,58.3,11,13.3
39892,East Asia,Mathematics,Low,58.3,10,13.9
302,Africa,English,Low,58.4,10,30.3
1708,South America,History,Low,58.4,7,24.0
3030,South America,History,Low,58.4,10,22.8
3985,South America,Mathematics,Low,58.4,20,18.8
4613,Africa,History,Low,58.4,23,2.3
7965,North America,History,Low,58.4,27,5.8
7998,South Asia,Science,Low,58.4,16,8.7
8341,South America,English,Low,58.4,6,28.6
8519,South America,Economics,Low,58.4,18,13.9
8983,South America,History,Low,58.4,10,27.4
9090,South Asia,History,Low,58.4,4,24.1
9193,South America,Computer Science,Low,58.4,16,12.2
10129,Europe,Economics,Low,58.4,15,25.5
10490,South Asia,Mathematics,Low,58.4,18,21.3
10535,South America,History,Low,58.4,21,17.0
12388,South Asia,Science,Low,58.4,19,19.9
12552,Africa,Economics,Low,58.4,17,11.4
15532,North America,History,Low,58.4,10,18.3
17424,North America,Mathematics,Low,58.4,13,20.1
18027,North America,Mathematics,Low,58.4,16,18.6
18547,North America,Economics,Low,58.4,13,25.5
19981,South Asia,Economics,Low,58.4,8,30.9
20519,Africa,English,Low,58.4,8,28.4
20776,East Asia,History,Low,58.4,8,14.0
22968,Africa,English,Low,58.4,3,18.4
23894,North America,History,Low,58.4,12,22.7
25609,East Asia,Economics,Low,58.4,16,16.0
25966,Africa,English,Low,58.4,16,12.9
26119,North America,Economics,Low,58.4,7,20.2
26289,South America,Mathematics,Low,58.4,12,25.3
27513,South America,Economics,Low,58.4,11,22.2
28320,South America,English,Low,58.4,22,8.1
29259,Africa,English,Low,58.4,17,23.0
29705,South America,English,Low,58.4,21,0.0
30148,East Asia,English,Low,58.4,4,15.4
30188,Africa,Computer Science,Low,58.4,10,24.7
30835,Africa,Mathematics,Low,58.4,10,18.0
31105,South Asia,Economics,Low,58.4,9,26.1
31158,East Asia,Mathematics,Low,58.4,11,26.3
31249,Europe,History,Low,58.4,8,19.7
31297,Europe,History,Low,58.4,14,8.0
32134,North America,English,Low,58.4,10,11.7
32659,North America,English,Low,58.4,7,16.8
32980,South Asia,Economics,Low,58.4,9,19.8
33110,South America,English,Low,58.4,20,13.9
36441,South America,Science,Low,58.4,24,12.4
36918,Africa,English,Low,58.4,19,2.3
37666,Africa,History,Low,58.4,12,14.7
38239,South America,Economics,Low,58.4,10,27.9
39372,North America,History,Low,58.4,7,0.0
847,North America,History,Low,58.5,6,17.6
1591,Africa,English,Low,58.5,14,27.0
1607,North America,History,Low,58.5,17,20.7
3635,South America,English,Low,58.5,19,14.4
5401,South America,English,Low,58.5,21,2.2
7452,Africa,Science,Low,58.5,14,21.9
7557,Africa,History,Low,58.5,11,14.4
8747,North America,History,Low,58.5,9,11.0
9416,South Asia,English,Low,58.5,11,12.9
10020,South Asia,History,Low,58.5,5,6.0
11186,East Asia,English,Low,58.5,12,15.5
12286,North America,Mathematics,Low,58.5,6,5.2
13919,Europe,Science,Low,58.5,21,17.3
14065,Europe,Mathematics,Low,58.5,9,29.3
14681,North America,English,Low,58.5,17,20.7
14838,South Asia,Mathematics,Low,58.5,19,18.8
16820,Africa,Computer Science,Low,58.5,12,14.5
16858,South America,Computer Science,Low,58.5,13,25.4
17107,East Asia,Computer Science,Low,58.5,5,6.2
17187,South Asia,Economics,Low,58.5,21,16.7
17581,Africa,History,Low,58.5,10,8.9
18263,North America,Economics,Low,58.5,8,21.3
19155,North America,Mathematics,Low,58.5,7,19.8
19178,Africa,History,Low,58.5,10,20.0
20511,Europe,English,Low,58.5,16,21.7
21207,South Asia,Computer Science,Low,58.5,19,20.4
22348,South America,Science,Low,58.5,10,27.1
22451,South Asia,History,Low,58.5,11,30.4
23620,South America,Economics,Low,58.5,20,17.7
23764,Africa,History,Low,58.5,13,14.4
24691,East Asia,English,Low,58.5,12,18.9
25083,Europe,Mathematics,Low,58.5,23,8.7
26931,Europe,Economics,Low,58.5,13,25.0
28583,South Asia,Economics,Low,58.5,11,22.0
29294,Europe,English,Low,58.5,13,21.0
29890,Africa,Economics,Low,58.5,9,20.0
30256,Europe,Mathematics,Low,58.5,13,29.8
30971,East Asia,Science,Low,58.5,8,16.7
31070,Africa,History,Low,58.5,18,14.1
31948,South Asia,Science,Low,58.5,14,22.2
32324,Europe,Economics,Low,58.5,10,9.0
32749,South Asia,History,Low,58.5,22,17.5
32932,Africa,Science,Low,58.5,11,15.3
34495,Europe,Mathematics,Low,58.5,8,0.0
34636,Europe,History,Low,58.5,17,13.9
34877,South Asia,Mathematics,Low,58.5,9,32.1
35278,South America,Computer Science,Low,58.5,9,32.2
35829,North America,Economics,Low,58.5,11,7.4
36007,Africa,Economics,Low,58.5,23,5.5
36384,North America,Mathematics,Low,58.5,9,12.7
38803,North America,Science,Low,58.5,13,12.6
39444,Africa,Computer Science,Low,58.5,14,24.9
991,South Asia,Mathematics,Low,58.6,23,0.0
1964,Africa,Computer Science,Low,58.6,14,29.6
4257,Europe,English,Low,58.6,8,32.7
4870,Africa,English,Low,58.6,19,16.2
5313,Europe,Science,Low,58.6,6,26.7
5442,East Asia,English,Low,58.6,5,10.5
5939,South America,Computer Science,Low,58.6,18,19.6
6291,South Asia,Science,Low,58.6,6,24.7
7446,South America,Science,Low,58.6,6,15.9
8894,South Asia,Computer Science,Low,58.6,17,14.7
9038,Africa,Computer Science,Low,58.6,17,20.0
10991,South Asia,Economics,Low,58.6,14,19.1
11009,South Asia,Mathematics,Low,58.6,7,26.9
11891,South Asia,Computer Science,Low,58.6,24,14.6
11932,Europe,Economics,Low,58.6,17,8.9
12444,Europe,Mathematics,Low,58.6,10,22.9
12972,South America,Mathematics,Low,58.6,10,15.6
14900,South Asia,Computer Science,Low,58.6,9,0.0
16160,South America,Economics,Low,58.6,19,20.7
16198,South Asia,Computer Science,Low,58.6,7,16.0
17582,South America,Computer Science,Low,58.6,11,28.4
18977,North America,Mathematics,Low,58.6,13,19.9
19089,North America,History,Low,58.6,13,21.7
19197,Africa,Economics,Low,58.6,14,10.2
19287,South America,Science,Low,58.6,20,29.9
20029,South Asia,English,Low,58.6,13,23.9
20675,Africa,Computer Science,Low,58.6,12,13.5
22003,East Asia,Economics,Low,58.6,13,1.4
23119,South America,Mathematics,Low,58.6,18,14.5
23678,East Asia,English,Low,58.6,10,0.0
24992,South America,History,Low,58.6,10,28.6
26567,Europe,Computer Science,Low,58.6,13,12.3
28283,North America,Science,Low,58.6,10,9.7
28707,South America,English,Low,58.6,15,24.7
29775,Europe,Computer Science,Low,58.6,19,6.5
30998,South Asia,History,Low,58.6,7,21.9
32545,North America,Science,Low,58.6,13,17.1
32573,Africa,History,Low,58.6,13,16.8
33323,Africa,Computer Science,Low,58.6,9,14.4
33828,Africa,English,Low,58.6,6,20.6
35433,Africa,English,Low,58.6,10,24.4
35741,North America,Economics,Low,58.6,6,18.3
36410,North America,History,Low,58.6,10,31.2
37195,North America,Economics,Low,58.6,11,21.1
37244,Africa,Computer Science,Low,58.6,19,13.8
38506,East Asia,Computer Science,Low,58.6,10,22.8
39579,East Asia,Mathematics,Low,58.6,13,10.5
859,Africa,History,Low,58.7,19,20.7
1610,North America,Science,Low,58.7,4,4.7
1916,East Asia,English,Low,58.7,16,19.8
1975,East Asia,Economics,Low,58.7,12,15.1
1990,South America,English,Low,58.7,15,7.0
2119,East Asia,Mathematics,Low,58.7,12,0.7
3102,North America,Mathematics,Low,58.7,7,16.4
4970,Africa,History,Low,58.7,5,23.6
5387,Europe,English,Low,58.7,20,14.3
5930,Europe,English,Low,58.7,9,17.2
6028,Africa,Computer Science,Low,58.7,24,7.5
6169,Africa,Economics,Low,58.7,5,20.8
6482,South America,Economics,Low,58.7,14,24.9
7479,Africa,Mathematics,Low,58.7,18,21.4
7626,East Asia,Mathematics,Low,58.7,20,16.7
10544,South America,Science,Low,58.7,11,23.0
11289,Europe,Science,Low,58.7,7,23.6
11739,Europe,History,Low,58.7,11,29.9
11781,North America,History,Low,58.7,22,13.0
13965,East Asia,History,Low,58.7,23,3.4
15036,Africa,History,Low,58.7,14,19.7
16887,South Asia,Science,Low,58.7,7,28.1
18609,South Asia,History,Low,58.7,9,12.5
18944,North America,Science,Low,58.7,13,19.8
19815,South America,Computer Science,Low,58.7,15,18.4
21554,South America,Science,Low,58.7,5,22.8
24834,South America,Science,Low,58.7,25,5.4
24989,Africa,English,Low,58.7,7,26.4
25442,Europe,Science,Low,58.7,12,9.8
25939,Africa,Science,Low,58.7,9,20.2
26007,Europe,Mathematics,Low,58.7,3,24.9
26114,North America,Economics,Low,58.7,14,12.0
27529,Europe,History,Low,58.7,10,5.3
27603,Africa,Science,Low,58.7,10,23.2
28049,Europe,Mathematics,Low,58.7,13,27.2
28339,Africa,Economics,Low,58.7,13,21.3
30168,Africa,Science,Low,58.7,12,13.0
33311,Africa,History,Low,58.7,11,8.0
33934,South Asia,Computer Science,Low,58.7,15,25.6
34356,Africa,History,Low,58.7,22,16.6
35101,South Asia,Computer Science,Low,58.7,9,20.9
36782,North America,Economics,Low,58.7,16,9.4
36846,Africa,Computer Science,Low,58.7,7,8.8
37379,North America,Computer Science,Low,58.7,15,9.0
37462,South America,English,Low,58.7,14,20.3
37490,South Asia,Computer Science,Low,58.7,8,22.2
37566,Europe,Economics,Low,58.7,6,9.0
37836,Africa,English,Low,58.7,15,10.7
39270,Africa,History,Low,58.7,12,25.9
886,Africa,English,Low,58.8,10,23.7
3794,East Asia,Science,Low,58.8,7,23.5
5167,Africa,Computer Science,Low,58.8,19,19.7
5443,South America,History,Low,58.8,27,9.9
6046,South Asia,Computer Science,Low,58.8,10,29.7
6335,North America,English,Low,58.8,23,9.5
6805,South Asia,English,Low,58.8,9,30.1
8060,South America,English,Low,58.8,8,9.0
8349,Africa,English,Low,58.8,20,19.1
10259,East Asia,English,Low,58.8,15,24.1
10275,Europe,History,Low,58.8,10,22.6
10564,Europe,Economics,Low,58.8,15,11.1
11103,South America,Mathematics,Low,58.8,9,13.4
11277,South Asia,English,Low,58.8,15,22.4
12331,South America,Economics,Low,58.8,16,19.6
13232,North America,Mathematics,Low,58.8,16,9.2
13545,South America,Computer Science,Low,58.8,9,7.9
13662,South Asia,History,Low,58.8,7,29.5
15034,South America,English,Low,58.8,13,27.1
15069,Europe,English,Low,58.8,11,30.2
15506,South America,Mathematics,Low,58.8,22,9.8
17303,East Asia,Economics,Low,58.8,25,0.0
19511,East Asia,Economics,Low,58.8,6,15.5
20760,North America,Economics,Low,58.8,11,25.8
20859,South America,Science,Low,58.8,15,21.2
23838,South America,English,Low,58.8,6,22.7
24003,East Asia,Science,Low,58.8,5,16.2
24624,South Asia,Economics,Low,58.8,15,21.2
24719,Europe,Science,Low,58.8,12,10.2
24790,North America,Economics,Low,58.8,12,25.5
24941,North America,English,Low,58.8,7,16.1
25642,Europe,History,Low,58.8,20,18.8
25731,East Asia,English,Low,58.8,9,6.2
26227,South America,English,Low,58.8,15,22.7
28492,East Asia,Mathematics,Low,58.8,29,10.4
28694,North America,History,Low,58.8,17,19.2
30179,North America,Computer Science,Low,58.8,15,12.3
30203,Europe,Mathematics,Low,58.8,6,25.8
31667,South America,Computer Science,Low,58.8,6,23.3
32699,Europe,English,Low,58.8,14,0.0
32791,Europe,History,Low,58.8,9,29.8
32814,Europe,Computer Science,Low,58.8,8,11.3
32844,Africa,Economics,Low,58.8,6,25.3
37374,North America,Science,Low,58.8,9,21.9
38326,Europe,Economics,Low,58.8,23,11.4
38792,Africa,Economics,Low,58.8,19,14.2
362,South America,Mathematics,Low,58.9,14,24.7
448,South America,Economics,Low,58.9,13,20.7
1719,South Asia,History,Low,58.9,5,5.5
1743,South Asia,Science,Low,58.9,14,18.1
2985,Africa,Mathematics,Low,58.9,13,21.3
3754,Europe,Computer Science,Low,58.9,14,24.2
3953,Africa,English,Low,58.9,4,32.3
4374,Africa,Science,Low,58.9,5,13.5
6054,Europe,Science,Low,58.9,13,13.2
6660,Europe,Economics,Low,58.9,12,10.7
6964,Africa,Economics,Low,58.9,7,11.0
8569,North America,Mathematics,Low,58.9,11,20.4
9086,South America,English,Low,58.9,6,33.6
10502,South Asia,Economics,Low,58.9,12,26.7
11538,South Asia,Economics,Low,58.9,5,32.1
12463,South America,English,Low,58.9,12,9.7
12803,Europe,Computer Science,Low,58.9,9,8.3
13257,South Asia,History,Low,58.9,14,6.5
14922,South Asia,History,Low,58.9,12,17.4
16028,South Asia,English,Low,58.9,5,19.1
16284,Europe,Science,Low,58.9,13,13.2
17550,Africa,English,Low,58.9,21,6.3
18427,South Asia,History,Low,58.9,12,15.4
18539,Europe,Mathematics,Low,58.9,26,2.6
20538,Africa,Computer Science,Low,58.9,17,17.2
22342,North America,History,Low,58.9,10,27.7
22470,Africa,English,Low,58.9,17,20.1
24194,South Asia,Science,Low,58.9,11,15.9
25453,South Asia,Science,Low,58.9,16,13.5
26143,South America,Science,Low,58.9,20,17.4
26220,North America,Mathematics,Low,58.9,17,18.3
26617,East Asia,Economics,Low,58.9,16,3.4
26966,Europe,Science,Low,58.9,15,19.2
27247,Europe,Science,Low,58.9,19,11.2
27684,East Asia,History,Low,58.9,17,12.5
28155,East Asia,Science,Low,58.9,15,18.3
29183,South Asia,Science,Low,58.9,17,4.5
29328,East Asia,Economics,Low,58.9,5,10.3
30173,South America,Economics,Low,58.9,19,16.9
30954,Europe,Mathematics,Low,58.9,16,13.7
31237,North America,English,Low,58.9,24,2.8
32657,Europe,History,Low,58.9,4,7.4
33233,South Asia,English,Low,58.9,14,24.6
34680,North America,English,Low,58.9,6,21.8
35091,Europe,History,Low,58.9,10,22.1
35104,North America,Science,Low,58.9,6,27.7
35276,North America,Mathematics,Low,58.9,27,7.2
38610,South America,Science,Low,58.9,19,18.7
38943,Europe,History,Low,58.9,13,25.6
39218,Europe,English,Low,58.9,18,15.4
39337,Africa,History,Low,58.9,13,15.9
39499,South America,Economics,Low,58.9,11,30.1
39551,South Asia,History,Low,58.9,8,26.0
39809,Africa,Mathematics,Low,58.9,20,18.3
171,North America,English,Low,59.0,18,6.8
1093,South America,English,Low,59.0,8,24.7
1387,East Asia,History,Low,59.0,2,23.0
1688,South Asia,History,Low,59.0,12,21.9
2847,South America,Mathematics,Low,59.0,18,14.1
3807,North America,Mathematics,Low,59.0,7,20.8
3976,Africa,Mathematics,Low,59.0,11,18.2
4161,South Asia,Mathematics,Low,59.0,8,31.1
4878,South Asia,Mathematics,Low,59.0,17,20.0
5418,Europe,Mathematics,Low,59.0,10,15.5
6085,Africa,Computer Science,Low,59.0,17,16.4
6740,South Asia,Mathematics,Low,59.0,10,28.0
7087,South Asia,Science,Low,59.0,4,17.3
7233,South Asia,History,Low,59.0,13,27.7
8472,Europe,English,Low,59.0,6,17.5
8572,North America,English,Low,59.0,3,21.0
8602,South Asia,Computer Science,Low,59.0,18,9.3
9570,South America,History,Low,59.0,12,25.3
11975,South Asia,History,Low,59.0,17,11.6
12554,Europe,History,Low,59.0,6,16.4
12856,South Asia,English,Low,59.0,8,32.7
13121,North America,English,Low,59.0,9,25.3
13209,Africa,Economics,Low,59.0,5,20.9
14868,North America,Economics,Low,59.0,16,19.4
14960,South America,English,Low,59.0,10,2.8
16507,East Asia,History,Low,59.0,15,3.2
16636,South America,History,Low,59.0,6,28.4
17178,South Asia,History,Low,59.0,10,14.5
17810,South America,Computer Science,Low,59.0,12,9.3
20432,East Asia,History,Low,59.0,10,23.7
20959,South America,Science,Low,59.0,6,24.3
21439,South Asia,Mathematics,Low,59.0,18,10.1
22433,South Asia,Economics,Low,59.0,12,21.1
22682,East Asia,History,Low,59.0,18,20.2
22767,South Asia,Mathematics,Low,59.0,14,7.8
22907,Europe,English,Low,59.0,21,11.4
24562,North America,English,Low,59.0,29,1.3
24565,Africa,Science,Low,59.0,9,21.3
25090,South Asia,History,Low,59.0,17,14.2
25259,North America,English,Low,59.0,8,16.4
25291,Africa,Economics,Low,59.0,10,26.9
27120,Africa,Computer Science,Low,59.0,18,20.0
27930,South America,History,Low,59.0,19,19.5
28427,South America,Mathematics,Low,59.0,10,19.0
29083,Europe,Computer Science,Low,59.0,10,17.6
29401,Africa,History,Low,59.0,13,22.4
29504,Europe,Economics,Low,59.0,15,20.1
29732,North America,Mathematics,Low,59.0,11,15.4
30192,South America,Mathematics,Low,59.0,11,18.4
31540,Africa,English,Low,59.0,20,10.3
31856,Africa,Computer Science,Low,59.0,25,13.8
31959,Africa,Computer Science,Low,59.0,8,18.2
32047,Europe,Computer Science,Low,59.0,23,0.0
32820,South Asia,History,Low,59.0,16,20.3
33291,South Asia,History,Low,59.0,2,15.1
34008,South America,Mathematics,Low,59.0,17,21.2
34682,East Asia,History,Low,59.0,16,17.6
35029,North America,English,Low,59.0,12,26.9
36165,Africa,Computer Science,Low,59.0,5,24.7
36242,Africa,Economics,Low,59.0,12,11.9
37846,South America,Economics,Low,59.0,5,29.1
38354,Africa,Mathematics,Low,59.0,13,24.6
38450,Europe,Science,Low,59.0,9,18.4
187,North America,Mathematics,Low,59.1,10,22.4
262,Europe,English,Low,59.1,8,10.0
590,South America,Mathematics,Low,59.1,12,13.6
734,Africa,Mathematics,Low,59.1,14,16.2
1132,Africa,Mathematics,Low,59.1,15,25.0
1781,North America,Mathematics,Low,59.1,8,22.0
1841,South Asia,History,Low,59.1,5,32.8
2977,South Asia,English,Low,59.1,17,18.0
3158,South America,History,Low,59.1,5,11.9
3166,South Asia,Economics,Low,59.1,12,18.6
3451,South Asia,Science,Low,59.1,15,20.6
3612,Africa,Computer Science,Low,59.1,4,27.3
3882,Europe,History,Low,59.1,26,0.0
3883,East Asia,English,Low,59.1,8,16.0
4115,Europe,Economics,Low,59.1,6,31.2
5683,South Asia,Computer Science,Low,59.1,13,20.2
6516,Europe,Economics,Low,59.1,6,8.5
6921,Europe,Mathematics,Low,59.1,5,35.0
7072,Africa,Computer Science,Low,59.1,13,24.1
7361,North America,History,Low,59.1,6,12.2
8021,Europe,English,Low,59.1,18,6.7
8264,East Asia,Mathematics,Low,59.1,8,12.7
8563,South America,Science,Low,59.1,8,11.2
9651,Europe,English,Low,59.1,4,9.9
9702,Europe,Economics,Low,59.1,17,15.3
9897,Africa,English,Low,59.1,12,30.1
10403,Africa,History,Low,59.1,11,16.1
11496,South America,Economics,Low,59.1,13,25.8
11907,Africa,History,Low,59.1,20,10.7
11947,South Asia,Science,Low,59.1,7,18.8
12169,South America,Science,Low,59.1,9,12.0
12227,Europe,Mathematics,Low,59.1,4,6.7
14310,Africa,English,Low,59.1,7,13.6
14560,Africa,History,Low,59.1,17,20.6
14871,South Asia,Mathematics,Low,59.1,15,25.7
15181,North America,History,Low,59.1,8,23.5
15791,Africa,Economics,Low,59.1,19,16.2
16553,South America,Economics,Low,59.1,13,21.8
19300,South Asia,Computer Science,Low,59.1,4,1.3
19972,South America,Mathematics,Low,59.1,15,18.6
23096,South Asia,English,Low,59.1,11,9.9
23761,South Asia,Computer Science,Low,59.1,21,10.9
24086,South America,Economics,Low,59.1,11,11.6
24142,Africa,English,Low,59.1,8,30.8
24589,North America,Economics,Low,59.1,11,23.9
25384,East Asia,Economics,Low,59.1,10,31.1
26339,Africa,Computer Science,Low,59.1,13,13.3
27772,East Asia,Economics,Low,59.1,20,20.3
28399,Europe,History,Low,59.1,14,11.3
29910,Africa,Science,Low,59.1,16,21.9
33082,South America,English,Low,59.1,25,13.9
34628,South America,Computer Science,Low,59.1,15,23.0
34967,Europe,Science,Low,59.1,13,9.5
36115,South America,Mathematics,Low,59.1,16,20.3
36257,Africa,Computer Science,Low,59.1,17,6.0
36276,South America,Economics,Low,59.1,9,20.2
36760,South America,English,Low,59.1,10,22.9
37305,Europe,Economics,Low,59.1,21,13.1
37494,South Asia,Science,Low,59.1,9,20.3
37901,North America,Mathematics,Low,59.1,17,0.0
38524,East Asia,Mathematics,Low,59.1,13,27.5
38697,East Asia,Economics,Low,59.1,11,20.0
38835,South America,Computer Science,Low,59.1,10,17.8
39812,South America,Science,Low,59.1,14,18.8
39876,North America,Economics,Low,59.1,17,15.3
559,Africa,Mathematics,Low,59.2,11,16.6
2230,South America,History,Low,59.2,4,25.4
2640,South America,Economics,Low,59.2,21,0.0
3711,South Asia,Mathematics,Low,59.2,11,28.4
4097,East Asia,Science,Low,59.2,9,14.6
5209,South Asia,History,Low,59.2,19,16.3
5354,South Asia,English,Low,59.2,7,26.2
5550,Africa,History,Low,59.2,19,21.4
5599,Africa,Computer Science,Low,59.2,17,23.0
5731,South America,History,Low,59.2,17,29.9
5831,Europe,English,Low,59.2,12,15.1
6615,Europe,Science,Low,59.2,12,21.9
8162,South Asia,History,Low,59.2,18,29.9
9210,Africa,Mathematics,Low,59.2,17,19.5
9731,South America,Science,Low,59.2,13,17.6
10059,East Asia,Science,Low,59.2,17,29.9
11873,North America,History,Low,59.2,22,16.3
13108,North America,English,Low,59.2,7,7.8
13395,South Asia,Science,Low,59.2,8,29.1
13549,North America,Mathematics,Low,59.2,17,21.7
14243,East Asia,Mathematics,Low,59.2,17,21.6
15662,South America,Economics,Low,59.2,19,21.3
16159,East Asia,Economics,Low,59.2,4,21.6
16432,North America,English,Low,59.2,4,29.7
18746,Africa,History,Low,59.2,15,21.0
18853,East Asia,Economics,Low,59.2,8,33.0
19147,Europe,Mathematics,Low,59.2,9,25.7
19165,South America,Mathematics,Low,59.2,12,25.2
20098,South America,Mathematics,Low,59.2,17,21.9
20369,South Asia,Economics,Low,59.2,10,18.8
20448,Africa,History,Low,59.2,20,15.0
22242,South America,Mathematics,Low,59.2,20,17.0
25240,South America,History,Low,59.2,8,3.0
25275,Africa,Mathematics,Low,59.2,9,22.5
25936,Europe,History,Low,59.2,4,38.1
27572,Africa,English,Low,59.2,15,4.2
27966,Africa,Economics,Low,59.2,7,24.5
28208,South America,Mathematics,Low,59.2,27,10.4
29033,Europe,Science,Low,59.2,9,17.5
29073,Europe,Mathematics,Low,59.2,18,15.2
30963,Europe,Economics,Low,59.2,23,17.0
32341,South America,Science,Low,59.2,11,14.4
32404,East Asia,Mathematics,Low,59.2,10,15.4
33495,Europe,Mathematics,Low,59.2,11,29.0
36757,South America,Computer Science,Low,59.2,7,30.4
37916,North America,Economics,Low,59.2,21,15.4
39281,Europe,Economics,Low,59.2,11,28.3
39999,North America,Mathematics,Low,59.2,5,1.4
1354,South America,Economics,Low,59.3,11,9.9
3751,East Asia,English,Low,59.3,15,4.0
3832,Europe,Mathematics,Low,59.3,17,17.4
4156,Europe,History,Low,59.3,18,20.1
4414,Africa,English,Low,59.3,10,24.7
4435,East Asia,Science,Low,59.3,11,17.3
5133,South Asia,Science,Low,59.3,14,13.6
5163,Europe,English,Low,59.3,11,28.6
6434,South Asia,Science,Low,59.3,16,16.2
6706,North America,Science,Low,59.3,12,16.7
7362,Africa,Economics,Low,59.3,25,14.9
7475,South Asia,Mathematics,Low,59.3,5,17.6
7885,Africa,Computer Science,Low,59.3,11,22.9
8031,Europe,Mathematics,Low,59.3,13,18.2
9419,North America,Science,Low,59.3,6,31.3
9429,South Asia,Science,Low,59.3,12,14.9
9756,Africa,English,Low,59.3,13,18.4
10126,Europe,Mathematics,Low,59.3,16,29.8
10757,North America,Science,Low,59.3,11,26.3
15386,South Asia,Mathematics,Low,59.3,17,12.5
15426,South Asia,Economics,Low,59.3,21,14.3
15563,Europe,English,Low,59.3,14,25.2
16252,South Asia,Computer Science,Low,59.3,12,14.2
19121,East Asia,Mathematics,Low,59.3,15,24.9
20846,South Asia,Computer Science,Low,59.3,8,2.3
20946,Africa,History,Low,59.3,11,10.1
23749,East Asia,Science,Low,59.3,2,15.0
24615,North America,Science,Low,59.3,6,31.9
24824,Africa,Mathematics,Low,59.3,13,14.1
25068,South Asia,Science,Low,59.3,7,25.2
27358,East Asia,Economics,Low,59.3,5,13.6
28017,South America,Mathematics,Low,59.3,9,16.9
28020,East Asia,English,Low,59.3,14,21.7
28233,East Asia,Science,Low,59.3,12,28.6
28701,Europe,English,Low,59.3,22,7.1
29291,Europe,Science,Low,59.3,17,16.9
31512,Europe,Economics,Low,59.3,18,19.2
31712,South America,Mathematics,Low,59.3,8,4.9
33716,Africa,Computer Science,Low,59.3,19,21.6
34267,Africa,English,Low,59.3,11,23.6
34735,North America,Mathematics,Low,59.3,6,26.9
35385,North America,English,Low,59.3,13,20.7
35670,East Asia,Mathematics,Low,59.3,12,25.3
36246,East Asia,History,Low,59.3,15,25.3
37299,North America,History,Low,59.3,8,16.9
38052,East Asia,Computer Science,Low,59.3,11,13.4
38397,Europe,Mathematics,Low,59.3,7,9.6
38455,South Asia,History,Low,59.3,8,10.9
38619,Europe,Science,Low,59.3,17,22.7
39353,Africa,Computer Science,Low,59.3,6,19.8
768,South Asia,Economics,Low,59.4,10,27.4
1504,Europe,Economics,Low,59.4,12,16.5
1772,South Asia,Science,Low,59.4,6,26.6
2254,East Asia,Computer Science,Low,59.4,11,20.8
2269,North America,Economics,Low,59.4,9,7.2
2364,North America,Mathematics,Low,59.4,3,6.8
2906,South America,History,Low,59.4,17,14.5
3456,South America,Economics,Low,59.4,8,23.9
3782,Europe,Mathematics,Low,59.4,8,4.4
3793,Europe,Mathematics,Low,59.4,13,23.3
4925,Europe,Computer Science,Low,59.4,13,22.2
5954,East Asia,Science,Low,59.4,11,28.8
6364,Europe,Science,Low,59.4,17,0.0
6417,Europe,Mathematics,Low,59.4,8,32.4
7396,North America,Computer Science,Low,59.4,8,15.3
8026,South America,Economics,Low,59.4,10,14.2
8462,South America,Mathematics,Low,59.4,15,8.2
8842,Europe,Economics,Low,59.4,16,0.0
10586,South America,English,Low,59.4,14,25.9
10698,East Asia,English,Low,59.4,5,18.3
12575,Europe,Economics,Low,59.4,13,21.1
13627,North America,Mathematics,Low,59.4,6,25.7
13709,Europe,English,Low,59.4,21,2.1
14521,Africa,Computer Science,Low,59.4,13,19.8
14601,Europe,Science,Low,59.4,18,0.0
15577,Africa,Mathematics,Low,59.4,12,16.2
16518,Africa,Science,Low,59.4,12,20.6
16624,Europe,Computer Science,Low,59.4,15,10.8
19113,Africa,History,Low,59.4,6,17.2
20398,East Asia,English,Low,59.4,16,21.4
20529,South America,Economics,Low,59.4,8,13.3
21096,South Asia,History,Low,59.4,11,14.5
21200,South America,Economics,Low,59.4,11,23.3
21486,North America,Computer Science,Low,59.4,11,21.0
23139,Africa,History,Low,59.4,14,21.1
24112,East Asia,Mathematics,Low,59.4,7,5.4
24357,Africa,History,Low,59.4,11,15.9
27147,Europe,Economics,Low,59.4,13,16.2
27532,East Asia,Computer Science,Low,59.4,8,10.4
27957,Africa,Science,Low,59.4,7,10.8
28328,Africa,English,Low,59.4,26,6.4
28658,South America,Computer Science,Low,59.4,7,21.5
30430,Europe,Science,Low,59.4,17,15.8
30860,Africa,Economics,Low,59.4,14,17.3
32900,Europe,Economics,Low,59.4,7,16.4
33465,Europe,Economics,Low,59.4,13,15.4
34453,South Asia,Science,Low,59.4,15,2.2
36206,North America,English,Low,59.4,4,2.5
36544,South America,Computer Science,Low,59.4,19,15.7
36771,East Asia,Economics,Low,59.4,14,24.8
37333,South America,Economics,Low,59.4,9,29.6
38724,South America,Science,Low,59.4,10,22.3
39437,Europe,History,Low,59.4,25,12.9
2096,Africa,History,Low,59.5,8,31.5
2616,Africa,Science,Low,59.5,11,23.9
2653,South America,Economics,Low,59.5,7,0.2
2708,Europe,History,Low,59.5,8,28.1
4673,Europe,English,Low,59.5,2,34.5
6782,North America,English,Low,59.5,5,25.6
7321,Europe,English,Low,59.5,12,25.5
8011,East Asia,Economics,Low,59.5,11,15.8
8592,South Asia,History,Low,59.5,7,21.8
8713,South America,English,Low,59.5,19,17.6
8852,South Asia,History,Low,59.5,10,21.0
10261,Europe,Economics,Low,59.5,7,14.3
10733,Europe,English,Low,59.5,7,14.1
11862,South America,Mathematics,Low,59.5,18,29.8
12829,East Asia,Computer Science,Low,59.5,9,7.1
14252,South America,English,Low,59.5,12,10.8
14493,North America,Science,Low,59.5,15,2.1
14533,South America,Science,Low,59.5,24,6.2
15275,Africa,Computer Science,Low,59.5,13,26.5
15410,South Asia,Science,Low,59.5,4,16.5
15555,South Asia,Computer Science,Low,59.5,6,5.4
15814,East Asia,Economics,Low,59.5,14,21.3
16396,Europe,Economics,Low,59.5,10,17.7
16908,South America,Science,Low,59.5,13,10.0
16938,East Asia,English,Low,59.5,15,18.3
17473,Africa,Computer Science,Low,59.5,9,21.6
17569,South Asia,Computer Science,Low,59.5,13,14.8
18117,Europe,Economics,Low,59.5,23,16.5
18241,East Asia,Science,Low,59.5,7,31.1
18564,South America,English,Low,59.5,21,7.4
18872,East Asia,Economics,Low,59.5,15,7.1
20255,North America,Mathematics,Low,59.5,13,27.8
20761,South Asia,Computer Science,Low,59.5,21,11.7
21334,Europe,Science,Low,59.5,8,12.5
21364,Africa,Science,Low,59.5,14,16.7
21653,East Asia,Science,Low,59.5,13,25.4
22112,Africa,English,Low,59.5,10,30.7
23719,Africa,English,Low,59.5,11,23.2
24156,South America,Mathematics,Low,59.5,9,27.3
24637,North America,Science,Low,59.5,20,14.5
24657,East Asia,Mathematics,Low,59.5,5,21.9
24680,East Asia,Mathematics,Low,59.5,12,14.3
26409,Africa,Economics,Low,59.5,17,19.3
26832,Europe,History,Low,59.5,8,21.4
26984,Africa,Mathematics,Low,59.5,16,24.4
28088,South America,English,Low,59.5,11,12.7
29151,North America,Science,Low,59.5,10,20.2
29447,South America,Computer Science,Low,59.5,3,12.8
29538,Europe,Computer Science,Low,59.5,19,20.5
30732,South America,Mathematics,Low,59.5,13,23.8
32475,South Asia,Mathematics,Low,59.5,12,28.5
32502,Europe,Economics,Low,59.5,9,13.5
32855,South Asia,English,Low,59.5,7,20.7
33333,South Asia,Computer Science,Low,59.5,12,20.7
33955,South Asia,Computer Science,Low,59.5,7,27.9
34526,North America,Mathematics,Low,59.5,12,27.9
35517,South America,Economics,Low,59.5,8,33.3
36432,South America,Mathematics,Low,59.5,21,10.1
37839,South America,Economics,Low,59.5,9,15.8
38160,South Asia,Science,Low,59.5,8,25.7
38751,Africa,History,Low,59.5,8,33.1
38961,East Asia,History,Low,59.5,8,24.5
39003,North America,Economics,Low,59.5,10,22.6
737,Africa,English,Low,59.6,6,15.9
989,Europe,Economics,Low,59.6,12,20.0
2532,Africa,English,Low,59.6,5,30.1
2669,North America,Mathematics,Low,59.6,9,13.7
2704,South America,History,Low,59.6,18,22.4
4576,Africa,Mathematics,Low,59.6,23,0.0
4590,Europe,Science,Low,59.6,16,24.3
8708,North America,History,Low,59.6,6,21.8
9296,Europe,Computer Science,Low,59.6,17,10.1
9420,South Asia,Mathematics,Low,59.6,6,29.8
10895,South Asia,Economics,Low,59.6,15,14.8
11000,Europe,Computer Science,Low,59.6,14,13.2
11425,Europe,Economics,Low,59.6,14,9.0
13475,South America,Computer Science,Low,59.6,16,24.8
14109,North America,Economics,Low,59.6,17,9.3
14587,Africa,Science,Low,59.6,8,27.8
17134,South America,Economics,Low,59.6,20,17.5
17757,East Asia,Economics,Low,59.6,14,7.9
18378,Africa,Science,Low,59.6,12,24.5
19159,East Asia,Computer Science,Low,59.6,5,15.0
19411,Europe,Economics,Low,59.6,14,0.7
20857,South Asia,Computer Science,Low,59.6,14,26.2
21058,North America,Economics,Low,59.6,29,7.4
22389,Europe,Economics,Low,59.6,13,21.0
22963,South Asia,Computer Science,Low,59.6,18,0.0
23221,East Asia,Science,Low,59.6,8,23.7
23995,South America,Economics,Low,59.6,11,24.9
25901,South America,English,Low,59.6,10,26.4
26302,Africa,English,Low,59.6,15,21.6
26727,South Asia,Mathematics,Low,59.6,12,25.1
26802,Europe,Mathematics,Low,59.6,21,16.5
27850,Africa,History,Low,59.6,14,8.7
27915,Europe,Science,Low,59.6,21,15.1
29036,North America,History,Low,59.6,21,16.2
29606,Europe,Computer Science,Low,59.6,8,12.2
29899,North America,Science,Low,59.6,20,19.0
30317,Europe,Science,Low,59.6,11,25.8
30471,Europe,Computer Science,Low,59.6,9,26.2
33720,Africa,Computer Science,Low,59.6,11,26.6
36041,Europe,History,Low,59.6,8,11.6
36905,South Asia,Science,Low,59.6,19,6.7
37533,South Asia,Computer Science,Low,59.6,4,19.9
38139,South America,English,Low,59.6,9,29.6
39980,South Asia,Computer Science,Low,59.6,18,9.3
901,North America,Science,Low,59.7,7,32.1
1231,Africa,English,Low,59.7,14,22.8
1486,South America,Science,Low,59.7,19,20.8
3211,South America,Science,Low,59.7,11,11.8
3357,North America,History,Low,59.7,12,26.7
4170,Africa,English,Low,59.7,15,0.0
4982,South America,Computer Science,Low,59.7,18,10.7
6359,North America,Science,Low,59.7,8,12.0
7198,South America,Economics,Low,59.7,10,22.5
7706,South Asia,Science,Low,59.7,19,16.6
8653,Europe,Computer Science,Low,59.7,4,35.0
8918,North America,Computer Science,Low,59.7,18,0.0
9557,Africa,English,Low,59.7,12,7.6
10281,Africa,History,Low,59.7,10,20.6
11397,Africa,Computer Science,Low,59.7,12,9.1
11505,Europe,Economics,Low,59.7,8,8.8
12220,East Asia,Science,Low,59.7,17,22.1
12489,North America,Science,Low,59.7,15,15.8
13115,Africa,Economics,Low,59.7,12,26.4
13799,East Asia,Science,Low,59.7,16,0.0
14944,Africa,Mathematics,Low,59.7,12,20.8
15139,South Asia,Economics,Low,59.7,14,26.9
15671,South Asia,English,Low,59.7,7,23.0
15957,South Asia,Mathematics,Low,59.7,16,15.5
17675,Europe,Science,Low,59.7,12,25.2
17946,Africa,History,Low,59.7,6,17.6
18082,North America,Economics,Low,59.7,13,24.0
18348,North America,Mathematics,Low,59.7,6,21.2
18514,East Asia,Mathematics,Low,59.7,16,6.9
18991,North America,History,Low,59.7,8,0.0
19810,East Asia,History,Low,59.7,18,19.9
19974,Africa,Science,Low,59.7,14,25.9
22099,Africa,English,Low,59.7,16,21.5
22115,North America,Science,Low,59.7,16,19.8
23368,South America,Science,Low,59.7,14,15.0
23988,South Asia,History,Low,59.7,18,22.2
24171,Europe,Mathematics,Low,59.7,9,0.0
25306,North America,English,Low,59.7,10,14.7
25621,East Asia,English,Low,59.7,17,4.3
26682,North America,Economics,Low,59.7,1,12.9
27028,East Asia,Science,Low,59.7,16,14.4
27346,Europe,Mathematics,Low,59.7,13,9.7
27626,Africa,Economics,Low,59.7,10,16.5
28509,North America,Economics,Low,59.7,13,13.8
28945,East Asia,Economics,Low,59.7,7,32.3
28996,Europe,Mathematics,Low,59.7,13,20.8
29847,North America,History,Low,59.7,8,15.7
30383,Europe,English,Low,59.7,9,30.1
30914,Africa,English,Low,59.7,6,32.7
31536,South America,Mathematics,Low,59.7,12,24.7
32095,Europe,Mathematics,Low,59.7,11,28.7
33517,South America,English,Low,59.7,18,19.5
35065,Europe,Economics,Low,59.7,11,28.3
35366,South Asia,History,Low,59.7,16,20.3
35430,East Asia,Science,Low,59.7,5,32.3
35673,East Asia,Computer Science,Low,59.7,18,12.9
35866,North America,Mathematics,Low,59.7,7,13.8
36347,Africa,Mathematics,Low,59.7,7,28.1
37163,South Asia,Mathematics,Low,59.7,15,22.8
38360,Europe,History,Low,59.7,6,17.1
38939,North America,Computer Science,Low,59.7,7,1.6
39260,Africa,Computer Science,Low,59.7,17,15.2
39936,North America,Mathematics,Low,59.7,11,19.8
1084,East Asia,English,Low,59.8,13,5.3
1101,South Asia,Economics,Low,59.8,12,17.8
2026,South Asia,Economics,Low,59.8,11,24.4
2244,North America,Science,Low,59.8,10,5.0
4219,East Asia,Economics,Low,59.8,4,22.9
4875,Europe,Economics,Low,59.8,18,19.5
5970,North America,Economics,Low,59.8,11,8.8
9722,East Asia,History,Low,59.8,9,2.1
10250,East Asia,Computer Science,Low,59.8,9,24.8
11266,South Asia,English,Low,59.8,19,20.6
12458,South Asia,Mathematics,Low,59.8,8,26.5
12808,East Asia,English,Low,59.8,10,17.1
15401,South America,History,Low,59.8,11,7.2
16181,North America,Mathematics,Low,59.8,14,13.0
17028,South America,History,Low,59.8,4,26.0
18841,North America,English,Low,59.8,18,5.7
19432,South Asia,English,Low,59.8,17,17.8
19683,Africa,Mathematics,Low,59.8,17,21.1
20177,Africa,Economics,Low,59.8,18,14.6
20997,Africa,Science,Low,59.8,9,7.9
21214,South Asia,History,Low,59.8,6,11.9
23152,North America,Economics,Low,59.8,12,9.5
23546,South Asia,History,Low,59.8,10,31.5
24154,South Asia,Computer Science,Low,59.8,14,18.4
24716,Europe,English,Low,59.8,14,15.7
25886,East Asia,Science,Low,59.8,20,7.6
27556,South America,Computer Science,Low,59.8,9,24.1
28853,Africa,Science,Low,59.8,10,14.4
29296,South America,English,Low,59.8,13,12.9
29677,South America,History,Low,59.8,12,16.7
30175,South Asia,Computer Science,Low,59.8,8,21.8
30572,North America,Mathematics,Low,59.8,20,15.7
32890,Europe,English,Low,59.8,12,26.9
32911,South America,History,Low,59.8,16,20.1
33147,South Asia,Mathematics,Low,59.8,8,13.3
33150,South America,English,Low,59.8,23,15.1
35795,North America,History,Low,59.8,18,15.6
36175,Europe,Economics,Low,59.8,13,27.6
36519,Europe,Science,Low,59.8,6,21.8
36764,North America,History,Low,59.8,7,24.5
37442,South America,Economics,Low,59.8,7,13.5
38327,Africa,History,Low,59.8,15,14.2
38689,East Asia,Mathematics,Low,59.8,16,23.8
39049,Africa,History,Low,59.8,14,26.1
39225,North America,Mathematics,Low,59.8,9,25.8
205,South Asia,Science,Low,59.9,15,12.5
1274,Africa,Science,Low,59.9,11,14.0
1300,North America,Mathematics,Low,59.9,9,14.8
1404,Europe,Economics,Low,59.9,8,11.2
1453,North America,Mathematics,Low,59.9,9,25.5
4228,East Asia,Science,Low,59.9,13,10.9
4494,Europe,Mathematics,Low,59.9,16,21.0
4514,South America,History,Low,59.9,10,23.8
6491,South America,Computer Science,Low,59.9,18,3.8
6844,South Asia,Mathematics,Low,59.9,15,10.7
7255,Europe,Computer Science,Low,59.9,14,20.9
7841,South Asia,Economics,Low,59.9,7,22.9
7862,East Asia,Economics,Low,59.9,12,6.5
7989,North America,History,Low,59.9,23,9.2
11156,Africa,History,Low,59.9,10,28.0
11776,North America,History,Low,59.9,6,16.6
11908,North America,Science,Low,59.9,15,25.0
13258,Europe,Mathematics,Low,59.9,7,21.5
13584,Europe,Computer Science,Low,59.9,17,23.4
16583,South America,Science,Low,59.9,21,18.6
16752,East Asia,Science,Low,59.9,10,24.5
16839,North America,Mathematics,Low,59.9,9,30.4
17127,Europe,Economics,Low,59.9,13,27.7
18113,East Asia,Mathematics,Low,59.9,9,21.7
18351,South America,Mathematics,Low,59.9,8,27.0
18774,South America,English,Low,59.9,17,17.9
19293,East Asia,English,Low,59.9,15,7.1
20048,South America,Economics,Low,59.9,9,20.1
20652,North America,Science,Low,59.9,7,21.5
20749,Europe,Mathematics,Low,59.9,11,20.0
21765,South America,English,Low,59.9,14,12.8
21878,South Asia,History,Low,59.9,12,21.7
23028,North America,Science,Low,59.9,16,6.4
23327,South America,Mathematics,Low,59.9,24,0.0
23609,East Asia,Mathematics,Low,59.9,13,14.5
23897,East Asia,English,Low,59.9,14,17.7
24152,South America,Science,Low,59.9,12,12.2
25164,Europe,History,Low,59.9,9,17.1
25895,Africa,Mathematics,Low,59.9,24,12.4
26017,Europe,Computer Science,Low,59.9,9,4.1
26036,South Asia,Computer Science,Low,59.9,8,23.3
26748,Africa,English,Low,59.9,13,15.3
26815,Europe,History,Low,59.9,11,0.0
27239,South America,Mathematics,Low,59.9,9,15.5
29068,Europe,Economics,Low,59.9,7,24.0
29546,South Asia,English,Low,59.9,8,29.6
29864,Europe,Computer Science,Low,59.9,8,4.5
29971,Africa,History,Low,59.9,19,21.1
31059,South Asia,Science,Low,59.9,23,17.2
31988,East Asia,Science,Low,59.9,6,16.3
32801,East Asia,Science,Low,59.9,11,28.8
34814,Europe,Mathematics,Low,59.9,18,21.9
35554,East Asia,Science,Low,59.9,18,20.6
35556,Europe,Science,Low,59.9,10,23.6
35582,South America,English,Low,59.9,6,25.1
36006,South America,Science,Low,59.9,6,13.5
36035,South Asia,History,Low,59.9,4,27.3
36389,South Asia,History,Low,59.9,17,21.4
36502,Europe,Economics,Low,59.9,8,14.1
36508,Europe,Mathematics,Low,59.9,17,18.0
37679,Africa,History,Low,59.9,22,16.6
37749,Europe,Science,Low,59.9,7,14.2
38541,South Asia,Science,Low,59.9,12,22.0
1589,South America,Mathematics,Low,60.0,12,11.9
3907,Africa,Computer Science,Low,60.0,10,29.0
4278,Africa,Computer Science,Low,60.0,10,13.2
4674,South America,English,Low,60.0,16,16.7
5029,Africa,Computer Science,Low,60.0,7,9.0
6117,South America,History,Low,60.0,11,25.5
6666,North America,Computer Science,Low,60.0,24,15.1
7449,Africa,Computer Science,Low,60.0,15,21.8
8059,East Asia,Mathematics,Low,60.0,16,20.9
8124,Africa,Computer Science,Low,60.0,18,21.5
8201,South Asia,English,Low,60.0,7,14.8
8970,South America,English,Low,60.0,11,17.6
9231,East Asia,History,Low,60.0,2,15.0
9602,South Asia,Science,Low,60.0,14,24.9
9712,South America,Economics,Low,60.0,12,20.4
10283,North America,English,Low,60.0,9,17.1
10927,Africa,Computer Science,Low,60.0,15,17.3
11291,Africa,History,Low,60.0,9,16.2
11549,Europe,English,Low,60.0,12,26.5
12059,Europe,English,Low,60.0,10,24.3
12122,East Asia,English,Low,60.0,9,7.1
12428,East Asia,English,Low,60.0,17,10.2
12876,Europe,History,Low,60.0,13,7.9
13327,Africa,History,Low,60.0,11,25.6
13696,South Asia,Economics,Low,60.0,9,3.6
14416,North America,English,Low,60.0,9,31.6
15348,South Asia,Computer Science,Low,60.0,8,14.4
15805,Africa,History,Low,60.0,7,15.5
16119,East Asia,English,Low,60.0,6,10.4
16452,North America,English,Low,60.0,9,14.6
17071,East Asia,Mathematics,Low,60.0,13,21.8
17971,South America,Science,Low,60.0,25,14.8
18691,North America,English,Low,60.0,14,20.3
18811,Europe,History,Low,60.0,11,21.2
19708,North America,Economics,Low,60.0,12,17.7
20259,Europe,Science,Low,60.0,13,4.9
20550,Europe,Science,Low,60.0,16,12.5
21161,Europe,English,Low,60.0,8,12.0
22593,South America,Mathematics,Low,60.0,8,11.1
25771,North America,Mathematics,Low,60.0,11,28.1
25824,Europe,History,Low,60.0,9,27.0
25827,South America,Science,Low,60.0,13,25.4
26473,Africa,Computer Science,Low,60.0,5,21.2
26507,North America,Science,Low,60.0,22,10.3
27304,Europe,Economics,Low,60.0,14,15.7
27336,South America,Computer Science,Low,60.0,6,6.7
29008,South America,Science,Low,60.0,20,18.9
29661,South America,Mathematics,Low,60.0,10,14.9
30466,Europe,Science,Low,60.0,9,18.1
30875,North America,English,Low,60.0,10,13.6
32195,East Asia,Mathematics,Low,60.0,12,18.8
34149,East Asia,Mathematics,Low,60.0,10,21.9
34282,South America,Mathematics,Low,60.0,8,16.9
34307,South Asia,Science,Low,60.0,11,16.9
34597,Europe,Science,Low,60.0,15,19.7
34794,North America,Science,Low,60.0,11,27.2
35167,North America,English,Low,60.0,8,27.9
35805,South Asia,Science,Low,60.0,10,22.0
36483,South America,Science,Low,60.0,10,17.7
37005,Africa,English,Low,60.0,10,25.1
39101,South America,History,Low,60.0,14,18.5
39510,South Asia,Computer Science,Low,60.0,10,25.7
1400,Europe,Computer Science,Low,60.1,15,6.8
2146,South Asia,Economics,Low,60.1,11,20.4
2776,Europe,Computer Science,Low,60.1,17,7.7
6243,South America,Science,Low,60.1,13,19.8
6917,North America,Science,Low,60.1,16,10.2
7017,East Asia,English,Low,60.1,10,6.9
7753,Europe,Science,Low,60.1,23,15.6
8101,South Asia,Science,Low,60.1,17,14.6
8516,South Asia,Economics,Low,60.1,10,18.7
8795,South Asia,History,Low,60.1,15,18.7
9424,Europe,Economics,Low,60.1,10,23.4
10570,Europe,English,Low,60.1,9,15.7
10604,East Asia,History,Low,60.1,14,4.1
11294,East Asia,History,Low,60.1,18,10.6
11555,Africa,History,Low,60.1,14,9.2
13339,South America,Science,Low,60.1,7,11.5
14930,South America,Economics,Low,60.1,11,13.9
15187,North America,Mathematics,Low,60.1,10,25.4
15220,South America,Mathematics,Low,60.1,9,15.9
15960,South Asia,Economics,Low,60.1,5,15.0
16918,East Asia,Economics,Low,60.1,12,18.0
17206,Europe,History,Low,60.1,7,6.7
17792,North America,English,Low,60.1,6,16.0
18103,South Asia,Science,Low,60.1,13,23.9
18271,South Asia,Computer Science,Low,60.1,6,8.4
18645,South Asia,Computer Science,Low,60.1,7,23.2
18858,Africa,Economics,Low,60.1,11,17.8
19200,East Asia,Computer Science,Low,60.1,10,13.3
19221,East Asia,Computer Science,Low,60.1,10,15.8
19375,Africa,History,Low,60.1,8,19.2
20111,South Asia,History,Low,60.1,6,9.9
20766,North America,Economics,Low,60.1,11,24.3
20837,South America,History,Low,60.1,7,15.7
21932,North America,Computer Science,Low,60.1,17,20.0
22561,Africa,Science,Low,60.1,6,20.6
23738,Europe,History,Low,60.1,15,17.4
23777,Europe,Science,Low,60.1,9,31.2
24036,South America,English,Low,60.1,20,15.9
27367,South Asia,English,Low,60.1,24,12.2
27599,Europe,English,Low,60.1,23,16.4
27615,South Asia,Computer Science,Low,60.1,18,16.6
29023,North America,Economics,Low,60.1,16,19.7
29106,South Asia,History,Low,60.1,6,26.1
29518,North America,Mathematics,Low,60.1,19,17.2
29974,South America,History,Low,60.1,11,17.9
31754,South America,Mathematics,Low,60.1,6,35.0
34122,South America,Economics,Low,60.1,21,15.6
34528,East Asia,Science,Low,60.1,10,21.3
35305,East Asia,Mathematics,Low,60.1,18,12.9
35453,Europe,Science,Low,60.1,15,12.7
36299,Europe,Computer Science,Low,60.1,11,18.8
36462,North America,Mathematics,Low,60.1,15,21.6
36807,South America,Computer Science,Low,60.1,17,4.7
37835,Africa,History,Low,60.1,20,11.2
39249,South Asia,Economics,Low,60.1,14,17.4
39383,Africa,English,Low,60.1,22,30.1
155,South Asia,History,Low,60.2,10,16.8
513,South America,History,Low,60.2,14,21.4
778,North America,English,Low,60.2,12,16.4
1080,South America,Mathematics,Low,60.2,20,20.4
2903,South America,English,Low,60.2,13,12.4
3334,South America,History,Low,60.2,10,6.0
5363,East Asia,Economics,Low,60.2,6,9.2
6056,South America,Computer Science,Low,60.2,19,18.1
7808,East Asia,Economics,Low,60.2,16,21.2
9827,South America,Science,Low,60.2,29,7.8
10074,South America,English,Low,60.2,13,0.0
10910,South America,Mathematics,Low,60.2,9,30.7
11108,Europe,Mathematics,Low,60.2,19,20.8
11607,Africa,Mathematics,Low,60.2,24,0.0
11728,Africa,English,Low,60.2,11,25.3
12374,Africa,History,Low,60.2,10,31.4
13852,Europe,History,Low,60.2,13,10.9
17052,South America,Computer Science,Low,60.2,9,25.0
17275,Africa,Economics,Low,60.2,14,14.4
17942,South America,Computer Science,Low,60.2,17,22.0
19709,South Asia,Computer Science,Low,60.2,12,24.8
20577,Europe,English,Low,60.2,16,18.7
22259,South America,Computer Science,Low,60.2,12,20.1
22820,Europe,Science,Low,60.2,13,23.3
23112,South Asia,Economics,Low,60.2,9,22.7
23944,Europe,Computer Science,Low,60.2,15,8.1
27210,Europe,Computer Science,Low,60.2,13,5.7
27485,East Asia,Economics,Low,60.2,10,7.4
27543,South America,History,Low,60.2,13,14.1
28467,East Asia,English,Low,60.2,13,23.4
30922,Africa,History,Low,60.2,7,13.8
31361,South Asia,English,Low,60.2,13,21.7
32363,North America,Economics,Low,60.2,11,18.1
32375,East Asia,Mathematics,Low,60.2,16,18.5
33506,South Asia,History,Low,60.2,12,7.9
33775,North America,History,Low,60.2,12,10.6
33887,South Asia,Science,Low,60.2,21,13.5
34215,East Asia,Mathematics,Low,60.2,3,15.2
34812,East Asia,English,Low,60.2,11,16.6
35464,North America,Computer Science,Low,60.2,9,22.3
36151,North America,Mathematics,Low,60.2,12,7.2
36401,South Asia,English,Low,60.2,11,29.7
36627,North America,Science,Low,60.2,13,21.3
37300,Europe,Economics,Low,60.2,15,24.8
39641,North America,Mathematics,Low,60.2,19,10.3
1390,South America,History,Low,60.3,17,8.9
1900,South Asia,Mathematics,Low,60.3,13,13.9
2286,Africa,Economics,Low,60.3,12,27.0
2393,East Asia,Economics,Low,60.3,15,12.2
3551,South Asia,Economics,Low,60.3,17,11.7
4055,North America,Computer Science,Low,60.3,18,18.8
4537,North America,Computer Science,Low,60.3,10,14.6
5088,Europe,Science,Low,60.3,10,27.1
5352,East Asia,Science,Low,60.3,13,27.8
5571,Africa,Computer Science,Low,60.3,16,19.4
6957,Europe,History,Low,60.3,19,20.9
7463,Europe,Science,Low,60.3,19,0.2
8417,East Asia,History,Low,60.3,33,2.6
8752,Europe,Science,Low,60.3,7,23.3
9662,East Asia,Science,Low,60.3,12,21.1
11201,South America,Science,Low,60.3,11,24.6
12139,East Asia,Science,Low,60.3,11,12.2
12354,Africa,Computer Science,Low,60.3,15,16.4
12601,Africa,English,Low,60.3,12,1.7
13779,South Asia,Science,Low,60.3,5,28.9
15272,North America,Economics,Low,60.3,14,13.0
15703,Africa,Computer Science,Low,60.3,21,13.2
17477,North America,Computer Science,Low,60.3,8,23.5
17898,South Asia,Computer Science,Low,60.3,9,27.3
18163,East Asia,Economics,Low,60.3,13,13.6
18249,North America,History,Low,60.3,7,15.5
18770,South Asia,English,Low,60.3,10,20.1
18861,Europe,History,Low,60.3,22,16.0
19923,Africa,Science,Low,60.3,9,28.8
20442,Africa,History,Low,60.3,16,14.1
20742,Europe,Computer Science,Low,60.3,15,19.4
20909,North America,Economics,Low,60.3,9,12.8
21778,South Asia,Economics,Low,60.3,13,16.3
23363,South America,English,Low,60.3,11,23.9
23623,South America,Mathematics,Low,60.3,15,8.4
24301,East Asia,Mathematics,Low,60.3,10,14.1
24411,North America,English,Low,60.3,9,32.1
24534,East Asia,History,Low,60.3,15,9.6
25861,East Asia,Mathematics,Low,60.3,19,1.4
26675,South America,Mathematics,Low,60.3,13,19.0
27334,East Asia,Mathematics,Low,60.3,14,24.9
29339,North America,History,Low,60.3,6,7.4
29404,East Asia,Economics,Low,60.3,18,20.0
30041,South America,Science,Low,60.3,9,7.8
31281,North America,Mathematics,Low,60.3,16,5.3
32360,South America,Science,Low,60.3,22,17.0
32836,Africa,History,Low,60.3,9,27.9
34695,South Asia,Economics,Low,60.3,9,9.8
35539,Africa,English,Low,60.3,9,30.0
35614,Europe,Science,Low,60.3,16,18.1
39211,Africa,Science,Low,60.3,17,16.6
39396,North America,Economics,Low,60.3,10,24.5
486,Europe,Mathematics,Low,60.4,10,15.5
1388,Europe,Economics,Low,60.4,17,16.7
2590,South Asia,History,Low,60.4,12,27.8
2685,East Asia,Economics,Low,60.4,15,20.3
3032,Europe,History,Low,60.4,11,18.4
3075,East Asia,Science,Low,60.4,9,13.9
3447,Europe,History,Low,60.4,14,12.2
3791,North America,Science,Low,60.4,26,12.9
3943,South America,Mathematics,Low,60.4,17,17.2
4441,Europe,History,Low,60.4,11,19.7
4700,North America,Computer Science,Low,60.4,17,17.2
5531,East Asia,History,Low,60.4,16,11.2
5720,South Asia,English,Low,60.4,17,17.1
6113,South Asia,History,Low,60.4,14,21.9
6526,North America,English,Low,60.4,3,6.4
7212,North America,Mathematics,Low,60.4,6,19.8
8996,South Asia,Science,Low,60.4,15,22.9
10827,East Asia,Science,Low,60.4,13,17.2
11274,Europe,History,Low,60.4,18,7.6
11931,Europe,Economics,Low,60.4,20,20.1
13030,North America,Economics,Low,60.4,23,11.3
14840,North America,Science,Low,60.4,8,32.2
15077,North America,Mathematics,Low,60.4,8,23.1
16855,East Asia,Mathematics,Low,60.4,9,15.3
18965,South America,History,Low,60.4,7,17.3
19339,Africa,Science,Low,60.4,8,29.5
19450,East Asia,English,Low,60.4,20,15.0
20838,North America,Mathematics,Low,60.4,13,23.1
24212,East Asia,History,Low,60.4,13,9.8
25025,South Asia,Mathematics,Low,60.4,11,25.3
26900,North America,English,Low,60.4,26,10.6
28642,East Asia,Science,Low,60.4,8,19.5
28927,South Asia,English,Low,60.4,16,19.6
29683,South Asia,Mathematics,Low,60.4,13,26.2
29943,South Asia,Science,Low,60.4,11,14.5
31200,East Asia,Computer Science,Low,60.4,6,26.0
32239,Europe,Computer Science,Low,60.4,16,13.8
33205,Africa,Science,Low,60.4,5,31.9
34093,South America,English,Low,60.4,4,36.5
34155,South America,Economics,Low,60.4,7,13.7
34459,South Asia,English,Low,60.4,9,11.4
34968,East Asia,History,Low,60.4,11,26.3
35847,Africa,Science,Low,60.4,11,17.0
37347,South America,Economics,Low,60.4,6,18.7
37645,North America,Economics,Low,60.4,5,7.6
38127,South America,Computer Science,Low,60.4,31,7.2
38832,Africa,Mathematics,Low,60.4,11,23.2
38851,South Asia,English,Low,60.4,10,31.5
39149,South America,English,Low,60.4,7,24.6
39418,Europe,English,Low,60.4,11,17.0
225,Africa,History,Low,60.5,9,17.0
1790,Africa,English,Low,60.5,24,15.2
6671,Europe,Science,Low,60.5,19,2.5
6828,North America,English,Low,60.5,16,22.4
8535,South Asia,Computer Science,Low,60.5,24,5.3
8600,Africa,Computer Science,Low,60.5,19,20.9
8660,South America,History,Low,60.5,23,16.2
8837,Europe,Mathematics,Low,60.5,14,11.6
9051,North America,History,Low,60.5,14,23.7
9384,Europe,Science,Low,60.5,7,23.9
10064,South America,Mathematics,Low,60.5,11,10.7
10071,Europe,History,Low,60.5,15,17.1
10185,South America,History,Low,60.5,11,20.3
10388,Africa,Computer Science,Low,60.5,6,24.7
12105,North America,Science,Low,60.5,16,21.0
13588,East Asia,English,Low,60.5,10,16.7
14764,South Asia,Economics,Low,60.5,14,18.0
15748,North America,English,Low,60.5,16,5.7
17191,Europe,History,Low,60.5,12,5.6
18387,East Asia,Computer Science,Low,60.5,7,9.6
19047,Africa,English,Low,60.5,11,27.8
19258,South America,English,Low,60.5,14,17.4
19887,Europe,Economics,Low,60.5,26,13.9
20319,South America,Computer Science,Low,60.5,7,23.0
20503,North America,Computer Science,Low,60.5,10,18.4
20518,South Asia,History,Low,60.5,14,22.6
21283,East Asia,Computer Science,Low,60.5,18,10.1
21357,East Asia,Economics,Low,60.5,9,16.7
22300,Africa,English,Low,60.5,11,29.2
27274,North America,Mathematics,Low,60.5,12,16.5
28034,South Asia,Economics,Low,60.5,14,21.8
28335,East Asia,History,Low,60.5,5,20.4
29018,East Asia,Mathematics,Low,60.5,6,17.4
30012,Europe,Economics,Low,60.5,10,19.2
31794,Europe,Mathematics,Low,60.5,11,26.4
32994,Africa,Computer Science,Low,60.5,4,20.7
33076,South America,Science,Low,60.5,3,26.7
33743,Africa,Computer Science,Low,60.5,12,29.2
35000,Europe,Computer Science,Low,60.5,9,22.2
36352,North America,Science,Low,60.5,14,14.1
37118,Europe,Science,Low,60.5,11,16.5
37124,Africa,Computer Science,Low,60.5,10,30.2
37134,East Asia,Science,Low,60.5,15,21.9
37306,Africa,Science,Low,60.5,12,28.1
38302,South Asia,History,Low,60.5,25,0.0
38487,East Asia,Computer Science,Low,60.5,7,25.1
3131,South Asia,Economics,Low,60.6,5,32.7
4084,Africa,Science,Low,60.6,8,0.0
4175,South Asia,Science,Low,60.6,12,23.5
4459,North America,English,Low,60.6,9,30.9
4507,Europe,Economics,Low,60.6,12,23.2
4838,North America,Mathematics,Low,60.6,13,16.5
5839,Europe,Economics,Low,60.6,15,25.3
7474,Europe,Economics,Low,60.6,9,21.3
7511,South Asia,Economics,Low,60.6,15,30.4
7643,South Asia,History,Low,60.6,15,16.1
8990,Europe,Computer Science,Low,60.6,18,20.3
10729,South Asia,Computer Science,Low,60.6,8,27.8
12392,South Asia,English,Low,60.6,8,5.8
13837,North America,Computer Science,Low,60.6,17,22.4
14932,North America,History,Low,60.6,14,3.3
14978,North America,Mathematics,Low,60.6,16,17.6
15925,Europe,Economics,Low,60.6,13,19.2
16485,Europe,Economics,Low,60.6,22,17.3
18525,Africa,English,Low,60.6,10,13.1
19970,East Asia,History,Low,60.6,16,20.5
20992,South America,English,Low,60.6,8,11.5
21026,North America,Economics,Low,60.6,17,22.9
23055,Europe,English,Low,60.6,17,16.6
24125,Europe,Computer Science,Low,60.6,12,12.9
27656,East Asia,Computer Science,Low,60.6,9,19.0
27778,Africa,History,Low,60.6,9,14.7
27924,Europe,Science,Low,60.6,13,19.3
28405,South America,English,Low,60.6,12,11.9
28456,Europe,Mathematics,Low,60.6,16,19.7
29594,South Asia,History,Low,60.6,11,28.4
31625,Africa,Computer Science,Low,60.6,6,6.8
32989,South Asia,Economics,Low,60.6,14,14.0
33034,East Asia,History,Low,60.6,10,13.2
33594,East Asia,Computer Science,Low,60.6,20,11.0
35831,North America,English,Low,60.6,19,5.5
36154,South Asia,History,Low,60.6,12,21.8
37240,Africa,History,Low,60.6,16,20.1
38148,South America,Science,Low,60.6,16,7.8
38253,South Asia,English,Low,60.6,12,25.5
38704,North America,Mathematics,Low,60.6,8,30.5
39406,East Asia,English,Low,60.6,16,6.1
39673,South America,Computer Science,Low,60.6,15,18.9
575,North America,Computer Science,Low,60.7,9,30.0
789,East Asia,Mathematics,Low,60.7,5,27.3
1137,Africa,History,Low,60.7,16,19.9
1205,East Asia,Economics,Low,60.7,4,15.0
2209,Europe,Economics,Low,60.7,8,22.6
2733,South America,Economics,Low,60.7,11,10.4
2922,Africa,Mathematics,Low,60.7,12,24.7
3192,Africa,English,Low,60.7,11,13.1
7028,South America,Mathematics,Low,60.7,23,9.3
7329,South Asia,Computer Science,Low,60.7,15,24.8
7942,South America,Economics,Low,60.7,11,9.3
8210,South America,Computer Science,Low,60.7,18,20.9
10336,Africa,History,Low,60.7,8,23.8
12812,Africa,Computer Science,Low,60.7,10,25.0
14584,Europe,English,Low,60.7,16,18.1
14618,North America,Science,Low,60.7,13,14.1
15132,South America,History,Low,60.7,11,6.2
15251,South Asia,English,Low,60.7,15,7.1
16681,South Asia,Economics,Low,60.7,8,23.0
17099,Africa,History,Low,60.7,6,25.2
18345,South Asia,English,Low,60.7,8,11.3
19310,South America,Economics,Low,60.7,10,30.5
19607,North America,Science,Low,60.7,10,31.5
19704,Africa,Science,Low,60.7,17,20.3
20028,North America,Mathematics,Low,60.7,9,24.3
21001,Europe,Mathematics,Low,60.7,7,24.7
21263,South America,History,Low,60.7,8,32.0
21504,Europe,English,Low,60.7,14,10.7
22027,Africa,Computer Science,Low,60.7,13,24.8
22471,Europe,Computer Science,Low,60.7,13,12.9
23948,Europe,Science,Low,60.7,13,23.4
26513,South Asia,English,Low,60.7,10,18.6
26683,Europe,Mathematics,Low,60.7,14,15.1
26933,South America,Computer Science,Low,60.7,12,15.7
28124,Europe,Mathematics,Low,60.7,8,15.7
28785,Africa,History,Low,60.7,5,24.4
28886,North America,Mathematics,Low,60.7,16,3.8
28998,South Asia,Mathematics,Low,60.7,10,14.7
29069,South America,Science,Low,60.7,15,14.2
30013,South America,Computer Science,Low,60.7,8,6.9
30296,South America,Computer Science,Low,60.7,21,19.2
30474,Africa,English,Low,60.7,12,30.1
33193,East Asia,History,Low,60.7,20,17.8
33624,South America,English,Low,60.7,4,34.0
33671,East Asia,History,Low,60.7,11,15.5
35042,South Asia,English,Low,60.7,7,12.6
35608,Africa,English,Low,60.7,18,3.6
35934,South America,Economics,Low,60.7,7,29.8
36783,South Asia,Mathematics,Low,60.7,10,25.3
37942,South Asia,Computer Science,Low,60.7,13,13.5
38091,Europe,History,Low,60.7,13,14.5
38392,South Asia,Science,Low,60.7,20,8.2
39635,North America,Economics,Low,60.7,12,13.1
1273,South America,Mathematics,Low,60.8,9,24.2
1376,South America,Science,Low,60.8,10,19.6
1472,Africa,History,Low,60.8,24,5.8
1495,South Asia,History,Low,60.8,17,0.0
1605,North America,Economics,Low,60.8,18,16.0
1713,South America,Computer Science,Low,60.8,10,10.1
4184,South America,Economics,Low,60.8,14,12.3
4458,North America,Mathematics,Low,60.8,23,12.0
4693,South America,Economics,Low,60.8,16,14.8
5273,Europe,History,Low,60.8,12,22.9
7897,South America,Computer Science,Low,60.8,17,17.7
9240,East Asia,English,Low,60.8,7,30.4
10884,Africa,Science,Low,60.8,10,0.0
11123,Europe,Computer Science,Low,60.8,9,7.1
11694,South America,Science,Low,60.8,18,20.4
12085,Africa,Science,Low,60.8,14,16.4
13378,East Asia,Science,Low,60.8,8,19.1
13449,Europe,Science,Low,60.8,14,27.0
13604,East Asia,Science,Low,60.8,11,23.4
13704,South Asia,Mathematics,Low,60.8,9,25.6
16682,North America,Computer Science,Low,60.8,16,23.5
18107,East Asia,Economics,Low,60.8,16,23.3
18239,Africa,Computer Science,Low,60.8,20,29.6
20135,Europe,Computer Science,Low,60.8,16,14.1
21111,East Asia,English,Low,60.8,12,17.8
21112,South America,History,Low,60.8,10,9.0
22290,North America,History,Low,60.8,16,16.7
22765,South Asia,Science,Low,60.8,10,17.5
26218,Africa,History,Low,60.8,13,12.8
26352,North America,English,Low,60.8,15,22.0
26396,South America,Economics,Low,60.8,13,17.2
26625,South Asia,Economics,Low,60.8,5,32.6
27642,South America,History,Low,60.8,15,23.5
28499,North America,Computer Science,Low,60.8,21,13.4
28840,Europe,History,Low,60.8,10,22.4
29566,East Asia,Economics,Low,60.8,15,21.4
29811,Africa,Science,Low,60.8,13,4.5
30025,South Asia,Economics,Low,60.8,15,24.9
30177,North America,Science,Low,60.8,16,19.7
30206,Africa,History,Low,60.8,23,13.3
31487,South America,English,Low,60.8,21,19.1
31953,South Asia,English,Low,60.8,18,20.1
32035,South America,Science,Low,60.8,15,18.6
32763,Europe,Computer Science,Low,60.8,6,11.6
33657,North America,Mathematics,Low,60.8,9,24.9
34839,Africa,Science,Low,60.8,11,18.0
36580,South America,Economics,Low,60.8,14,18.9
37102,Africa,English,Low,60.8,16,17.9
38156,Africa,Computer Science,Low,60.8,37,0.0
38676,South America,Computer Science,Low,60.8,12,14.4
39343,South America,English,Low,60.8,11,22.2
1190,North America,English,Low,60.9,9,27.6
2444,Europe,Science,Low,60.9,16,24.2
3175,South America,History,Low,60.9,12,0.0
3565,Africa,History,Low,60.9,15,12.3
3621,South America,Science,Low,60.9,17,12.6
3653,South Asia,Computer Science,Low,60.9,10,13.5
3683,Europe,Mathematics,Low,60.9,11,12.0
5020,East Asia,Computer Science,Low,60.9,1,29.4
5699,Africa,Computer Science,Low,60.9,4,14.6
6652,South America,English,Low,60.9,19,16.6
6970,Africa,English,Low,60.9,22,3.5
8863,Africa,Economics,Low,60.9,9,14.3
8935,South Asia,Computer Science,Low,60.9,12,27.8
8965,South America,English,Low,60.9,3,35.2
8989,North America,English,Low,60.9,15,10.5
10124,North America,Economics,Low,60.9,26,13.3
11245,East Asia,Science,Low,60.9,13,2.9
15352,East Asia,English,Low,60.9,7,20.0
15738,East Asia,Economics,Low,60.9,23,17.0
15897,South America,History,Low,60.9,18,15.9
17308,North America,Mathematics,Low,60.9,10,30.8
18223,North America,Economics,Low,60.9,13,17.5
18839,South Asia,Economics,Low,60.9,14,22.2
19210,Europe,English,Low,60.9,8,20.4
21601,North America,Economics,Low,60.9,23,14.9
22514,Europe,History,Low,60.9,8,18.6
25123,South Asia,Mathematics,Low,60.9,14,13.3
26111,South Asia,Mathematics,Low,60.9,9,14.2
26226,North America,History,Low,60.9,16,7.0
26732,Europe,English,Low,60.9,10,8.9
27920,North America,History,Low,60.9,12,22.5
30487,South Asia,Economics,Low,60.9,10,24.1
34271,North America,History,Low,60.9,10,9.9
35880,Africa,English,Low,60.9,11,27.8
36430,South America,Science,Low,60.9,7,17.6
38765,North America,Mathematics,Low,60.9,8,19.0
39903,Europe,English,Low,60.9,14,26.1
474,South Asia,English,Low,61.0,8,22.3
926,South America,Computer Science,Low,61.0,9,20.9
1149,Africa,Computer Science,Low,61.0,10,19.0
1798,Europe,History,Low,61.0,10,30.1
1862,Europe,Computer Science,Low,61.0,18,12.8
2112,Africa,English,Low,61.0,13,28.0
4976,Africa,History,Low,61.0,15,17.0
5572,Africa,History,Low,61.0,15,16.2
6357,Africa,English,Low,61.0,19,30.1
6725,Europe,English,Low,61.0,22,14.4
7228,South America,Economics,Low,61.0,8,33.4
8490,Africa,English,Low,61.0,10,17.5
9460,South Asia,English,Low,61.0,11,27.3
9739,South America,Computer Science,Low,61.0,17,12.2
10197,East Asia,Computer Science,Low,61.0,3,13.5
13340,South America,English,Low,61.0,16,18.1
14766,South America,History,Low,61.0,14,19.8
15464,South Asia,Economics,Low,61.0,9,32.1
15705,Europe,English,Low,61.0,5,18.0
15770,North America,Computer Science,Low,61.0,9,11.2
16032,Europe,Economics,Low,61.0,12,21.5
16314,South America,Science,Low,61.0,11,19.9
16941,Europe,English,Low,61.0,11,9.5
17327,South Asia,Computer Science,Low,61.0,9,23.6
17369,South Asia,History,Low,61.0,9,19.1
18417,Europe,Science,Low,61.0,11,11.2
19135,Africa,Science,Low,61.0,17,20.5
19771,East Asia,History,Low,61.0,9,19.3
20567,Africa,Mathematics,Low,61.0,14,18.5
20671,East Asia,English,Low,61.0,13,30.1
20795,South Asia,English,Low,61.0,10,8.1
21088,Africa,History,Low,61.0,15,22.1
24307,South Asia,History,Low,61.0,11,29.1
24798,North America,Economics,Low,61.0,13,1.7
27021,South Asia,Mathematics,Low,61.0,9,12.1
27123,East Asia,Science,Low,61.0,21,12.3
27718,East Asia,Science,Low,61.0,5,17.8
28356,Africa,Science,Low,61.0,5,20.1
28407,South Asia,Economics,Low,61.0,11,25.8
29769,Africa,Mathematics,Low,61.0,4,0.9
30339,Europe,English,Low,61.0,9,17.0
30872,South Asia,History,Low,61.0,6,10.7
31011,South America,History,Low,61.0,12,23.4
31155,Europe,History,Low,61.0,3,21.6
31804,Europe,Computer Science,Low,61.0,17,20.7
32191,East Asia,English,Low,61.0,5,8.2
32447,Europe,Mathematics,Low,61.0,4,35.1
32506,South Asia,Mathematics,Low,61.0,19,4.3
32804,Europe,Computer Science,Low,61.0,12,0.0
32957,North America,Economics,Low,61.0,10,24.3
33212,North America,Mathematics,Low,61.0,10,28.5
33526,Europe,Science,Low,61.0,10,14.9
33895,Europe,Mathematics,Low,61.0,17,9.1
34027,North America,History,Low,61.0,9,20.7
35617,North America,Mathematics,Low,61.0,2,12.6
36578,North America,History,Low,61.0,16,21.2
36628,Europe,Mathematics,Low,61.0,14,12.4
37488,South America,Mathematics,Low,61.0,15,20.8
38398,Africa,Economics,Low,61.0,12,4.1
38786,South Asia,Mathematics,Low,61.0,5,25.3
39252,North America,Computer Science,Low,61.0,7,5.4
1995,Africa,English,Low,61.1,6,8.7
2194,Europe,Economics,Low,61.1,4,2.8
2778,South America,Economics,Low,61.1,18,9.6
3407,South Asia,English,Low,61.1,30,6.0
3760,East Asia,Computer Science,Low,61.1,13,24.7
3928,North America,Mathematics,Low,61.1,16,14.9
4960,South America,English,Low,61.1,12,19.7
5014,South America,English,Low,61.1,5,25.1
5726,Europe,Economics,Low,61.1,7,5.8
6591,North America,English,Low,61.1,4,20.9
7538,East Asia,English,Low,61.1,4,22.3
8284,East Asia,Economics,Low,61.1,9,10.5
8475,Africa,Mathematics,Low,61.1,9,17.6
8623,South America,Economics,Low,61.1,6,22.0
9263,North America,Economics,Low,61.1,14,7.5
9909,East Asia,Mathematics,Low,61.1,17,8.2
12307,South America,Computer Science,Low,61.1,12,18.7
13282,North America,Computer Science,Low,61.1,8,6.7
13997,South America,Economics,Low,61.1,16,6.4
14973,South Asia,Science,Low,61.1,13,24.0
15003,East Asia,History,Low,61.1,16,18.6
15100,North America,History,Low,61.1,12,24.9
19536,East Asia,Computer Science,Low,61.1,5,35.1
19597,South America,English,Low,61.1,18,20.9
20334,South America,Mathematics,Low,61.1,15,9.4
21803,East Asia,Science,Low,61.1,24,16.1
22452,Europe,English,Low,61.1,11,13.3
23127,South Asia,Computer Science,Low,61.1,8,10.6
24882,South America,Economics,Low,61.1,20,16.8
26105,Europe,Mathematics,Low,61.1,12,0.0
27652,Africa,English,Low,61.1,14,25.9
28295,Europe,Computer Science,Low,61.1,15,15.1
28922,East Asia,History,Low,61.1,13,4.4
30134,Africa,Computer Science,Low,61.1,7,9.5
31319,East Asia,Mathematics,Low,61.1,7,11.5
31396,North America,English,Low,61.1,9,9.7
32025,East Asia,English,Low,61.1,12,11.2
32176,North America,History,Low,61.1,9,19.8
32539,North America,History,Low,61.1,14,0.0
32577,Europe,History,Low,61.1,13,27.8
33097,South America,Mathematics,Low,61.1,10,23.8
33634,South America,Economics,Low,61.1,7,25.3
34534,North America,Mathematics,Low,61.1,17,21.0
35197,North America,English,Low,61.1,10,17.1
35916,South America,Economics,Low,61.1,12,24.6
35962,South America,History,Low,61.1,22,2.2
36396,North America,History,Low,61.1,4,31.5
36621,South America,Economics,Low,61.1,14,11.8
37063,North America,Science,Low,61.1,17,16.9
38130,South Asia,Computer Science,Low,61.1,10,8.8
152,Europe,Economics,Low,61.2,15,21.6
818,North America,Computer Science,Low,61.2,5,22.0
2079,Europe,Computer Science,Low,61.2,14,26.3
3923,South Asia,History,Low,61.2,8,29.9
4431,South America,Science,Low,61.2,14,18.9
4618,East Asia,Economics,Low,61.2,21,14.7
7426,South America,History,Low,61.2,15,24.8
7622,East Asia,Mathematics,Low,61.2,12,14.0
7916,South America,History,Low,61.2,9,31.3
8002,Africa,Computer Science,Low,61.2,10,12.5
8042,Europe,Economics,Low,61.2,14,3.6
8598,East Asia,Science,Low,61.2,21,11.0
8605,Europe,Computer Science,Low,61.2,21,16.8
8625,Europe,Mathematics,Low,61.2,15,21.9
8765,Europe,Economics,Low,61.2,18,4.9
8808,Europe,Computer Science,Low,61.2,19,19.3
9019,North America,Mathematics,Low,61.2,10,14.6
9530,South Asia,English,Low,61.2,8,12.9
10572,North America,History,Low,61.2,13,19.9
12965,South America,Economics,Low,61.2,17,20.1
13129,East Asia,Science,Low,61.2,20,13.5
13367,North America,English,Low,61.2,7,31.9
14178,Europe,Mathematics,Low,61.2,12,14.3
15463,South America,Economics,Low,61.2,23,14.7
16703,South Asia,Mathematics,Low,61.2,12,21.1
16831,Europe,English,Low,61.2,16,22.3
17784,Africa,History,Low,61.2,9,22.2
17845,Europe,Economics,Low,61.2,6,27.1
17932,Europe,Economics,Low,61.2,13,17.4
18404,South America,Economics,Low,61.2,12,21.1
20485,Europe,Mathematics,Low,61.2,9,17.8
21369,South America,English,Low,61.2,17,23.4
21591,South Asia,History,Low,61.2,5,34.0
21946,South America,Economics,Low,61.2,12,17.5
22785,Africa,History,Low,61.2,5,0.0
23357,Europe,English,Low,61.2,6,17.5
23748,North America,Mathematics,Low,61.2,7,34.7
23809,South America,Mathematics,Low,61.2,8,23.9
24485,North America,Science,Low,61.2,17,22.7
24816,Europe,History,Low,61.2,25,8.6
24943,East Asia,Economics,Low,61.2,5,27.0
26843,Africa,English,Low,61.2,10,19.1
28544,Africa,Computer Science,Low,61.2,12,21.5
28578,South Asia,History,Low,61.2,20,15.6
28934,North America,Science,Low,61.2,21,6.7
31236,Europe,Mathematics,Low,61.2,11,9.8
31893,Africa,Economics,Low,61.2,9,24.7
34151,Africa,History,Low,61.2,14,24.8
35545,East Asia,History,Low,61.2,15,13.9
35708,Europe,History,Low,61.2,14,3.4
35744,South America,Computer Science,Low,61.2,8,9.7
36481,South Asia,Economics,Low,61.2,20,17.7
36668,South America,History,Low,61.2,9,4.0
38194,South Asia,English,Low,61.2,9,31.7
39467,South Asia,Science,Low,61.2,10,24.5
39997,Europe,Computer Science,Low,61.2,13,13.6
289,East Asia,Economics,Low,61.3,5,26.4
551,Africa,Mathematics,Low,61.3,13,25.9
2109,Europe,English,Low,61.3,21,5.8
3154,Africa,English,Low,61.3,17,14.9
3721,East Asia,Economics,Low,61.3,9,20.8
3728,East Asia,Science,Low,61.3,16,0.8
4124,Europe,Science,Low,61.3,11,20.8
4517,South Asia,Computer Science,Low,61.3,13,16.1
6739,South Asia,Mathematics,Low,61.3,17,22.2
7037,North America,Science,Low,61.3,4,24.0
7084,East Asia,Science,Low,61.3,18,7.7
8299,North America,Science,Low,61.3,16,19.2
8673,Europe,Mathematics,Low,61.3,13,18.1
9566,South America,English,Low,61.3,8,11.5
9841,South America,Science,Low,61.3,16,18.3
10295,Africa,English,Low,61.3,21,9.0
10571,Africa,History,Low,61.3,10,13.2
10777,South Asia,Science,Low,61.3,3,22.3
10996,Europe,Economics,Low,61.3,8,24.7
11945,Africa,History,Low,61.3,4,34.5
12185,North America,History,Low,61.3,8,13.3
12380,East Asia,Economics,Low,61.3,17,20.7
13307,East Asia,English,Low,61.3,8,21.1
14180,Europe,History,Low,61.3,11,18.3
14842,North America,Science,Low,61.3,18,18.0
15265,South America,Science,Low,61.3,10,21.9
15604,Africa,History,Low,61.3,5,19.1
15835,East Asia,Computer Science,Low,61.3,15,25.1
16576,South America,History,Low,61.3,15,16.5
17314,Europe,Economics,Low,61.3,12,28.4
18320,South Asia,Economics,Low,61.3,14,25.8
19006,East Asia,History,Low,61.3,6,5.6
19093,Europe,Mathematics,Low,61.3,18,18.9
19391,South Asia,Science,Low,61.3,12,23.6
19829,South America,Science,Low,61.3,19,19.3
20775,South America,History,Low,61.3,5,9.1
22004,North America,Computer Science,Low,61.3,12,4.6
22343,South Asia,Computer Science,Low,61.3,10,29.6
22551,South America,Economics,Low,61.3,6,33.4
23182,South Asia,Economics,Low,61.3,19,17.2
23807,Europe,Economics,Low,61.3,13,27.1
24011,South Asia,Science,Low,61.3,16,18.4
24287,North America,Science,Low,61.3,14,20.9
25340,South America,Science,Low,61.3,21,17.9
25969,South America,English,Low,61.3,6,18.5
27099,Europe,English,Low,61.3,12,25.9
28204,Europe,Mathematics,Low,61.3,16,0.0
28428,Europe,English,Low,61.3,6,29.7
28524,East Asia,Economics,Low,61.3,18,18.5
29132,East Asia,Computer Science,Low,61.3,20,4.9
29212,South America,Science,Low,61.3,20,17.8
30421,South Asia,English,Low,61.3,12,25.6
30616,South America,Science,Low,61.3,8,22.6
31358,Africa,Computer Science,Low,61.3,11,20.7
31505,North America,Computer Science,Low,61.3,7,5.3
32029,North America,Science,Low,61.3,16,9.7
32854,Europe,English,Low,61.3,11,18.7
32910,North America,English,Low,61.3,12,18.3
35852,South Asia,Science,Low,61.3,8,21.9
36951,South Asia,English,Low,61.3,10,31.5
38252,South America,History,Low,61.3,14,21.1
39073,South Asia,Science,Low,61.3,11,16.6
39138,South America,History,Low,61.3,6,20.2
702,East Asia,Economics,Low,61.4,9,15.2
787,North America,History,Low,61.4,18,22.1
3088,Europe,Mathematics,Low,61.4,6,0.0
3676,South Asia,Economics,Low,61.4,10,22.6
4227,South Asia,Economics,Low,61.4,9,15.8
4863,South America,English,Low,61.4,14,24.0
5261,South America,Computer Science,Low,61.4,9,0.6
5911,Europe,Computer Science,Low,61.4,10,23.0
6763,North America,Mathematics,Low,61.4,7,13.2
7519,Europe,Mathematics,Low,61.4,14,15.0
7681,South Asia,Economics,Low,61.4,15,30.4
7918,North America,History,Low,61.4,15,25.2
8944,Europe,Economics,Low,61.4,9,24.2
9160,North America,Computer Science,Low,61.4,26,9.4
9312,South America,History,Low,61.4,17,15.6
10131,Europe,English,Low,61.4,7,4.8
12620,Africa,Computer Science,Low,61.4,4,29.2
12917,Africa,Science,Low,61.4,9,30.9
13643,South America,English,Low,61.4,16,24.5
15493,North America,Science,Low,61.4,14,1.5
15501,South Asia,English,Low,61.4,11,21.7
15549,Europe,Mathematics,Low,61.4,9,15.5
15697,South Asia,Science,Low,61.4,15,14.2
16235,Africa,Computer Science,Low,61.4,13,13.1
18041,East Asia,Science,Low,61.4,12,29.9
18493,South Asia,English,Low,61.4,6,28.8
19803,South Asia,Science,Low,61.4,15,21.8
20297,South Asia,Mathematics,Low,61.4,13,27.5
21751,Europe,Computer Science,Low,61.4,11,16.8
23555,Africa,English,Low,61.4,5,31.6
24705,Europe,History,Low,61.4,7,18.5
25071,East Asia,Economics,Low,61.4,13,15.4
26771,Europe,English,Low,61.4,14,11.6
26892,Europe,Science,Low,61.4,10,12.7
28114,East Asia,English,Low,61.4,12,20.5
28333,South America,History,Low,61.4,18,16.4
28948,North America,History,Low,61.4,5,17.1
29297,South Asia,Computer Science,Low,61.4,13,26.5
30514,Africa,History,Low,61.4,7,13.3
32380,Europe,History,Low,61.4,11,17.8
32792,Europe,History,Low,61.4,15,19.5
33537,South America,English,Low,61.4,10,29.5
33713,North America,Computer Science,Low,61.4,10,11.4
33778,North America,History,Low,61.4,6,11.9
33943,South Asia,Science,Low,61.4,10,21.2
34313,Europe,Mathematics,Low,61.4,9,16.2
34315,North America,English,Low,61.4,13,0.0
34908,North America,History,Low,61.4,3,16.6
36214,North America,Mathematics,Low,61.4,10,16.8
36897,South Asia,English,Low,61.4,17,19.1
37099,Europe,English,Low,61.4,17,9.7
37363,South America,Economics,Low,61.4,15,19.1
37659,South America,Economics,Low,61.4,14,16.0
39125,East Asia,Science,Low,61.4,18,20.2
39266,South Asia,Economics,Low,61.4,12,22.5
1730,North America,Mathematics,Low,61.5,18,5.8
2558,South America,History,Low,61.5,18,15.5
3641,Africa,Mathematics,Low,61.5,10,21.2
4572,North America,English,Low,61.5,16,23.3
6251,Africa,History,Low,61.5,12,21.6
6632,North America,English,Low,61.5,8,11.7
6832,Europe,Science,Low,61.5,6,22.7
8243,East Asia,Mathematics,Low,61.5,14,16.1
8252,North America,Science,Low,61.5,10,25.1
9408,South Asia,Computer Science,Low,61.5,3,9.6
9943,Africa,Mathematics,Low,61.5,7,18.7
11064,South America,Mathematics,Low,61.5,11,17.8
12526,North America,English,Low,61.5,20,0.0
13161,South Asia,History,Low,61.5,10,16.1
13374,South America,History,Low,61.5,12,28.0
14389,South Asia,History,Low,61.5,22,17.5
14490,South Asia,Science,Low,61.5,22,17.3
14576,North America,History,Low,61.5,7,6.8
14585,North America,Science,Low,61.5,19,20.2
15614,Africa,Computer Science,Low,61.5,19,6.6
15731,Africa,English,Low,61.5,16,8.9
16226,South America,Mathematics,Low,61.5,21,10.9
17231,South America,Economics,Low,61.5,7,18.4
22773,Europe,English,Low,61.5,7,27.0
23292,Europe,Science,Low,61.5,9,1.1
24157,Europe,Mathematics,Low,61.5,6,19.4
24631,Africa,Computer Science,Low,61.5,11,21.5
24931,East Asia,Mathematics,Low,61.5,7,28.0
27222,South America,Computer Science,Low,61.5,21,17.6
27657,South Asia,Economics,Low,61.5,7,15.8
27730,North America,History,Low,61.5,10,10.6
28817,Africa,Computer Science,Low,61.5,12,22.1
28877,South America,Mathematics,Low,61.5,13,24.4
29244,East Asia,History,Low,61.5,5,21.0
29391,Europe,Computer Science,Low,61.5,6,29.6
29615,Europe,Economics,Low,61.5,8,7.4
30326,Africa,History,Low,61.5,24,8.9
31532,Europe,Mathematics,Low,61.5,10,16.7
31723,Europe,History,Low,61.5,9,24.6
31967,Europe,English,Low,61.5,9,18.3
33430,North America,History,Low,61.5,16,13.1
33504,East Asia,History,Low,61.5,18,22.7
33783,South America,History,Low,61.5,11,27.3
34007,North America,Science,Low,61.5,16,11.9
34543,North America,Science,Low,61.5,8,33.4
34755,North America,English,Low,61.5,22,9.2
35241,North America,Economics,Low,61.5,8,29.7
37081,South America,Economics,Low,61.5,9,24.3
37482,Africa,Mathematics,Low,61.5,17,22.1
38828,East Asia,Economics,Low,61.5,13,16.0
66,Europe,Computer Science,Low,61.6,10,3.3
324,South America,Mathematics,Low,61.6,8,9.8
353,Europe,Economics,Low,61.6,11,24.0
438,South America,Computer Science,Low,61.6,7,15.7
1091,East Asia,Economics,Low,61.6,9,28.2
1927,South Asia,History,Low,61.6,9,11.5
2066,East Asia,Mathematics,Low,61.6,13,25.9
2289,South America,Computer Science,Low,61.6,9,8.9
2491,South Asia,Economics,Low,61.6,11,29.6
3110,Europe,Mathematics,Low,61.6,12,19.4
4310,East Asia,Science,Low,61.6,7,24.8
4816,Europe,Computer Science,Low,61.6,8,17.8
5535,North America,Science,Low,61.6,19,11.2
6448,Africa,Computer Science,Low,61.6,10,25.3
6641,Europe,Mathematics,Low,61.6,14,9.1
7031,South America,History,Low,61.6,7,31.1
7063,South America,Science,Low,61.6,16,19.1
7160,North America,History,Low,61.6,17,15.5
7696,Africa,Mathematics,Low,61.6,6,32.1
8301,South America,English,Low,61.6,10,23.7
8305,Europe,Computer Science,Low,61.6,9,29.6
8633,South Asia,Computer Science,Low,61.6,17,13.5
8826,Africa,Computer Science,Low,61.6,21,14.4
8992,South Asia,Computer Science,Low,61.6,8,13.6
9322,Africa,Science,Low,61.6,5,21.6
9342,North America,Computer Science,Low,61.6,22,15.4
9465,North America,Economics,Low,61.6,5,27.4
11165,East Asia,Mathematics,Low,61.6,7,17.6
12175,North America,English,Low,61.6,14,26.7
12814,South America,English,Low,61.6,5,30.1
13146,East Asia,Mathematics,Low,61.6,6,12.5
13260,Africa,Economics,Low,61.6,22,15.1
13724,South America,Economics,Low,61.6,13,22.2
13761,South America,Mathematics,Low,61.6,5,28.3
13931,South America,Mathematics,Low,61.6,12,29.0
15887,Europe,Mathematics,Low,61.6,8,11.3
16331,South Asia,English,Low,61.6,16,22.7
18019,East Asia,Science,Low,61.6,13,22.4
18919,South Asia,Science,Low,61.6,9,13.5
19492,Africa,English,Low,61.6,16,0.0
20759,East Asia,Mathematics,Low,61.6,14,26.9
21566,Europe,History,Low,61.6,5,22.9
23554,North America,Science,Low,61.6,7,31.5
25295,Africa,Economics,Low,61.6,4,0.0
26146,East Asia,History,Low,61.6,13,26.1
26311,South Asia,Mathematics,Low,61.6,10,20.8
26589,Europe,History,Low,61.6,17,17.8
26800,Europe,Mathematics,Low,61.6,22,11.6
27731,East Asia,Mathematics,Low,61.6,16,15.4
27947,Europe,Mathematics,Low,61.6,9,29.7
30760,South America,Mathematics,Low,61.6,19,21.2
30950,East Asia,English,Low,61.6,12,24.2
31263,East Asia,Computer Science,Low,61.6,9,1.4
31270,Africa,Economics,Low,61.6,7,20.5
31370,North America,History,Low,61.6,18,19.7
31695,North America,Economics,Low,61.6,11,23.9
32042,Europe,Science,Low,61.6,22,12.4
32271,South America,English,Low,61.6,19,11.3
32683,East Asia,Science,Low,61.6,18,0.0
33142,East Asia,Economics,Low,61.6,13,14.2
33809,South America,Economics,Low,61.6,9,17.5
34099,South America,English,Low,61.6,21,16.2
34449,North America,Mathematics,Low,61.6,18,10.4
34737,South America,Science,Low,61.6,21,13.6
34932,East Asia,Mathematics,Low,61.6,27,10.6
36232,North America,Mathematics,Low,61.6,11,18.9
38319,North America,Science,Low,61.6,7,2.2
39102,Africa,Computer Science,Low,61.6,23,0.0
39769,Europe,History,Low,61.6,12,24.2
528,North America,Economics,Low,61.7,8,14.2
3343,North America,Mathematics,Low,61.7,7,6.9
3426,South America,History,Low,61.7,8,21.6
3888,Europe,History,Low,61.7,12,28.9
6195,Europe,History,Low,61.7,10,17.7
6481,East Asia,Science,Low,61.7,12,26.7
8450,Europe,Computer Science,Low,61.7,22,9.5
9741,South Asia,English,Low,61.7,17,23.2
10541,South Asia,History,Low,61.7,15,15.4
10750,East Asia,Mathematics,Low,61.7,3,18.2
12745,Europe,History,Low,61.7,6,31.8
13005,Europe,Science,Low,61.7,9,31.0
13048,Europe,Computer Science,Low,61.7,3,35.8
13430,East Asia,History,Low,61.7,6,32.7
13657,Africa,English,Low,61.7,18,0.0
13668,South America,Mathematics,Low,61.7,9,15.4
14183,Africa,Computer Science,Low,61.7,15,22.9
15432,North America,Computer Science,Low,61.7,7,8.7
18778,Europe,History,Low,61.7,3,14.1
19615,Europe,History,Low,61.7,8,17.9
20067,South America,Economics,Low,61.7,10,30.4
20528,Europe,Science,Low,61.7,20,8.2
21027,North America,English,Low,61.7,18,14.7
21354,South Asia,Computer Science,Low,61.7,5,27.7
21791,Africa,History,Low,61.7,9,24.2
22616,South America,Mathematics,Low,61.7,8,28.1
22964,East Asia,Science,Low,61.7,14,16.7
23860,South America,Economics,Low,61.7,6,18.5
23881,Europe,English,Low,61.7,12,26.0
24472,South America,History,Low,61.7,16,19.5
24609,Africa,English,Low,61.7,13,25.1
25000,Europe,Economics,Low,61.7,9,6.3
25779,East Asia,Mathematics,Low,61.7,7,10.6
27335,East Asia,Mathematics,Low,61.7,8,29.5
27919,South America,English,Low,61.7,6,33.4
28084,Africa,Economics,Low,61.7,7,17.1
28119,South America,Economics,Low,61.7,19,6.9
28401,East Asia,History,Low,61.7,4,10.2
29301,South Asia,Computer Science,Low,61.7,10,17.8
29888,Europe,Computer Science,Low,61.7,10,31.1
29931,North America,Mathematics,Low,61.7,10,23.6
30284,South America,History,Low,61.7,9,4.4
30505,South America,History,Low,61.7,18,6.0
30714,North America,Mathematics,Low,61.7,23,10.9
30881,South America,Science,Low,61.7,6,17.0
31584,South America,History,Low,61.7,15,21.6
32424,East Asia,Economics,Low,61.7,20,18.5
32630,North America,Mathematics,Low,61.7,25,6.5
33138,South America,English,Low,61.7,10,25.7
37135,South America,English,Low,61.7,6,0.0
37632,South America,Economics,Low,61.7,12,21.0
38042,South America,Economics,Low,61.7,17,21.2
38889,South Asia,Science,Low,61.7,6,19.6
39941,North America,English,Low,61.7,11,30.1
244,East Asia,English,Low,61.8,15,9.7
1195,East Asia,History,Low,61.8,5,31.7
2200,Europe,History,Low,61.8,7,0.0
2703,Europe,Computer Science,Low,61.8,6,1.7
2716,South Asia,Computer Science,Low,61.8,6,22.9
2839,Europe,English,Low,61.8,8,27.4
3161,North America,Economics,Low,61.8,18,18.4
3772,Europe,Science,Low,61.8,16,22.4
4234,Europe,English,Low,61.8,8,25.3
5840,Africa,Science,Low,61.8,13,23.3
6057,North America,Economics,Low,61.8,15,23.9
6542,South America,Mathematics,Low,61.8,9,15.3
6561,East Asia,Mathematics,Low,61.8,8,19.7
7541,East Asia,Computer Science,Low,61.8,15,10.5
7558,Africa,Science,Low,61.8,11,17.0
7693,South Asia,Computer Science,Low,61.8,6,14.2
8451,East Asia,Mathematics,Low,61.8,18,15.0
8781,East Asia,Science,Low,61.8,8,10.0
9186,Africa,History,Low,61.8,8,9.6
9218,North America,English,Low,61.8,8,12.4
13104,Europe,History,Low,61.8,13,27.6
14044,South America,Economics,Low,61.8,17,14.6
14563,North America,Economics,Low,61.8,5,17.3
17425,South Asia,Mathematics,Low,61.8,8,15.8
17944,South Asia,Economics,Low,61.8,11,18.4
19957,North America,Science,Low,61.8,10,1.1
20313,Europe,Science,Low,61.8,12,23.2
20459,North America,Economics,Low,61.8,13,0.3
20532,South Asia,Mathematics,Low,61.8,10,7.9
20980,East Asia,English,Low,61.8,13,17.4
21046,North America,History,Low,61.8,20,20.1
22068,East Asia,Economics,Low,61.8,27,8.0
25209,North America,English,Low,61.8,9,14.6
25468,South America,Mathematics,Low,61.8,12,20.1
25554,Europe,Computer Science,Low,61.8,9,3.1
25602,South America,Computer Science,Low,61.8,20,17.2
25997,South Asia,Computer Science,Low,61.8,8,31.5
26520,South America,English,Low,61.8,19,12.4
26706,Africa,Mathematics,Low,61.8,13,27.8
27159,South Asia,Mathematics,Low,61.8,11,26.9
28494,East Asia,Science,Low,61.8,12,19.0
28607,East Asia,Science,Low,61.8,19,16.2
29950,North America,History,Low,61.8,6,9.2
32070,Europe,History,Low,61.8,19,17.9
32608,South Asia,History,Low,61.8,17,13.0
33031,Europe,History,Low,61.8,12,15.9
34595,Europe,Science,Low,61.8,12,25.0
35296,Europe,Economics,Low,61.8,8,29.6
35823,North America,English,Low,61.8,18,7.1
37642,Europe,History,Low,61.8,7,9.6
39761,Africa,English,Low,61.8,14,20.3
39775,Africa,Computer Science,Low,61.8,9,24.5
883,South Asia,History,Low,61.9,14,16.9
949,South America,Economics,Low,61.9,11,28.8
1108,South America,History,Low,61.9,15,19.5
1254,Africa,Mathematics,Low,61.9,18,21.0
2950,East Asia,History,Low,61.9,14,21.2
3511,South America,Computer Science,Low,61.9,14,13.4
4430,South America,Mathematics,Low,61.9,15,10.6
4741,Europe,English,Low,61.9,18,20.4
4777,South Asia,Economics,Low,61.9,15,19.1
4800,East Asia,Science,Low,61.9,14,14.8
5905,Europe,English,Low,61.9,13,0.0
6119,East Asia,History,Low,61.9,9,26.5
6513,North America,Science,Low,61.9,7,18.5
7189,Europe,Science,Low,61.9,7,26.4
7951,East Asia,History,Low,61.9,14,11.0
8594,South Asia,History,Low,61.9,14,24.1
9994,Europe,English,Low,61.9,15,21.6
10673,Europe,Mathematics,Low,61.9,21,0.0
10805,East Asia,English,Low,61.9,15,11.7
11554,Africa,Computer Science,Low,61.9,17,19.8
11849,Europe,Mathematics,Low,61.9,4,13.1
13015,Europe,Economics,Low,61.9,10,21.7
14074,North America,Computer Science,Low,61.9,14,19.0
14185,East Asia,History,Low,61.9,11,20.0
14657,North America,English,Low,61.9,18,22.0
15193,East Asia,Mathematics,Low,61.9,7,4.6
17002,North America,Mathematics,Low,61.9,7,34.1
17121,South America,Mathematics,Low,61.9,19,11.7
17864,Europe,Economics,Low,61.9,19,15.8
17920,East Asia,History,Low,61.9,14,9.5
19512,South Asia,History,Low,61.9,12,12.9
19519,Africa,Computer Science,Low,61.9,7,21.1
19605,Europe,Science,Low,61.9,8,25.4
19968,East Asia,History,Low,61.9,7,0.3
20162,East Asia,Science,Low,61.9,11,26.8
20642,Africa,History,Low,61.9,8,27.4
21030,South America,History,Low,61.9,6,15.4
22032,East Asia,Mathematics,Low,61.9,10,25.8
23755,Europe,English,Low,61.9,12,4.6
24343,Africa,Mathematics,Low,61.9,10,21.0
24405,South Asia,English,Low,61.9,13,14.3
25184,South America,History,Low,61.9,12,22.9
25536,Europe,Computer Science,Low,61.9,17,21.9
25632,South Asia,History,Low,61.9,8,12.8
25981,Africa,English,Low,61.9,6,26.4
26151,Africa,Mathematics,Low,61.9,27,11.1
26350,North America,Science,Low,61.9,7,13.0
26985,East Asia,Science,Low,61.9,16,12.9
27264,South America,Mathematics,Low,61.9,12,27.2
28139,East Asia,Mathematics,Low,61.9,13,20.0
31115,Europe,Economics,Low,61.9,10,22.1
31321,Europe,Mathematics,Low,61.9,10,23.5
31720,South America,Economics,Low,61.9,11,25.1
32439,East Asia,Mathematics,Low,61.9,19,4.9
32709,East Asia,Economics,Low,61.9,15,16.6
33083,East Asia,Mathematics,Low,61.9,9,5.7
33580,Europe,Computer Science,Low,61.9,14,7.8
37953,Africa,Mathematics,Low,61.9,25,14.4
38065,South America,Economics,Low,61.9,6,22.8
38997,East Asia,English,Low,61.9,7,31.9
27,South Asia,Computer Science,Low,62.0,15,22.9
2250,South Asia,Economics,Low,62.0,14,21.1
2456,South Asia,Science,Low,62.0,4,21.7
3041,South Asia,Mathematics,Low,62.0,13,21.2
3785,South America,Mathematics,Low,62.0,8,29.6
4162,South Asia,Computer Science,Low,62.0,15,11.9
4393,North America,Mathematics,Low,62.0,11,20.2
7140,Europe,Science,Low,62.0,13,16.1
9135,Europe,Computer Science,Low,62.0,7,24.4
9851,Europe,English,Low,62.0,7,16.0
10381,Africa,Economics,Low,62.0,8,13.2
11040,East Asia,Mathematics,Low,62.0,10,17.3
11358,Africa,History,Low,62.0,19,12.4
11586,North America,English,Low,62.0,17,17.1
12649,East Asia,Science,Low,62.0,8,31.6
12914,South Asia,Economics,Low,62.0,9,24.5
13611,Europe,Mathematics,Low,62.0,2,23.2
13989,Africa,Mathematics,Low,62.0,11,28.7
14254,Europe,Computer Science,Low,62.0,13,19.5
14909,Africa,Mathematics,Low,62.0,11,28.9
15043,East Asia,Science,Low,62.0,19,18.1
15361,South Asia,English,Low,62.0,19,15.7
15656,North America,Science,Low,62.0,10,26.5
15720,Africa,Science,Low,62.0,10,15.3
16030,North America,Economics,Low,62.0,16,22.7
16599,North America,English,Low,62.0,17,10.2
16785,South Asia,Economics,Low,62.0,21,2.8
16840,North America,English,Low,62.0,17,14.3
16917,East Asia,History,Low,62.0,20,16.6
17306,South America,Mathematics,Low,62.0,7,34.6
18164,South Asia,English,Low,62.0,12,13.0
18410,North America,Computer Science,Low,62.0,19,21.3
19812,Africa,Mathematics,Low,62.0,14,23.1
20546,East Asia,Science,Low,62.0,8,33.7
21069,Europe,History,Low,62.0,7,9.0
22072,South America,Mathematics,Low,62.0,9,28.5
22495,South America,History,Low,62.0,10,19.6
23496,North America,Computer Science,Low,62.0,19,15.8
23506,East Asia,Science,Low,62.0,15,5.5
24025,Africa,Computer Science,Low,62.0,7,28.5
24980,Europe,Science,Low,62.0,16,7.7
26582,Africa,History,Low,62.0,16,9.0
28580,South Asia,Economics,Low,62.0,18,4.9
28915,North America,Science,Low,62.0,14,25.7
28987,Europe,History,Low,62.0,25,13.9
28992,East Asia,History,Low,62.0,18,21.1
29158,North America,Science,Low,62.0,14,14.0
29235,East Asia,Science,Low,62.0,5,29.9
30910,Europe,Science,Low,62.0,15,22.9
31312,East Asia,Economics,Low,62.0,16,7.3
33764,North America,Economics,Low,62.0,2,27.7
34423,Africa,Economics,Low,62.0,13,18.1
36082,North America,Economics,Low,62.0,9,0.0
36133,Europe,Mathematics,Low,62.0,4,38.0
36797,South Asia,Mathematics,Low,62.0,8,20.2
36815,South America,Science,Low,62.0,12,29.1
37001,Europe,English,Low,62.0,9,24.5
38539,South America,Science,Low,62.0,15,9.0
38902,Africa,Economics,Low,62.0,12,29.0
39010,South America,Economics,Low,62.0,13,14.5
39724,East Asia,Science,Low,62.0,9,18.2
670,North America,Mathematics,Low,62.1,24,15.9
849,Africa,Economics,Low,62.1,16,14.4
1022,North America,Science,Low,62.1,10,24.3
2506,North America,Economics,Low,62.1,6,17.3
5491,South Asia,History,Low,62.1,7,22.1
6457,Europe,Economics,Low,62.1,12,30.4
8520,Europe,Mathematics,Low,62.1,11,28.5
9102,North America,Mathematics,Low,62.1,9,31.1
10584,South Asia,Economics,Low,62.1,10,17.7
12397,South America,History,Low,62.1,5,18.4
12881,Africa,Economics,Low,62.1,14,18.0
13032,South Asia,Science,Low,62.1,18,6.8
13338,Europe,Mathematics,Low,62.1,11,22.3
13774,South Asia,English,Low,62.1,6,28.0
14434,Africa,Computer Science,Low,62.1,15,10.6
15648,Europe,Economics,Low,62.1,18,10.8
15719,North America,Economics,Low,62.1,10,8.5
15788,North America,Computer Science,Low,62.1,15,21.1
15958,South America,History,Low,62.1,24,15.7
16209,Europe,Science,Low,62.1,14,21.4
16614,Africa,Economics,Low,62.1,15,12.6
17020,South America,Mathematics,Low,62.1,12,27.8
18647,Europe,Science,Low,62.1,14,18.4
18745,North America,Economics,Low,62.1,20,18.1
19475,South Asia,English,Low,62.1,7,26.8
19760,South Asia,Mathematics,Low,62.1,9,31.2
24100,Africa,English,Low,62.1,18,22.2
25111,South America,Computer Science,Low,62.1,9,20.1
27710,Europe,Computer Science,Low,62.1,9,14.7
27750,East Asia,English,Low,62.1,13,27.2
27760,Europe,History,Low,62.1,8,16.5
28071,East Asia,Mathematics,Low,62.1,7,13.3
29005,North America,Economics,Low,62.1,9,15.0
29962,North America,English,Low,62.1,6,9.3
30108,East Asia,English,Low,62.1,20,13.5
30264,North America,Computer Science,Low,62.1,16,21.7
30928,North America,Computer Science,Low,62.1,16,19.4
32133,South Asia,Computer Science,Low,62.1,15,22.6
33272,South Asia,Mathematics,Low,62.1,10,0.0
33353,North America,Economics,Low,62.1,5,11.1
34414,South America,Economics,Low,62.1,4,37.4
34596,South Asia,History,Low,62.1,7,13.9
35472,South America,Economics,Low,62.1,25,14.1
35946,Europe,Science,Low,62.1,18,3.5
36478,South Asia,History,Low,62.1,20,8.7
37511,North America,Computer Science,Low,62.1,18,0.0
38277,East Asia,History,Low,62.1,9,16.4
39363,South America,English,Low,62.1,13,10.7
39537,South Asia,Computer Science,Low,62.1,12,8.6
15,Africa,Mathematics,Low,62.2,7,27.5
239,Europe,English,Low,62.2,13,25.1
704,Europe,English,Low,62.2,16,18.1
1913,North America,English,Low,62.2,14,12.7
2710,South America,Mathematics,Low,62.2,17,22.5
2727,North America,Science,Low,62.2,17,8.1
4064,East Asia,English,Low,62.2,18,12.8
4268,South America,Mathematics,Low,62.2,10,21.4
4283,Europe,Economics,Low,62.2,17,20.2
4738,South Asia,History,Low,62.2,8,25.7
5066,Africa,Computer Science,Low,62.2,4,8.0
5201,South Asia,Computer Science,Low,62.2,18,22.4
5360,South Asia,Computer Science,Low,62.2,9,2.8
5361,East Asia,Computer Science,Low,62.2,13,26.2
5560,North America,Computer Science,Low,62.2,19,18.3
5579,South Asia,Computer Science,Low,62.2,10,25.6
6368,Europe,Economics,Low,62.2,6,15.6
7127,South America,Mathematics,Low,62.2,15,14.6
9351,Africa,Computer Science,Low,62.2,5,8.1
9435,South Asia,English,Low,62.2,15,24.3
9645,South Asia,Science,Low,62.2,5,14.0
10030,Europe,Mathematics,Low,62.2,8,27.3
10524,East Asia,Mathematics,Low,62.2,13,20.4
10569,South America,Mathematics,Low,62.2,8,11.7
10903,North America,Economics,Low,62.2,12,16.1
12506,South Asia,Science,Low,62.2,7,3.2
13791,North America,Mathematics,Low,62.2,20,17.7
15393,Europe,Science,Low,62.2,7,15.5
17736,South Asia,English,Low,62.2,13,23.2
20328,East Asia,English,Low,62.2,17,18.5
20413,North America,Economics,Low,62.2,13,15.0
22317,East Asia,English,Low,62.2,6,19.8
22650,North America,Science,Low,62.2,15,18.6
22898,Africa,English,Low,62.2,5,13.4
23421,North America,Mathematics,Low,62.2,15,24.8
23519,Europe,Mathematics,Low,62.2,5,10.3
23651,Africa,Economics,Low,62.2,14,21.9
23824,South America,History,Low,62.2,11,28.5
25382,Europe,Mathematics,Low,62.2,9,13.4
25704,South America,History,Low,62.2,16,14.9
26006,Africa,Computer Science,Low,62.2,20,19.4
26135,Africa,Economics,Low,62.2,4,12.9
28348,East Asia,Mathematics,Low,62.2,32,7.0
28445,Europe,English,Low,62.2,8,26.0
28995,Europe,Computer Science,Low,62.2,27,11.0
29317,Europe,History,Low,62.2,11,24.2
30478,Africa,Economics,Low,62.2,19,13.4
30603,Africa,Science,Low,62.2,7,25.2
31896,Europe,Science,Low,62.2,7,15.7
33866,South Asia,Economics,Low,62.2,20,14.2
34178,East Asia,Mathematics,Low,62.2,17,7.8
34203,Europe,English,Low,62.2,8,7.6
34447,South Asia,History,Low,62.2,22,10.0
35692,South Asia,Science,Low,62.2,18,18.4
36148,South Asia,Economics,Low,62.2,20,14.1
37017,Africa,Mathematics,Low,62.2,15,15.8
37077,Africa,Mathematics,Low,62.2,15,11.2
38161,Africa,Mathematics,Low,62.2,19,13.8
39298,South Asia,Computer Science,Low,62.2,14,20.8
102,Europe,Science,Low,62.3,17,10.4
443,North America,History,Low,62.3,15,21.0
810,South America,Science,Low,62.3,11,30.2
1787,Europe,Economics,Low,62.3,11,9.0
2490,South Asia,History,Low,62.3,10,26.9
2534,Europe,Computer Science,Low,62.3,12,25.9
2768,South America,Science,Low,62.3,6,27.6
2846,South Asia,Science,Low,62.3,7,19.6
4116,South Asia,Computer Science,Low,62.3,14,18.3
4774,South America,History,Low,62.3,11,29.9
5061,East Asia,English,Low,62.3,14,22.2
5971,Africa,Mathematics,Low,62.3,6,21.0
6579,North America,History,Low,62.3,21,16.0
7563,South Asia,Mathematics,Low,62.3,9,30.5
7635,North America,History,Low,62.3,15,18.2
7865,Europe,Science,Low,62.3,23,9.3
8900,North America,Economics,Low,62.3,6,33.1
9829,South America,Science,Low,62.3,9,25.3
10476,North America,Mathematics,Low,62.3,12,28.8
10885,North America,English,Low,62.3,16,18.9
12103,North America,Computer Science,Low,62.3,4,25.9
12278,Europe,History,Low,62.3,5,19.5
12300,Africa,Economics,Low,62.3,19,21.0
12788,North America,History,Low,62.3,2,38.1
14915,East Asia,Science,Low,62.3,12,17.6
15873,North America,Mathematics,Low,62.3,9,20.3
17163,North America,Science,Low,62.3,5,14.5
17331,South Asia,English,Low,62.3,13,25.3
17935,South Asia,English,Low,62.3,8,6.9
18148,Africa,Mathematics,Low,62.3,13,26.2
19101,South America,Mathematics,Low,62.3,21,17.5
20104,North America,Computer Science,Low,62.3,24,15.9
20240,Europe,Economics,Low,62.3,5,19.6
21107,North America,History,Low,62.3,8,22.8
21565,East Asia,Computer Science,Low,62.3,13,25.9
22596,South America,Computer Science,Low,62.3,23,15.9
23351,East Asia,Computer Science,Low,62.3,20,9.6
23972,Europe,Science,Low,62.3,15,18.0
24014,Europe,Economics,Low,62.3,9,16.3
24910,East Asia,Computer Science,Low,62.3,25,11.4
25473,East Asia,Science,Low,62.3,13,13.3
26757,Europe,Mathematics,Low,62.3,13,10.9
27994,Europe,Computer Science,Low,62.3,15,25.1
28906,North America,Mathematics,Low,62.3,23,10.2
30657,Europe,Computer Science,Low,62.3,26,12.7
31460,South America,Computer Science,Low,62.3,13,17.3
31949,South Asia,Computer Science,Low,62.3,7,29.0
32237,South America,Computer Science,Low,62.3,14,18.0
32364,Africa,Economics,Low,62.3,7,26.3
35619,Africa,Computer Science,Low,62.3,12,23.7
36196,East Asia,Economics,Low,62.3,21,13.2
36496,East Asia,Economics,Low,62.3,12,23.2
37433,South Asia,Mathematics,Low,62.3,10,19.9
38695,Europe,Computer Science,Low,62.3,17,18.3
990,Africa,Science,Low,62.4,10,31.5
1406,North America,History,Low,62.4,14,11.3
2549,South Asia,Economics,Low,62.4,17,12.6
3083,Europe,Mathematics,Low,62.4,8,28.8
3259,East Asia,History,Low,62.4,10,5.7
5286,East Asia,English,Low,62.4,10,27.3
7363,North America,History,Low,62.4,17,15.8
8603,Europe,Mathematics,Low,62.4,17,14.3
9117,South Asia,Science,Low,62.4,15,21.7
11726,East Asia,History,Low,62.4,11,12.2
12327,Europe,History,Low,62.4,6,17.8
12403,South Asia,English,Low,62.4,5,35.6
17624,South America,Mathematics,Low,62.4,5,0.0
17625,South Asia,Economics,Low,62.4,4,11.8
18441,North America,Science,Low,62.4,12,9.6
18886,Africa,History,Low,62.4,13,10.5
19199,East Asia,Mathematics,Low,62.4,17,19.2
20179,Europe,History,Low,62.4,7,15.7
20620,North America,Mathematics,Low,62.4,10,21.6
20676,South America,Computer Science,Low,62.4,8,27.9
21799,South America,Science,Low,62.4,11,9.4
21858,South America,English,Low,62.4,25,0.0
22232,South Asia,English,Low,62.4,5,28.0
22891,South Asia,English,Low,62.4,20,19.8
23987,Africa,English,Low,62.4,24,15.6
24316,Africa,Mathematics,Low,62.4,18,20.9
25508,North America,English,Low,62.4,7,22.5
29388,Europe,Mathematics,Low,62.4,11,29.9
31703,South America,Economics,Low,62.4,11,21.6
32174,Europe,Science,Low,62.4,7,30.6
32279,Europe,Science,Low,62.4,6,21.2
35706,Europe,English,Low,62.4,11,25.9
36740,South Asia,English,Low,62.4,13,20.1
36827,North America,Science,Low,62.4,10,16.6
37622,Africa,Science,Low,62.4,6,29.9
823,North America,Science,Low,62.5,15,21.5
1334,Africa,Economics,Low,62.5,10,19.7
1341,East Asia,History,Low,62.5,8,31.2
1804,Europe,History,Low,62.5,16,10.5
1840,East Asia,English,Low,62.5,13,28.0
2184,East Asia,Economics,Low,62.5,10,25.8
2245,Africa,Computer Science,Low,62.5,10,15.5
2619,East Asia,English,Low,62.5,20,17.8
2665,Europe,History,Low,62.5,11,12.4
2734,Europe,English,Low,62.5,7,11.1
2805,Europe,Economics,Low,62.5,6,4.6
2968,Europe,Science,Low,62.5,17,16.2
3184,North America,English,Low,62.5,12,20.5
4296,South America,Mathematics,Low,62.5,11,16.0
5399,South America,English,Low,62.5,16,10.8
5883,South America,English,Low,62.5,22,12.3
7331,Europe,History,Low,62.5,13,14.9
8856,North America,English,Low,62.5,27,0.0
9180,South America,Science,Low,62.5,18,0.0
9230,Europe,Economics,Low,62.5,10,20.7
9663,North America,History,Low,62.5,12,22.2
10053,Africa,English,Low,62.5,4,11.9
10087,East Asia,Science,Low,62.5,9,17.5
10480,East Asia,Economics,Low,62.5,11,21.3
10738,Africa,English,Low,62.5,13,17.5
12460,South Asia,Economics,Low,62.5,17,16.4
13970,Europe,Economics,Low,62.5,12,11.5
14181,South Asia,Science,Low,62.5,20,19.0
14273,East Asia,Mathematics,Low,62.5,24,4.0
14830,East Asia,Economics,Low,62.5,8,16.1
16572,Europe,English,Low,62.5,11,25.7
17046,South America,Mathematics,Low,62.5,9,29.9
17726,South America,English,Low,62.5,11,8.1
19182,Africa,Computer Science,Low,62.5,14,24.1
19553,South Asia,Computer Science,Low,62.5,14,25.1
22019,North America,Computer Science,Low,62.5,20,18.5
22216,South Asia,Mathematics,Low,62.5,5,22.0
22274,South America,Mathematics,Low,62.5,13,9.6
23413,North America,Science,Low,62.5,17,21.5
25489,South America,Mathematics,Low,62.5,13,0.0
28672,North America,Economics,Low,62.5,13,8.4
29003,East Asia,Computer Science,Low,62.5,9,16.0
29134,East Asia,Economics,Low,62.5,12,26.2
29894,North America,History,Low,62.5,16,2.1
29905,North America,History,Low,62.5,4,26.0
30953,North America,English,Low,62.5,13,5.3
32043,South America,Mathematics,Low,62.5,8,25.9
32729,South America,Mathematics,Low,62.5,20,16.5
32978,East Asia,Computer Science,Low,62.5,9,19.7
33370,South Asia,Economics,Low,62.5,11,19.7
33759,North America,Mathematics,Low,62.5,12,20.4
35157,South Asia,History,Low,62.5,15,25.5
35799,Europe,Computer Science,Low,62.5,17,6.8
35833,Africa,Mathematics,Low,62.5,19,16.5
38334,South America,English,Low,62.5,13,24.7
38717,Africa,Computer Science,Low,62.5,10,25.9
39137,North America,Economics,Low,62.5,13,26.0
39509,South America,History,Low,62.5,9,26.4
1309,South Asia,Economics,Low,62.6,16,20.6
4109,East Asia,Economics,Low,62.6,10,19.2
4249,South America,Economics,Low,62.6,19,11.7
5921,North America,Mathematics,Low,62.6,15,7.0
6595,South America,Mathematics,Low,62.6,15,15.1
7486,South America,English,Low,62.6,23,16.1
7823,North America,Science,Low,62.6,14,29.9
7909,North America,Computer Science,Low,62.6,11,27.6
8006,South America,Science,Low,62.6,18,19.8
8187,South Asia,History,Low,62.6,6,27.9
8313,South Asia,English,Low,62.6,10,24.1
9483,North America,History,Low,62.6,11,3.5
9772,South America,Science,Low,62.6,1,33.0
11075,Europe,Science,Low,62.6,13,18.2
11220,Africa,English,Low,62.6,14,21.7
11591,North America,History,Low,62.6,9,24.3
12135,Africa,Science,Low,62.6,11,23.7
12258,East Asia,Mathematics,Low,62.6,10,14.8
12645,Africa,English,Low,62.6,23,13.1
15406,East Asia,History,Low,62.6,21,17.1
15816,Africa,English,Low,62.6,14,21.5
16388,South America,Science,Low,62.6,9,10.7
17672,North America,Science,Low,62.6,13,18.4
18054,Africa,Economics,Low,62.6,14,24.9
18722,Europe,History,Low,62.6,15,12.3
19368,Europe,Science,Low,62.6,17,20.5
20147,South Asia,Science,Low,62.6,14,22.9
20524,South America,English,Low,62.6,6,22.4
20741,East Asia,Computer Science,Low,62.6,7,8.5
22459,South Asia,Computer Science,Low,62.6,14,16.2
22669,North America,English,Low,62.6,13,16.5
22815,East Asia,Science,Low,62.6,11,6.4
24291,East Asia,Mathematics,Low,62.6,11,29.8
25042,South Asia,Economics,Low,62.6,6,26.9
26951,Europe,Economics,Low,62.6,13,28.0
27313,East Asia,Mathematics,Low,62.6,11,11.7
29607,Europe,Mathematics,Low,62.6,14,26.0
29876,North America,Science,Low,62.6,7,28.7
32114,South America,English,Low,62.6,12,26.6
33222,South Asia,English,Low,62.6,9,17.6
34175,North America,Science,Low,62.6,11,25.1
34321,Africa,Science,Low,62.6,7,33.5
34903,North America,Economics,Low,62.6,10,12.1
35063,North America,English,Low,62.6,7,14.8
36639,South America,Mathematics,Low,62.6,8,32.3
37587,Europe,History,Low,62.6,9,18.0
37919,South Asia,Mathematics,Low,62.6,16,22.1
38159,South America,History,Low,62.6,10,24.2
38535,South America,Economics,Low,62.6,15,19.6
38899,North America,Science,Low,62.6,15,12.0
481,Europe,Computer Science,Low,62.7,7,4.7
948,North America,Economics,Low,62.7,12,17.1
1612,North America,Economics,Low,62.7,16,16.6
2894,South America,Mathematics,Low,62.7,12,28.2
2996,East Asia,English,Low,62.7,12,17.1
3423,East Asia,Economics,Low,62.7,6,3.2
3902,South America,Science,Low,62.7,5,32.9
3973,North America,Economics,Low,62.7,21,8.4
4331,Europe,Science,Low,62.7,17,17.0
4376,East Asia,English,Low,62.7,29,30.1
4497,Europe,Computer Science,Low,62.7,7,20.9
4989,South America,Mathematics,Low,62.7,9,31.7
5023,Africa,Science,Low,62.7,15,19.3
5679,East Asia,English,Low,62.7,17,20.7
5765,Europe,Economics,Low,62.7,6,18.5
6690,East Asia,Mathematics,Low,62.7,8,29.8
6967,South America,Computer Science,Low,62.7,6,24.8
8037,South America,Economics,Low,62.7,19,13.6
9036,Europe,History,Low,62.7,8,18.6
9080,South Asia,Computer Science,Low,62.7,19,8.5
9257,South Asia,Mathematics,Low,62.7,12,28.7
10367,Europe,Economics,Low,62.7,7,14.2
10748,East Asia,Science,Low,62.7,11,21.7
11429,East Asia,Economics,Low,62.7,11,25.9
13379,South Asia,Computer Science,Low,62.7,14,26.9
14211,South Asia,Science,Low,62.7,10,18.0
14405,South America,Mathematics,Low,62.7,16,24.9
15083,East Asia,Economics,Low,62.7,11,10.9
15356,South America,Economics,Low,62.7,9,18.8
16546,South America,Science,Low,62.7,5,24.9
17927,South Asia,English,Low,62.7,16,21.7
18695,Europe,Science,Low,62.7,12,7.6
18899,South Asia,English,Low,62.7,16,16.2
19747,Europe,Economics,Low,62.7,13,12.2
19826,South America,Science,Low,62.7,19,10.5
23305,South America,Computer Science,Low,62.7,12,8.5
23314,South Asia,Mathematics,Low,62.7,14,22.6
24164,South America,Economics,Low,62.7,14,23.6
24312,North America,History,Low,62.7,20,10.2
24732,South America,Science,Low,62.7,12,25.9
25193,Africa,English,Low,62.7,14,13.0
26897,Europe,Economics,Low,62.7,20,14.8
27951,South America,History,Low,62.7,10,23.6
28648,South Asia,History,Low,62.7,8,20.3
28921,South America,Mathematics,Low,62.7,17,19.1
29480,Africa,Science,Low,62.7,6,27.5
30697,Europe,History,Low,62.7,19,17.9
30818,South Asia,History,Low,62.7,19,20.3
30946,East Asia,Mathematics,Low,62.7,12,13.3
32812,Europe,Mathematics,Low,62.7,3,22.1
33335,East Asia,Mathematics,Low,62.7,9,13.0
33349,South America,Mathematics,Low,62.7,10,23.0
34670,North America,Science,Low,62.7,7,26.6
34826,North America,Computer Science,Low,62.7,12,14.6
34944,Europe,Science,Low,62.7,9,17.6
37330,South Asia,History,Low,62.7,8,31.3
37597,Europe,Economics,Low,62.7,19,16.7
37635,North America,History,Low,62.7,18,11.3
37929,East Asia,Economics,Low,62.7,7,14.5
38430,East Asia,Economics,Low,62.7,10,21.3
39470,East Asia,Mathematics,Low,62.7,23,12.5
100,North America,History,Low,62.8,10,15.8
797,South America,History,Low,62.8,9,19.1
2176,Africa,Science,Low,62.8,7,27.2
2477,East Asia,History,Low,62.8,11,29.1
2851,Europe,Computer Science,Low,62.8,17,7.9
4169,East Asia,Science,Low,62.8,16,24.8
4850,South America,Computer Science,Low,62.8,15,24.7
4893,North America,Economics,Low,62.8,15,14.1
5348,South Asia,Computer Science,Low,62.8,10,14.9
5477,Europe,English,Low,62.8,12,29.1
6098,South America,Computer Science,Low,62.8,14,13.1
6167,Europe,Science,Low,62.8,18,19.9
6991,East Asia,Science,Low,62.8,22,16.9
7822,East Asia,Economics,Low,62.8,22,11.5
8269,North America,Science,Low,62.8,17,23.5
8316,North America,Science,Low,62.8,6,19.5
8543,South Asia,Mathematics,Low,62.8,10,18.1
9339,Africa,Mathematics,Low,62.8,6,25.6
9442,South Asia,Computer Science,Low,62.8,12,4.1
9582,South Asia,Computer Science,Low,62.8,22,18.3
9660,South America,Economics,Low,62.8,7,24.8
10377,South Asia,Computer Science,Low,62.8,6,0.0
10762,Europe,Economics,Low,62.8,6,18.3
10937,South America,Science,Low,62.8,16,15.7
11092,Europe,Computer Science,Low,62.8,12,15.8
11678,South Asia,English,Low,62.8,10,29.5
11817,East Asia,Mathematics,Low,62.8,9,23.5
15981,Europe,Mathematics,Low,62.8,7,29.8
17358,Africa,History,Low,62.8,19,20.8
17653,North America,Mathematics,Low,62.8,17,20.3
18006,South Asia,English,Low,62.8,5,27.2
18286,Europe,Computer Science,Low,62.8,4,20.0
18781,South Asia,Mathematics,Low,62.8,20,18.5
20962,South America,Science,Low,62.8,13,25.6
21033,Africa,Computer Science,Low,62.8,9,11.3
21404,South Asia,History,Low,62.8,14,15.0
21771,South America,Science,Low,62.8,6,7.7
22145,North America,Economics,Low,62.8,15,17.9
22569,Africa,Economics,Low,62.8,12,30.4
23792,North America,Mathematics,Low,62.8,18,21.7
24636,East Asia,Mathematics,Low,62.8,15,20.1
25830,North America,Computer Science,Low,62.8,15,23.2
27842,Africa,Mathematics,Low,62.8,11,20.8
29204,South America,Economics,Low,62.8,19,19.3
29710,South America,Economics,Low,62.8,19,15.9
30083,Europe,History,Low,62.8,22,8.5
31213,South America,English,Low,62.8,17,18.4
32077,Africa,English,Low,62.8,17,20.6
32097,North America,Computer Science,Low,62.8,5,8.4
32395,North America,Science,Low,62.8,31,5.8
32537,South America,Mathematics,Low,62.8,14,18.7
32963,North America,Mathematics,Low,62.8,7,17.7
33244,South Asia,History,Low,62.8,27,12.8
34204,East Asia,Computer Science,Low,62.8,19,14.5
35444,North America,Computer Science,Low,62.8,10,17.2
36307,East Asia,English,Low,62.8,12,20.0
36545,North America,Science,Low,62.8,15,11.2
38344,Africa,Computer Science,Low,62.8,9,8.7
39446,Europe,Science,Low,62.8,18,8.6
315,Europe,Mathematics,Low,62.9,10,15.5
499,South America,History,Low,62.9,17,20.6
530,South America,Computer Science,Low,62.9,12,0.0
1912,South America,Economics,Low,62.9,9,0.0
2754,East Asia,Economics,Low,62.9,15,5.8
3216,Europe,Economics,Low,62.9,7,21.1
4808,South America,History,Low,62.9,9,8.0
6293,North America,English,Low,62.9,10,29.1
6653,South America,History,Low,62.9,21,14.6
7616,East Asia,English,Low,62.9,17,0.0
8869,Africa,Computer Science,Low,62.9,9,24.8
9834,Africa,History,Low,62.9,2,12.3
10000,East Asia,History,Low,62.9,17,7.6
14173,Europe,Computer Science,Low,62.9,9,16.4
14991,Africa,English,Low,62.9,9,19.0
16577,North America,English,Low,62.9,16,19.3
18533,Europe,Computer Science,Low,62.9,4,14.6
18616,South America,Mathematics,Low,62.9,8,15.1
18638,Africa,Computer Science,Low,62.9,11,28.3
20613,North America,English,Low,62.9,19,10.4
20738,South Asia,Economics,Low,62.9,9,16.4
21195,Europe,Science,Low,62.9,3,18.4
21380,South America,Economics,Low,62.9,12,28.5
21578,North America,Economics,Low,62.9,19,8.2
21990,South America,Mathematics,Low,62.9,18,14.4
22718,Europe,Science,Low,62.9,12,20.8
22835,East Asia,English,Low,62.9,24,13.4
24002,East Asia,Mathematics,Low,62.9,12,29.8
24035,North America,English,Low,62.9,13,17.7
24427,South America,Mathematics,Low,62.9,17,22.1
25550,South Asia,History,Low,62.9,13,15.6
25764,Africa,Science,Low,62.9,23,4.7
25777,South America,English,Low,62.9,5,7.9
27659,North America,English,Low,62.9,12,0.2
28030,Africa,Science,Low,62.9,8,17.7
28714,North America,Mathematics,Low,62.9,22,14.6
28822,South Asia,Science,Low,62.9,13,15.9
29189,Europe,Computer Science,Low,62.9,15,23.5
29704,Africa,English,Low,62.9,20,7.9
30493,North America,History,Low,62.9,12,26.4
30531,South Asia,History,Low,62.9,14,25.0
30662,South America,Science,Low,62.9,12,26.3
30826,Africa,Computer Science,Low,62.9,17,18.1
30933,East Asia,Science,Low,62.9,4,14.8
31455,East Asia,Economics,Low,62.9,9,23.2
35175,Africa,English,Low,62.9,16,22.9
35651,South Asia,Mathematics,Low,62.9,7,18.7
36651,East Asia,Science,Low,62.9,8,31.3
36944,Africa,English,Low,62.9,6,15.0
38491,Europe,Science,Low,62.9,9,25.5
212,Africa,History,Low,63.0,10,27.5
348,South America,English,Low,63.0,15,12.4
1689,South America,English,Low,63.0,22,14.5
2741,Europe,Mathematics,Low,63.0,11,27.0
2762,South Asia,Computer Science,Low,63.0,11,23.3
3349,North America,Mathematics,Low,63.0,12,21.9
5788,East Asia,History,Low,63.0,14,20.4
6358,North America,Economics,Low,63.0,12,26.2
7671,North America,Mathematics,Low,63.0,8,11.1
8246,South America,Science,Low,63.0,17,20.1
9127,South America,Computer Science,Low,63.0,11,17.3
9395,Europe,Mathematics,Low,63.0,24,10.9
10389,North America,Science,Low,63.0,22,18.1
10441,South Asia,Mathematics,Low,63.0,12,27.1
13670,South Asia,Science,Low,63.0,23,16.7
13904,South America,Science,Low,63.0,9,28.5
15211,North America,History,Low,63.0,3,7.5
16261,South America,English,Low,63.0,11,23.5
16307,East Asia,Computer Science,Low,63.0,10,5.7
16330,South Asia,History,Low,63.0,9,19.7
17150,South America,English,Low,63.0,12,6.8
17311,Europe,Computer Science,Low,63.0,13,11.7
17795,East Asia,English,Low,63.0,4,17.9
18550,East Asia,Science,Low,63.0,14,25.9
18721,Africa,History,Low,63.0,8,29.9
20352,Africa,Science,Low,63.0,21,17.4
20930,Europe,English,Low,63.0,3,21.6
21015,South America,English,Low,63.0,15,25.4
23539,East Asia,History,Low,63.0,20,10.2
25050,East Asia,Mathematics,Low,63.0,22,12.4
25130,South Asia,Economics,Low,63.0,11,16.9
26235,North America,Mathematics,Low,63.0,11,14.1
26546,South America,Science,Low,63.0,23,7.6
26673,South America,Science,Low,63.0,12,22.6
26793,North America,Mathematics,Low,63.0,4,9.1
26841,East Asia,English,Low,63.0,23,14.4
26870,Africa,Science,Low,63.0,7,21.3
27173,South Asia,English,Low,63.0,13,27.6
27277,Europe,English,Low,63.0,5,24.4
28201,South America,Economics,Low,63.0,15,14.9
30986,South America,History,Low,63.0,5,16.2
31272,South America,Computer Science,Low,63.0,14,0.0
31736,North America,Economics,Low,63.0,8,29.4
32130,South Asia,Science,Low,63.0,16,23.6
34420,Africa,Science,Low,63.0,12,15.4
34885,East Asia,Computer Science,Low,63.0,7,19.0
35178,East Asia,Economics,Low,63.0,18,20.8
35816,East Asia,English,Low,63.0,10,14.8
37346,Europe,Economics,Low,63.0,9,18.7
38189,North America,History,Low,63.0,11,15.4
38817,North America,English,Low,63.0,12,17.0
38843,East Asia,Computer Science,Low,63.0,9,25.1
38886,South Asia,History,Low,63.0,15,19.7
43,Africa,English,Low,63.1,21,12.3
615,Africa,Economics,Low,63.1,6,23.4
2982,North America,Mathematics,Low,63.1,15,21.6
2991,South Asia,Economics,Low,63.1,4,22.7
3431,Europe,History,Low,63.1,24,13.2
3481,Africa,Mathematics,Low,63.1,10,14.6
5216,Europe,Economics,Low,63.1,18,4.9
5715,South America,Computer Science,Low,63.1,9,19.1
7859,North America,English,Low,63.1,15,5.5
8159,South America,Economics,Low,63.1,12,11.1
9547,North America,Economics,Low,63.1,16,14.4
9636,East Asia,English,Low,63.1,7,19.6
10265,East Asia,Economics,Low,63.1,6,17.0
10448,North America,Science,Low,63.1,15,16.1
12097,Europe,Economics,Low,63.1,15,11.8
12129,Africa,Science,Low,63.1,15,7.1
13445,South Asia,English,Low,63.1,8,21.3
13509,South Asia,Economics,Low,63.1,13,26.3
13715,Europe,History,Low,63.1,11,20.2
13784,Europe,Mathematics,Low,63.1,19,12.6
14498,Africa,Mathematics,Low,63.1,15,23.5
15286,Europe,English,Low,63.1,14,20.7
17490,East Asia,Computer Science,Low,63.1,8,17.6
18244,South America,Economics,Low,63.1,26,12.8
18621,Africa,Computer Science,Low,63.1,8,24.6
19348,East Asia,Computer Science,Low,63.1,5,28.9
20480,South Asia,Science,Low,63.1,15,11.7
22282,Europe,Mathematics,Low,63.1,13,7.9
23642,Africa,History,Low,63.1,15,26.0
23773,Africa,Science,Low,63.1,8,26.9
24707,Africa,Computer Science,Low,63.1,16,22.8
25526,South Asia,English,Low,63.1,6,28.6
26239,South America,Science,Low,63.1,11,22.2
27724,Africa,English,Low,63.1,16,16.9
27768,South Asia,English,Low,63.1,16,21.6
28635,South Asia,Science,Low,63.1,10,29.3
30211,North America,English,Low,63.1,9,16.9
32788,South America,English,Low,63.1,17,0.0
33530,South America,History,Low,63.1,10,25.7
35149,Africa,Computer Science,Low,63.1,12,18.8
36700,Europe,Computer Science,Low,63.1,7,31.7
37020,South America,Economics,Low,63.1,10,23.6
37618,South America,English,Low,63.1,23,3.2
37915,North America,Computer Science,Low,63.1,21,13.5
38108,Africa,Computer Science,Low,63.1,11,23.6
38756,South America,Economics,Low,63.1,20,9.7
471,Africa,Economics,Low,63.2,11,24.8
1171,East Asia,Economics,Low,63.2,6,14.3
2673,South America,Economics,Low,63.2,16,21.5
3701,North America,Economics,Low,63.2,13,14.7
3750,South America,Science,Low,63.2,20,15.8
4489,East Asia,History,Low,63.2,11,16.7
4795,South Asia,Economics,Low,63.2,12,19.6
5290,Europe,History,Low,63.2,12,14.5
5523,Africa,Mathematics,Low,63.2,14,25.3
6269,Europe,History,Low,63.2,23,10.7
6480,Europe,History,Low,63.2,14,20.9
7797,South America,History,Low,63.2,16,0.5
8005,South America,Economics,Low,63.2,11,15.5
9307,Africa,English,Low,63.2,14,17.2
9640,East Asia,Economics,Low,63.2,24,12.7
9838,South America,English,Low,63.2,14,23.1
10270,South America,Economics,Low,63.2,14,0.0
10739,North America,Science,Low,63.2,19,15.3
10995,Europe,Science,Low,63.2,15,16.0
11312,Europe,Computer Science,Low,63.2,14,26.5
11884,East Asia,History,Low,63.2,14,20.8
12907,South Asia,Science,Low,63.2,7,30.4
12968,Africa,Science,Low,63.2,13,18.0
14647,South America,Economics,Low,63.2,22,16.4
16999,South Asia,Mathematics,Low,63.2,11,17.4
17204,North America,Computer Science,Low,63.2,8,26.9
18010,North America,Economics,Low,63.2,20,8.8
18038,Africa,Mathematics,Low,63.2,17,15.3
18834,South Asia,Computer Science,Low,63.2,19,19.9
19649,Europe,English,Low,63.2,9,19.1
19959,Africa,Economics,Low,63.2,25,9.2
22464,South America,Economics,Low,63.2,8,19.7
23886,Europe,Mathematics,Low,63.2,6,30.9
23961,Africa,History,Low,63.2,15,21.9
24261,North America,Mathematics,Low,63.2,6,24.5
25430,North America,Computer Science,Low,63.2,14,26.4
25638,Europe,Science,Low,63.2,15,19.2
26776,South America,Economics,Low,63.2,17,16.5
27528,Europe,Computer Science,Low,63.2,17,12.9
28632,North America,Mathematics,Low,63.2,8,29.3
30481,East Asia,English,Low,63.2,20,3.5
30730,Africa,History,Low,63.2,13,27.9
31362,East Asia,Mathematics,Low,63.2,7,15.3
32333,South Asia,Science,Low,63.2,14,18.0
33566,North America,Science,Low,63.2,8,12.2
33729,Europe,History,Low,63.2,17,16.8
34699,South America,English,Low,63.2,16,16.5
311,East Asia,Mathematics,Low,63.3,21,16.5
757,Africa,Mathematics,Low,63.3,4,33.1
2749,South Asia,Economics,Low,63.3,13,25.7
4188,Europe,English,Low,63.3,16,24.4
4865,South America,Science,Low,63.3,15,14.3
5568,South Asia,Mathematics,Low,63.3,16,23.8
6003,East Asia,History,Low,63.3,26,12.7
6193,Europe,Economics,Low,63.3,9,29.1
7530,North America,Science,Low,63.3,19,18.9
7782,North America,History,Low,63.3,16,21.2
7844,South America,Computer Science,Low,63.3,10,10.1
8995,North America,English,Low,63.3,16,14.4
9182,Europe,English,Low,63.3,7,31.5
9187,North America,History,Low,63.3,16,11.4
9292,South America,Economics,Low,63.3,17,16.0
10783,South Asia,History,Low,63.3,11,27.9
10840,South Asia,History,Low,63.3,14,21.8
12101,Africa,History,Low,63.3,4,18.6
12822,North America,Science,Low,63.3,10,29.3
13335,South America,Mathematics,Low,63.3,24,11.6
15009,South America,Mathematics,Low,63.3,18,20.9
17785,Africa,Mathematics,Low,63.3,16,17.7
18061,South Asia,Mathematics,Low,63.3,9,29.8
19563,Africa,Science,Low,63.3,11,13.0
19817,East Asia,English,Low,63.3,6,18.2
20376,South Asia,English,Low,63.3,20,10.1
20564,South America,History,Low,63.3,17,22.3
22810,East Asia,Economics,Low,63.3,12,8.9
23374,Europe,Economics,Low,63.3,13,23.5
24818,East Asia,English,Low,63.3,12,15.9
24842,Europe,Science,Low,63.3,11,19.9
25089,Europe,History,Low,63.3,4,0.0
25147,North America,Economics,Low,63.3,16,6.4
25344,South America,Science,Low,63.3,7,14.9
25776,Europe,English,Low,63.3,12,9.2
26294,South America,English,Low,63.3,18,21.9
28515,Africa,Computer Science,Low,63.3,14,23.1
29198,East Asia,Mathematics,Low,63.3,11,21.2
29428,Europe,Computer Science,Low,63.3,10,6.2
29913,South America,History,Low,63.3,15,16.9
30224,South Asia,English,Low,63.3,13,8.8
30676,Europe,Mathematics,Low,63.3,3,30.1
30701,North America,Economics,Low,63.3,13,12.5
30806,North America,Computer Science,Low,63.3,15,15.6
31690,South America,Mathematics,Low,63.3,7,30.5
33081,Africa,Economics,Low,63.3,11,28.8
33496,South America,Mathematics,Low,63.3,13,16.3
34080,Africa,Economics,Low,63.3,13,18.4
34538,Africa,Economics,Low,63.3,6,22.1
34585,East Asia,English,Low,63.3,16,21.2
35061,Africa,History,Low,63.3,16,23.2
35636,Europe,Mathematics,Low,63.3,14,10.6
35817,South Asia,Mathematics,Low,63.3,21,7.4
37468,South America,Computer Science,Low,63.3,9,29.5
39981,Europe,History,Low,63.3,20,16.1
4,South Asia,Economics,Low,63.4,12,27.1
1588,North America,Computer Science,Low,63.4,17,7.0
2238,Europe,Science,Low,63.4,16,21.7
2383,South America,Economics,Low,63.4,18,21.3
3250,South Asia,Economics,Low,63.4,20,17.3
4586,East Asia,Science,Low,63.4,15,19.4
5322,South America,Computer Science,Low,63.4,15,22.9
5408,Africa,History,Low,63.4,10,15.4
6244,Europe,English,Low,63.4,13,18.1
6990,North America,Mathematics,Low,63.4,17,18.7
7423,Europe,English,Low,63.4,26,0.0
7809,North America,Economics,Low,63.4,13,26.9
10032,Europe,History,Low,63.4,13,17.5
10243,East Asia,History,Low,63.4,11,13.7
11692,South America,Science,Low,63.4,23,5.1
12794,Africa,Computer Science,Low,63.4,16,18.7
13240,Europe,History,Low,63.4,16,23.9
13485,Europe,Computer Science,Low,63.4,12,12.2
13519,South America,History,Low,63.4,7,16.9
13520,Europe,Mathematics,Low,63.4,9,29.8
13629,Africa,Science,Low,63.4,11,5.9
15534,Africa,Science,Low,63.4,8,31.1
16490,South America,English,Low,63.4,17,11.8
16856,Europe,Economics,Low,63.4,19,14.2
17144,South America,Mathematics,Low,63.4,10,27.0
17261,Europe,Economics,Low,63.4,11,19.9
17730,North America,Economics,Low,63.4,19,15.3
17979,North America,Science,Low,63.4,21,5.2
18587,North America,English,Low,63.4,5,13.5
18957,East Asia,History,Low,63.4,8,11.9
19320,South Asia,Computer Science,Low,63.4,27,9.2
19632,Europe,Computer Science,Low,63.4,27,4.6
20426,North America,History,Low,63.4,8,19.6
21987,East Asia,Science,Low,63.4,14,21.4
22012,North America,Computer Science,Low,63.4,17,22.5
22960,South America,History,Low,63.4,6,33.4
24645,North America,Computer Science,Low,63.4,4,12.7
24769,Europe,Mathematics,Low,63.4,11,17.2
26374,Europe,Mathematics,Low,63.4,14,20.5
26759,South Asia,English,Low,63.4,13,22.7
27030,Europe,English,Low,63.4,16,21.7
28448,South America,Science,Low,63.4,15,21.8
29487,Europe,English,Low,63.4,8,7.2
30240,South Asia,Mathematics,Low,63.4,15,21.0
30312,Africa,Computer Science,Low,63.4,13,6.9
30564,North America,Mathematics,Low,63.4,14,19.3
32221,East Asia,Mathematics,Low,63.4,14,14.3
35797,Europe,Mathematics,Low,63.4,19,19.3
36015,Europe,Mathematics,Low,63.4,10,20.9
36066,Europe,History,Low,63.4,11,19.2
36315,Europe,Mathematics,Low,63.4,10,22.1
36960,North America,Economics,Low,63.4,16,15.5
37262,Europe,Mathematics,Low,63.4,10,29.5
37604,North America,English,Low,63.4,9,23.0
38164,Europe,Mathematics,Low,63.4,9,17.1
38341,Europe,History,Low,63.4,11,29.9
38641,Africa,History,Low,63.4,13,14.9
39205,South Asia,English,Low,63.4,19,18.5
39578,Africa,English,Low,63.4,13,24.0
645,Africa,History,Low,63.5,14,26.2
830,North America,Science,Low,63.5,16,23.3
1403,Europe,Economics,Low,63.5,18,22.5
2017,South Asia,Mathematics,Low,63.5,15,17.2
2171,North America,Mathematics,Low,63.5,5,28.2
3706,East Asia,Mathematics,Low,63.5,25,2.6
4337,Africa,Science,Low,63.5,18,18.1
4574,South America,Computer Science,Low,63.5,5,32.0
4796,Europe,Computer Science,Low,63.5,15,24.2
5116,Europe,Economics,Low,63.5,14,21.8
5118,South Asia,English,Low,63.5,11,11.4
6263,Europe,Economics,Low,63.5,16,22.1
8413,Europe,History,Low,63.5,11,4.6
8783,North America,History,Low,63.5,6,28.3
9360,South America,Economics,Low,63.5,5,15.0
9565,South America,History,Low,63.5,5,24.5
10684,North America,Science,Low,63.5,10,26.3
11295,Africa,Economics,Low,63.5,8,17.9
11831,East Asia,Mathematics,Low,63.5,19,17.0
12288,East Asia,English,Low,63.5,12,13.3
13247,North America,History,Low,63.5,17,7.1
17456,South Asia,Science,Low,63.5,10,28.1
19358,South Asia,Computer Science,Low,63.5,17,7.7
19380,North America,Computer Science,Low,63.5,8,12.8
20015,Europe,Science,Low,63.5,8,32.9
20566,South Asia,Economics,Low,63.5,12,27.8
20600,South America,Science,Low,63.5,20,15.5
21291,Europe,Computer Science,Low,63.5,22,17.1
21510,East Asia,Mathematics,Low,63.5,13,21.4
22155,South America,English,Low,63.5,17,16.4
23595,North America,History,Low,63.5,15,20.5
24076,East Asia,Science,Low,63.5,13,18.6
25077,Europe,History,Low,63.5,13,28.2
25821,Europe,Computer Science,Low,63.5,18,13.0
27116,South America,Computer Science,Low,63.5,16,12.1
27253,South America,Science,Low,63.5,9,6.4
28148,East Asia,History,Low,63.5,14,5.0
28985,South Asia,Science,Low,63.5,11,3.5
29916,Europe,Science,Low,63.5,15,18.0
31399,North America,Science,Low,63.5,11,29.9
32817,East Asia,Mathematics,Low,63.5,6,28.1
33033,East Asia,Science,Low,63.5,12,4.3
33548,North America,Mathematics,Low,63.5,14,21.2
34074,South America,Science,Low,63.5,8,16.3
34570,South America,Computer Science,Low,63.5,14,19.7
34767,Europe,Mathematics,Low,63.5,22,15.5
34871,South America,Economics,Low,63.5,19,17.3
37926,Africa,Computer Science,Low,63.5,14,11.4
38429,East Asia,Economics,Low,63.5,10,28.6
38667,Europe,History,Low,63.5,8,32.2
39822,North America,Science,Low,63.5,8,14.0
1192,Europe,History,Low,63.6,3,20.4
1905,Europe,Computer Science,Low,63.6,17,0.0
3105,Africa,Science,Low,63.6,14,20.5
3647,East Asia,Mathematics,Low,63.6,14,23.8
5223,South America,Science,Low,63.6,16,8.8
6892,South Asia,English,Low,63.6,14,6.3
7515,Europe,English,Low,63.6,8,23.7
8399,South America,Computer Science,Low,63.6,5,29.1
8456,Europe,English,Low,63.6,29,4.0
9583,Africa,Economics,Low,63.6,12,24.8
10050,East Asia,Computer Science,Low,63.6,9,12.3
10419,Africa,English,Low,63.6,17,23.3
10918,Europe,History,Low,63.6,11,18.2
12177,South America,Economics,Low,63.6,10,28.8
12894,Africa,Economics,Low,63.6,14,26.8
13518,South Asia,Computer Science,Low,63.6,12,25.5
15632,Europe,Mathematics,Low,63.6,9,17.2
16792,East Asia,History,Low,63.6,8,15.3
17597,Europe,Science,Low,63.6,19,19.3
18391,Europe,Science,Low,63.6,14,19.3
20260,South Asia,Computer Science,Low,63.6,11,20.1
21231,North America,History,Low,63.6,10,24.8
22281,Africa,Economics,Low,63.6,12,18.4
22472,East Asia,English,Low,63.6,16,17.3
23397,South Asia,History,Low,63.6,15,25.4
24426,Africa,History,Low,63.6,19,18.0
26310,South America,Mathematics,Low,63.6,7,18.2
26586,East Asia,English,Low,63.6,9,3.8
27648,South America,History,Low,63.6,19,17.8
29060,North America,English,Low,63.6,3,29.3
29513,North America,History,Low,63.6,14,22.7
29599,South America,Economics,Low,63.6,12,20.2
30586,Africa,Economics,Low,63.6,9,25.1
30780,North America,History,Low,63.6,17,17.5
31537,South America,English,Low,63.6,9,14.9
34134,Europe,History,Low,63.6,18,9.8
34455,North America,History,Low,63.6,17,18.5
35586,Europe,English,Low,63.6,22,11.4
35804,South Asia,Economics,Low,63.6,11,21.1
35858,East Asia,Science,Low,63.6,16,12.3
37298,North America,Science,Low,63.6,13,15.2
37828,Africa,Computer Science,Low,63.6,5,29.6
38438,South America,Mathematics,Low,63.6,15,21.2
38969,East Asia,Science,Low,63.6,13,19.4
39613,East Asia,Economics,Low,63.6,9,27.6
39798,North America,Science,Low,63.6,9,30.6
2522,North America,History,Low,63.7,25,12.8
3598,East Asia,Mathematics,Low,63.7,15,20.2
4363,South Asia,Mathematics,Low,63.7,3,17.5
6530,South Asia,Science,Low,63.7,16,23.5
6677,Africa,English,Low,63.7,30,7.2
8479,East Asia,Mathematics,Low,63.7,7,1.4
8924,South Asia,Mathematics,Low,63.7,10,17.0
9385,South Asia,Economics,Low,63.7,13,3.9
10005,Europe,English,Low,63.7,16,20.0
11387,East Asia,Mathematics,Low,63.7,7,11.0
11705,North America,Economics,Low,63.7,14,25.0
11729,South America,English,Low,63.7,9,22.3
11750,North America,English,Low,63.7,15,9.0
12292,East Asia,English,Low,63.7,17,16.4
13365,South Asia,Mathematics,Low,63.7,13,12.7
14707,Africa,Mathematics,Low,63.7,26,8.2
15707,South America,History,Low,63.7,24,14.1
17019,East Asia,History,Low,63.7,9,13.7
17168,North America,English,Low,63.7,19,5.9
17634,South America,Science,Low,63.7,25,13.5
18415,South America,History,Low,63.7,9,19.5
18622,Europe,Computer Science,Low,63.7,16,20.7
18894,East Asia,History,Low,63.7,15,13.7
19731,South America,Computer Science,Low,63.7,10,29.4
20191,Europe,Economics,Low,63.7,16,21.6
22799,South Asia,Mathematics,Low,63.7,13,17.2
23690,South Asia,Science,Low,63.7,9,32.2
24968,Africa,Science,Low,63.7,15,20.6
26024,East Asia,English,Low,63.7,12,26.1
26091,Europe,English,Low,63.7,11,5.4
28228,Europe,History,Low,63.7,11,23.0
28802,North America,Mathematics,Low,63.7,27,10.8
30504,North America,History,Low,63.7,8,11.7
31607,East Asia,Economics,Low,63.7,16,24.4
32100,Africa,History,Low,63.7,5,31.0
32561,South Asia,History,Low,63.7,6,17.9
32680,North America,History,Low,63.7,12,28.3
34541,Europe,Computer Science,Low,63.7,8,18.6
36415,South America,Mathematics,Low,63.7,9,27.5
37307,Europe,History,Low,63.7,17,23.6
37510,North America,Computer Science,Low,63.7,18,21.4
38338,South America,Mathematics,Low,63.7,17,19.9
39558,North America,Mathematics,Low,63.7,5,25.2
39963,South America,English,Low,63.7,8,13.9
384,Europe,Computer Science,Low,63.8,15,3.9
681,Africa,History,Low,63.8,17,13.2
808,North America,Science,Low,63.8,7,34.0
1011,Europe,History,Low,63.8,11,21.5
1308,Europe,History,Low,63.8,24,7.8
2510,North America,History,Low,63.8,13,16.8
2540,South Asia,Science,Low,63.8,7,15.7
3165,North America,Mathematics,Low,63.8,9,25.4
3643,South America,English,Low,63.8,5,16.0
5157,South America,Science,Low,63.8,12,17.7
5460,South America,Computer Science,Low,63.8,18,0.0
6116,North America,English,Low,63.8,18,18.1
7411,North America,English,Low,63.8,10,23.1
7972,North America,English,Low,63.8,9,19.5
8427,Europe,Mathematics,Low,63.8,13,25.6
10425,North America,Science,Low,63.8,12,18.0
11559,South America,Computer Science,Low,63.8,13,20.6
11959,North America,History,Low,63.8,15,0.8
12540,North America,Mathematics,Low,63.8,13,21.5
12746,South America,Computer Science,Low,63.8,17,20.8
13488,North America,History,Low,63.8,6,25.4
13635,East Asia,Economics,Low,63.8,3,39.1
14988,North America,English,Low,63.8,17,19.9
17723,Africa,Science,Low,63.8,10,23.7
17791,East Asia,Science,Low,63.8,5,20.6
18146,East Asia,Economics,Low,63.8,5,34.4
18409,North America,History,Low,63.8,15,6.4
18436,South America,Mathematics,Low,63.8,14,25.4
18640,North America,Science,Low,63.8,13,24.4
19465,Africa,History,Low,63.8,17,19.6
19903,East Asia,English,Low,63.8,9,27.2
19929,East Asia,Economics,Low,63.8,12,29.3
20127,South Asia,History,Low,63.8,10,26.3
20501,North America,Computer Science,Low,63.8,9,15.3
21177,East Asia,Science,Low,63.8,10,21.7
21883,Europe,Computer Science,Low,63.8,10,19.7
22722,Africa,Mathematics,Low,63.8,21,13.1
23212,North America,History,Low,63.8,15,21.4
24118,South Asia,English,Low,63.8,12,25.2
24198,South America,Mathematics,Low,63.8,11,0.8
24557,South Asia,Computer Science,Low,63.8,14,17.3
24757,Europe,Science,Low,63.8,14,15.3
24804,Africa,History,Low,63.8,11,21.1
25957,North America,Science,Low,63.8,17,21.8
26875,South America,Science,Low,63.8,10,22.7
26908,East Asia,Mathematics,Low,63.8,17,6.7
29047,East Asia,Computer Science,Low,63.8,8,26.0
29152,Europe,History,Low,63.8,18,8.2
29315,South America,Science,Low,63.8,11,17.8
30825,North America,English,Low,63.8,13,16.1
31492,Europe,English,Low,63.8,16,21.5
31760,Africa,Computer Science,Low,63.8,15,18.4
31770,Africa,History,Low,63.8,7,24.4
32497,East Asia,Science,Low,63.8,7,31.9
32635,East Asia,Science,Low,63.8,8,12.5
33236,South America,Science,Low,63.8,19,18.0
33838,North America,Computer Science,Low,63.8,10,10.4
35611,South Asia,Economics,Low,63.8,10,31.0
37454,Africa,Science,Low,63.8,7,17.1
38472,North America,Mathematics,Low,63.8,12,20.1
38873,East Asia,History,Low,63.8,14,13.1
39609,Africa,Computer Science,Low,63.8,15,13.6
39630,Africa,English,Low,63.8,23,15.9
39675,Europe,Science,Low,63.8,6,18.5
2425,South Asia,Economics,Low,63.9,12,27.7
3827,South Asia,History,Low,63.9,11,23.0
3851,Africa,Computer Science,Low,63.9,7,25.5
4308,Africa,Economics,Low,63.9,17,20.6
4411,North America,Mathematics,Low,63.9,12,21.1
7268,South Asia,Science,Low,63.9,16,20.6
7953,South America,English,Low,63.9,16,22.8
7961,South Asia,Computer Science,Low,63.9,14,26.0
8062,East Asia,History,Low,63.9,16,8.6
10610,North America,Mathematics,Low,63.9,16,24.1
11942,South Asia,Science,Low,63.9,16,15.4
12537,South Asia,Computer Science,Low,63.9,20,14.3
16067,Africa,Computer Science,Low,63.9,10,25.8
16679,South Asia,Economics,Low,63.9,7,15.5
17831,South America,Economics,Low,63.9,21,17.4
17872,South America,History,Low,63.9,7,23.0
18701,North America,Economics,Low,63.9,25,12.5
20223,South Asia,English,Low,63.9,21,12.0
20614,East Asia,Economics,Low,63.9,7,14.3
20774,East Asia,Economics,Low,63.9,14,13.1
21074,Africa,Science,Low,63.9,8,18.2
21822,Africa,History,Low,63.9,9,22.5
22130,Europe,Science,Low,63.9,19,20.8
22828,East Asia,Mathematics,Low,63.9,9,31.7
23097,South Asia,Economics,Low,63.9,11,1.6
25376,Europe,Economics,Low,63.9,12,23.3
25521,South Asia,English,Low,63.9,7,34.4
27331,East Asia,Science,Low,63.9,25,11.0
27982,Africa,History,Low,63.9,11,24.9
30731,Europe,English,Low,63.9,14,8.2
32891,South Asia,English,Low,63.9,13,6.4
33958,South America,Science,Low,63.9,12,28.5
33963,Europe,Computer Science,Low,63.9,25,14.9
34142,South America,Computer Science,Low,63.9,9,24.1
34383,Europe,History,Low,63.9,16,21.7
35342,East Asia,Mathematics,Low,63.9,13,21.5
35714,Africa,Economics,Low,63.9,14,15.5
35898,Europe,Science,Low,63.9,18,22.4
36266,Europe,Computer Science,Low,63.9,6,17.1
36555,Europe,Computer Science,Low,63.9,15,14.7
36870,South America,Computer Science,Low,63.9,12,27.6
32,Europe,Science,Low,64.0,7,21.0
652,East Asia,Computer Science,Low,64.0,9,5.2
1219,Africa,Economics,Low,64.0,13,26.8
1352,South Asia,Computer Science,Low,64.0,11,28.3
2507,South Asia,Mathematics,Low,64.0,10,27.1
2645,South Asia,Science,Low,64.0,12,14.8
4833,South Asia,Computer Science,Low,64.0,7,13.0
5492,Africa,History,Low,64.0,11,29.6
6779,North America,Economics,Low,64.0,7,22.4
7034,East Asia,English,Low,64.0,15,25.7
7508,Africa,English,Low,64.0,16,9.4
8345,Europe,Computer Science,Low,64.0,9,12.7
8635,Africa,History,Low,64.0,10,26.3
10941,South Asia,Science,Low,64.0,14,17.9
11076,East Asia,Science,Low,64.0,8,23.1
11142,North America,Computer Science,Low,64.0,17,9.0
11696,Europe,Computer Science,Low,64.0,12,16.4
11746,North America,Science,Low,64.0,20,14.1
12487,Europe,Science,Low,64.0,5,34.7
13648,North America,Computer Science,Low,64.0,14,13.1
13914,Europe,Computer Science,Low,64.0,7,10.9
16458,South America,English,Low,64.0,10,22.2
16806,East Asia,Computer Science,Low,64.0,11,19.2
17180,East Asia,Economics,Low,64.0,8,23.8
19038,Europe,Mathematics,Low,64.0,9,28.8
19574,Europe,Computer Science,Low,64.0,15,25.7
20399,North America,Mathematics,Low,64.0,18,16.7
21664,North America,Mathematics,Low,64.0,4,5.4
22199,South America,Economics,Low,64.0,12,15.7
22724,South Asia,Computer Science,Low,64.0,23,14.9
23072,Europe,Science,Low,64.0,12,26.6
23246,South Asia,Science,Low,64.0,12,22.7
23337,Europe,Computer Science,Low,64.0,10,16.9
23713,Africa,Mathematics,Low,64.0,14,7.7
24292,North America,Science,Low,64.0,16,24.3
24468,North America,Mathematics,Low,64.0,18,19.2
25549,Europe,English,Low,64.0,9,29.2
26097,Africa,Mathematics,Low,64.0,16,11.1
27269,South Asia,Mathematics,Low,64.0,5,10.7
27365,North America,Economics,Low,64.0,12,19.7
28170,Africa,Mathematics,Low,64.0,20,17.6
30398,North America,Economics,Low,64.0,13,21.8
31496,Africa,Computer Science,Low,64.0,12,11.7
32177,North America,English,Low,64.0,15,0.5
32637,North America,Science,Low,64.0,4,0.0
33296,Europe,Science,Low,64.0,9,0.0
33613,Europe,English,Low,64.0,10,30.1
33946,South America,History,Low,64.0,13,8.5
34303,East Asia,Mathematics,Low,64.0,15,24.4
34355,South Asia,History,Low,64.0,10,15.6
35049,Africa,English,Low,64.0,15,23.4
35320,North America,History,Low,64.0,8,9.5
35902,South America,Computer Science,Low,64.0,24,15.8
36546,North America,History,Low,64.0,13,8.4
37550,East Asia,Science,Low,64.0,13,8.2
37734,North America,English,Low,64.0,9,23.2
38081,South America,History,Low,64.0,3,25.6
38305,East Asia,Mathematics,Low,64.0,23,15.4
39389,South Asia,History,Low,64.0,12,18.7
2327,South Asia,Computer Science,Low,64.1,11,25.3
2480,North America,Economics,Low,64.1,14,3.5
3219,South America,Economics,Low,64.1,20,15.5
3890,Africa,Science,Low,64.1,10,30.3
5436,South America,English,Low,64.1,6,24.2
5889,East Asia,English,Low,64.1,11,0.0
7163,East Asia,History,Low,64.1,18,21.4
7912,East Asia,Science,Low,64.1,7,14.4
9376,South Asia,Science,Low,64.1,13,14.9
11240,North America,Science,Low,64.1,12,17.0
11269,South America,Mathematics,Low,64.1,14,18.9
12184,North America,Economics,Low,64.1,6,12.8
13426,Europe,History,Low,64.1,11,29.4
13675,Europe,English,Low,64.1,10,28.3
14322,East Asia,Mathematics,Low,64.1,9,26.6
14596,North America,Mathematics,Low,64.1,15,13.9
15537,Europe,Economics,Low,64.1,5,29.6
17062,East Asia,Economics,Low,64.1,8,27.3
19564,East Asia,English,Low,64.1,7,17.4
19814,East Asia,Economics,Low,64.1,10,5.3
20860,East Asia,English,Low,64.1,25,11.2
20990,South America,English,Low,64.1,14,14.2
22002,Africa,Economics,Low,64.1,17,30.4
22743,Africa,Economics,Low,64.1,11,27.7
23188,Africa,Economics,Low,64.1,17,20.0
23323,North America,English,Low,64.1,10,17.2
24241,East Asia,Economics,Low,64.1,11,28.3
25485,Europe,Science,Low,64.1,19,0.0
25873,South Asia,English,Low,64.1,16,22.7
26100,North America,History,Low,64.1,7,13.0
26205,South America,English,Low,64.1,13,22.2
26332,East Asia,Science,Low,64.1,20,14.6
26848,East Asia,Economics,Low,64.1,10,16.5
27349,Europe,Science,Low,64.1,8,17.4
28225,East Asia,Mathematics,Low,64.1,13,25.7
29041,South America,English,Low,64.1,12,23.1
31882,South Asia,History,Low,64.1,16,21.4
33988,Africa,Computer Science,Low,64.1,10,29.4
34856,North America,Economics,Low,64.1,18,13.5
35136,South Asia,Economics,Low,64.1,14,24.4
36024,South America,Science,Low,64.1,10,15.6
36118,South America,Computer Science,Low,64.1,8,20.3
36456,South Asia,English,Low,64.1,13,25.3
37402,East Asia,English,Low,64.1,9,27.3
39303,South America,Science,Low,64.1,15,16.6
497,North America,Economics,Low,64.2,5,36.8
1125,South America,History,Low,64.2,8,15.6
1338,Europe,Science,Low,64.2,9,8.0
2687,Europe,Science,Low,64.2,16,22.5
2862,South America,Computer Science,Low,64.2,20,12.7
2895,Europe,Mathematics,Low,64.2,7,3.8
2932,Africa,Science,Low,64.2,16,24.8
3069,North America,Economics,Low,64.2,9,24.0
3485,South Asia,Economics,Low,64.2,6,35.3
3495,South America,Economics,Low,64.2,6,30.4
5177,Europe,Mathematics,Low,64.2,21,17.6
7813,North America,Computer Science,Low,64.2,10,14.3
7971,Europe,Economics,Low,64.2,12,21.1
8175,North America,Mathematics,Low,64.2,8,27.9
8761,South America,Computer Science,Low,64.2,15,15.0
9140,East Asia,Computer Science,Low,64.2,11,10.7
9347,South America,Computer Science,Low,64.2,15,23.9
10224,East Asia,Science,Low,64.2,13,15.1
10511,East Asia,Mathematics,Low,64.2,11,20.9
12545,East Asia,Economics,Low,64.2,15,23.0
12738,East Asia,Mathematics,Low,64.2,6,19.9
13404,East Asia,Science,Low,64.2,2,20.7
18878,East Asia,Economics,Low,64.2,4,29.9
20014,South Asia,Science,Low,64.2,7,28.8
20826,North America,Mathematics,Low,64.2,20,13.3
21907,East Asia,Computer Science,Low,64.2,5,23.9
23242,Africa,Mathematics,Low,64.2,14,26.1
25301,Europe,Science,Low,64.2,16,24.8
27771,North America,English,Low,64.2,8,15.4
28288,Africa,History,Low,64.2,21,16.6
29851,North America,Economics,Low,64.2,6,31.0
30286,North America,Economics,Low,64.2,15,26.0
31784,East Asia,Computer Science,Low,64.2,9,20.6
31785,South America,English,Low,64.2,17,17.3
31837,South America,Mathematics,Low,64.2,23,1.7
32673,South America,Mathematics,Low,64.2,17,16.9
33749,South Asia,Computer Science,Low,64.2,25,12.4
33890,South America,History,Low,64.2,10,20.7
34530,Africa,English,Low,64.2,13,16.1
35452,Africa,Computer Science,Low,64.2,11,26.8
35712,Europe,Economics,Low,64.2,8,22.5
36615,Europe,History,Low,64.2,11,20.3
36674,Europe,Computer Science,Low,64.2,11,28.1
36942,South Asia,English,Low,64.2,17,9.1
37080,Europe,Computer Science,Low,64.2,7,27.8
38092,South America,Science,Low,64.2,18,13.5
38207,North America,Economics,Low,64.2,18,21.2
38343,Europe,Economics,Low,64.2,15,11.8
38649,Europe,Economics,Low,64.2,18,20.6
38698,Africa,Computer Science,Low,64.2,12,23.5
39483,Africa,Science,Low,64.2,12,18.7
2201,South Asia,Computer Science,Low,64.3,12,24.6
4010,North America,Computer Science,Low,64.3,10,16.9
4890,South Asia,English,Low,64.3,8,33.3
5510,South America,Science,Low,64.3,16,12.3
6257,East Asia,Computer Science,Low,64.3,14,15.9
7876,East Asia,Science,Low,64.3,16,22.9
9615,Africa,Science,Low,64.3,15,18.2
9941,East Asia,English,Low,64.3,13,25.6
10016,East Asia,Economics,Low,64.3,10,21.1
10603,North America,English,Low,64.3,15,25.5
10744,South America,Mathematics,Low,64.3,14,25.4
11995,South America,Science,Low,64.3,6,29.4
12553,East Asia,Science,Low,64.3,22,18.1
13141,Europe,Mathematics,Low,64.3,15,20.1
13490,North America,History,Low,64.3,9,7.5
13934,East Asia,English,Low,64.3,13,22.2
15149,North America,Computer Science,Low,64.3,6,8.7
15938,North America,English,Low,64.3,12,25.1
16362,Europe,History,Low,64.3,20,16.2
16850,South Asia,English,Low,64.3,17,13.8
16902,South America,English,Low,64.3,12,17.3
17801,North America,Science,Low,64.3,15,17.7
20967,South America,History,Low,64.3,19,11.1
21029,South Asia,Computer Science,Low,64.3,12,26.9
21375,Africa,Science,Low,64.3,9,15.0
22207,South America,Science,Low,64.3,7,12.9
23415,East Asia,Science,Low,64.3,4,20.5
23826,South America,Computer Science,Low,64.3,4,11.7
25658,Africa,English,Low,64.3,14,11.4
26031,Africa,Computer Science,Low,64.3,10,22.5
26349,East Asia,History,Low,64.3,9,12.7
27061,North America,Mathematics,Low,64.3,9,11.1
29500,South America,Science,Low,64.3,9,20.4
30512,North America,History,Low,64.3,4,13.5
30573,South Asia,Science,Low,64.3,16,17.2
31310,North America,History,Low,64.3,9,29.0
31997,Europe,Computer Science,Low,64.3,10,31.4
32774,Europe,English,Low,64.3,7,19.3
33792,Africa,English,Low,64.3,16,14.2
34249,Europe,Computer Science,Low,64.3,7,0.0
35216,North America,Computer Science,Low,64.3,8,16.0
36047,South America,History,Low,64.3,11,27.4
36896,North America,Economics,Low,64.3,8,25.1
37054,North America,Mathematics,Low,64.3,9,6.2
38599,Europe,Computer Science,Low,64.3,15,19.5
39597,South Asia,Economics,Low,64.3,16,22.4
85,East Asia,History,Low,64.4,7,31.0
1372,South Asia,English,Low,64.4,12,15.1
4941,Africa,Computer Science,Low,64.4,10,18.7
5034,North America,History,Low,64.4,18,16.7
5131,Europe,Economics,Low,64.4,19,20.1
5327,East Asia,Economics,Low,64.4,6,12.3
5963,Africa,History,Low,64.4,10,16.0
6347,East Asia,History,Low,64.4,9,31.7
6492,East Asia,Economics,Low,64.4,11,12.1
6854,North America,Mathematics,Low,64.4,13,26.2
8640,South Asia,Science,Low,64.4,23,14.8
10117,South America,English,Low,64.4,12,28.0
10240,East Asia,Science,Low,64.4,3,29.9
10291,Europe,Computer Science,Low,64.4,13,16.2
10598,Europe,Mathematics,Low,64.4,10,23.3
12516,North America,Mathematics,Low,64.4,15,22.4
12824,Africa,Science,Low,64.4,6,23.2
13500,Africa,Mathematics,Low,64.4,11,18.3
13913,Europe,Computer Science,Low,64.4,7,24.9
15548,South America,Mathematics,Low,64.4,19,17.2
17630,South America,History,Low,64.4,10,7.9
19076,Europe,Mathematics,Low,64.4,20,17.6
20433,North America,Mathematics,Low,64.4,9,18.7
20553,North America,Economics,Low,64.4,24,12.6
20905,Europe,Science,Low,64.4,18,22.1
21148,South Asia,English,Low,64.4,7,25.5
21171,Europe,Economics,Low,64.4,6,5.5
21365,East Asia,History,Low,64.4,20,14.9
21657,South America,Science,Low,64.4,25,13.8
23098,Europe,Mathematics,Low,64.4,9,22.3
23963,Europe,History,Low,64.4,15,21.5
24894,Africa,Mathematics,Low,64.4,11,20.6
24921,North America,English,Low,64.4,28,9.7
26073,South America,Economics,Low,64.4,25,13.4
28161,East Asia,Mathematics,Low,64.4,24,9.6
28535,Europe,English,Low,64.4,13,25.0
28656,Europe,Science,Low,64.4,15,16.4
28662,Europe,Economics,Low,64.4,17,16.0
29893,Europe,Science,Low,64.4,15,15.5
30578,Africa,Science,Low,64.4,20,17.2
32783,North America,Science,Low,64.4,18,12.3
33409,South America,Economics,Low,64.4,9,28.6
35148,Africa,History,Low,64.4,9,22.2
36445,Africa,History,Low,64.4,7,26.6
36450,South Asia,English,Low,64.4,4,16.6
36666,South Asia,Computer Science,Low,64.4,15,11.0
37380,North America,Science,Low,64.4,9,13.7
37970,Africa,Mathematics,Low,64.4,18,15.7
38215,South America,Computer Science,Low,64.4,15,20.9
39593,Europe,English,Low,64.4,9,27.8
39890,North America,Mathematics,Low,64.4,6,35.1
2624,South America,Economics,Low,64.5,9,19.1
2728,North America,History,Low,64.5,17,23.4
2874,Europe,English,Low,64.5,15,21.9
2946,North America,Economics,Low,64.5,10,28.2
3277,North America,Science,Low,64.5,14,26.6
3822,North America,History,Low,64.5,14,22.8
4046,North America,Economics,Low,64.5,13,7.5
5879,East Asia,Science,Low,64.5,9,29.5
6309,South Asia,History,Low,64.5,8,26.2
6458,East Asia,Economics,Low,64.5,13,11.4
8583,Europe,History,Low,64.5,14,23.1
9073,North America,English,Low,64.5,21,7.4
9533,East Asia,Mathematics,Low,64.5,12,17.2
10607,East Asia,Economics,Low,64.5,8,29.9
10637,North America,History,Low,64.5,21,14.1
11048,Africa,History,Low,64.5,4,24.2
11709,South Asia,Computer Science,Low,64.5,11,25.8
12222,North America,Science,Low,64.5,10,18.6
12432,North America,Science,Low,64.5,7,17.1
13561,Europe,Computer Science,Low,64.5,9,11.6
14290,South America,Economics,Low,64.5,12,29.2
15624,East Asia,Science,Low,64.5,8,0.0
15962,South Asia,Mathematics,Low,64.5,4,36.1
16632,East Asia,Mathematics,Low,64.5,11,22.8
17064,North America,History,Low,64.5,7,22.4
17123,South Asia,History,Low,64.5,14,22.3
20797,East Asia,English,Low,64.5,19,5.8
20933,North America,Economics,Low,64.5,24,15.6
22655,South Asia,Science,Low,64.5,16,18.9
22948,North America,Economics,Low,64.5,8,19.0
23896,South Asia,English,Low,64.5,18,22.2
24415,North America,Computer Science,Low,64.5,9,27.9
25451,South America,Science,Low,64.5,10,30.4
25661,South Asia,English,Low,64.5,13,26.7
26008,South Asia,English,Low,64.5,12,8.1
26596,Europe,Science,Low,64.5,18,10.6
26714,Europe,Economics,Low,64.5,15,18.6
28932,East Asia,Science,Low,64.5,15,24.3
30242,Europe,English,Low,64.5,8,6.3
30925,Africa,English,Low,64.5,12,28.1
31890,Europe,Economics,Low,64.5,13,19.7
32480,South America,English,Low,64.5,17,22.1
34289,Africa,History,Low,64.5,15,20.0
34370,East Asia,Science,Low,64.5,17,17.7
34911,Europe,Computer Science,Low,64.5,20,17.5
36662,North America,Science,Low,64.5,23,13.8
36922,Europe,History,Low,64.5,10,24.6
38242,Europe,Science,Low,64.5,6,19.3
38948,North America,English,Low,64.5,20,11.9
39077,North America,Economics,Low,64.5,8,15.1
39160,Europe,History,Low,64.5,18,10.1
39560,Europe,History,Low,64.5,11,15.2
1221,East Asia,Computer Science,Low,64.6,9,22.9
1528,North America,Economics,Low,64.6,7,18.3
1653,North America,Computer Science,Low,64.6,12,27.1
2407,South Asia,Economics,Low,64.6,19,20.5
2969,Africa,Science,Low,64.6,7,15.9
3936,South America,Science,Low,64.6,10,0.0
4042,East Asia,Mathematics,Low,64.6,9,21.8
5059,Europe,History,Low,64.6,15,19.9
6418,North America,Economics,Low,64.6,10,5.5
6670,South Asia,Science,Low,64.6,14,15.6
6720,Africa,English,Low,64.6,16,17.7
6841,Europe,Mathematics,Low,64.6,12,15.5
7914,South America,English,Low,64.6,15,19.3
9697,South Asia,History,Low,64.6,9,14.4
9924,North America,English,Low,64.6,19,13.3
11738,North America,English,Low,64.6,9,0.0
12697,East Asia,Computer Science,Low,64.6,14,20.2
13061,Europe,Economics,Low,64.6,22,30.4
13501,Europe,History,Low,64.6,9,32.0
13525,East Asia,History,Low,64.6,12,21.9
13963,North America,Mathematics,Low,64.6,10,17.5
14030,Europe,Computer Science,Low,64.6,13,19.2
15327,Africa,Computer Science,Low,64.6,14,6.7
15452,South Asia,English,Low,64.6,12,28.2
15782,East Asia,English,Low,64.6,12,12.1
16482,North America,Mathematics,Low,64.6,16,13.8
18175,East Asia,Science,Low,64.6,10,12.6
18289,East Asia,Computer Science,Low,64.6,2,26.1
18389,Africa,Science,Low,64.6,13,18.8
19586,North America,English,Low,64.6,21,6.4
19735,Europe,Mathematics,Low,64.6,13,27.9
20323,North America,Economics,Low,64.6,19,3.0
21686,Europe,Computer Science,Low,64.6,10,0.0
21723,South Asia,English,Low,64.6,16,22.0
21903,South America,Science,Low,64.6,12,24.3
22331,South America,Economics,Low,64.6,19,9.6
22761,Europe,Science,Low,64.6,12,19.1
22932,Africa,Computer Science,Low,64.6,8,26.9
24828,South America,History,Low,64.6,7,18.4
26592,Europe,Computer Science,Low,64.6,11,28.0
26932,North America,Computer Science,Low,64.6,10,9.3
27255,East Asia,Computer Science,Low,64.6,11,14.1
28073,Africa,Mathematics,Low,64.6,16,23.1
28887,Africa,Mathematics,Low,64.6,10,27.6
29310,North America,History,Low,64.6,13,27.5
29403,North America,Mathematics,Low,64.6,21,18.1
30688,North America,Economics,Low,64.6,5,27.9
31256,East Asia,Mathematics,Low,64.6,12,25.9
32830,East Asia,English,Low,64.6,8,25.8
34566,South America,English,Low,64.6,24,15.8
34988,North America,Computer Science,Low,64.6,15,0.0
35835,Europe,Science,Low,64.6,14,16.9
36077,South Asia,Science,Low,64.6,13,17.6
36513,East Asia,English,Low,64.6,8,3.9
38918,Africa,Mathematics,Low,64.6,7,29.8
39550,North America,Economics,Low,64.6,12,27.5
39652,East Asia,English,Low,64.6,18,20.0
95,South America,Economics,Low,64.7,9,27.4
1015,East Asia,Mathematics,Low,64.7,10,27.5
1858,East Asia,English,Low,64.7,21,0.7
2011,South Asia,Science,Low,64.7,18,21.8
2513,South America,Computer Science,Low,64.7,16,24.6
3396,Africa,Science,Low,64.7,8,25.6
3808,North America,Economics,Low,64.7,9,21.5
4488,Europe,Science,Low,64.7,25,10.8
4554,East Asia,English,Low,64.7,18,14.9
4740,East Asia,Economics,Low,64.7,9,9.7
5392,North America,English,Low,64.7,11,16.3
6075,South America,Mathematics,Low,64.7,10,9.1
6684,Africa,Mathematics,Low,64.7,17,17.6
7364,Europe,Mathematics,Low,64.7,3,29.5
7373,East Asia,History,Low,64.7,10,19.7
7437,Africa,Computer Science,Low,64.7,13,24.6
7455,East Asia,Economics,Low,64.7,19,18.0
8285,Africa,Computer Science,Low,64.7,11,30.4
8333,Africa,Economics,Low,64.7,16,23.7
8881,South Asia,English,Low,64.7,14,22.9
11524,South America,Mathematics,Low,64.7,6,30.0
11936,Europe,English,Low,64.7,12,12.3
14507,South Asia,History,Low,64.7,6,8.9
14508,East Asia,Economics,Low,64.7,5,30.4
15062,North America,Computer Science,Low,64.7,13,17.8
17145,South America,History,Low,64.7,10,17.1
17997,North America,History,Low,64.7,21,17.3
18059,East Asia,Computer Science,Low,64.7,8,17.0
18254,Europe,English,Low,64.7,8,28.0
19705,East Asia,Science,Low,64.7,14,6.4
20364,East Asia,English,Low,64.7,20,0.0
21668,Africa,Computer Science,Low,64.7,8,24.9
21909,North America,Mathematics,Low,64.7,17,11.5
22026,Africa,Mathematics,Low,64.7,7,29.1
22190,North America,Economics,Low,64.7,14,26.8
22640,Europe,Mathematics,Low,64.7,11,20.2
23043,East Asia,Mathematics,Low,64.7,6,11.9
23493,South America,History,Low,64.7,6,12.0
24034,South America,Science,Low,64.7,8,25.2
24635,Africa,History,Low,64.7,11,25.7
24826,South America,Computer Science,Low,64.7,8,12.1
25664,East Asia,Economics,Low,64.7,19,10.1
25800,South Asia,Mathematics,Low,64.7,12,15.2
26125,Europe,History,Low,64.7,16,5.8
26646,Africa,English,Low,64.7,13,27.8
27430,East Asia,History,Low,64.7,9,26.8
27935,South Asia,Economics,Low,64.7,19,18.3
30106,East Asia,Mathematics,Low,64.7,19,15.6
30462,East Asia,English,Low,64.7,14,14.1
32615,East Asia,English,Low,64.7,11,3.9
33002,South America,English,Low,64.7,8,7.5
33072,North America,Mathematics,Low,64.7,3,26.7
33317,South America,Science,Low,64.7,20,10.4
36055,North America,Science,Low,64.7,5,23.7
36088,Europe,Economics,Low,64.7,16,15.7
37233,South Asia,Computer Science,Low,64.7,6,31.6
38256,Europe,English,Low,64.7,16,17.5
38501,South Asia,Computer Science,Low,64.7,6,22.5
660,Europe,Computer Science,Low,64.8,12,11.4
1129,East Asia,History,Low,64.8,11,14.3
1571,North America,Mathematics,Low,64.8,11,27.6
2162,Europe,English,Low,64.8,13,23.3
2539,East Asia,Economics,Low,64.8,19,20.8
2878,South America,Science,Low,64.8,13,27.9
4333,South America,Science,Low,64.8,9,32.4
6238,Europe,English,Low,64.8,11,30.1
6279,North America,Computer Science,Low,64.8,4,22.1
6622,South America,Mathematics,Low,64.8,12,22.8
7092,South Asia,Computer Science,Low,64.8,11,22.3
7320,North America,History,Low,64.8,11,25.6
8193,Europe,Computer Science,Low,64.8,14,0.0
8727,South America,Science,Low,64.8,12,23.9
8750,East Asia,Economics,Low,64.8,10,11.0
9184,South Asia,Mathematics,Low,64.8,5,17.5
9944,North America,Science,Low,64.8,10,19.5
10537,North America,Economics,Low,64.8,6,11.4
10613,North America,Computer Science,Low,64.8,12,17.5
10807,Africa,Science,Low,64.8,11,30.3
11191,Europe,Economics,Low,64.8,17,23.1
11498,South America,Science,Low,64.8,11,20.8
11784,East Asia,Science,Low,64.8,9,31.2
12207,Europe,Computer Science,Low,64.8,13,10.9
13351,North America,Computer Science,Low,64.8,16,15.9
13535,South Asia,Computer Science,Low,64.8,3,25.3
14042,South America,English,Low,64.8,7,33.8
14334,Africa,English,Low,64.8,16,20.2
14449,East Asia,Science,Low,64.8,17,23.6
15030,Africa,English,Low,64.8,15,22.7
15413,Europe,Science,Low,64.8,14,22.2
15979,South Asia,Economics,Low,64.8,19,16.8
16394,East Asia,Science,Low,64.8,10,3.5
16928,South America,History,Low,64.8,10,30.8
17466,South Asia,Mathematics,Low,64.8,16,20.6
19758,Europe,History,Low,64.8,16,18.7
19934,South Asia,English,Low,64.8,14,18.5
20299,Africa,Mathematics,Low,64.8,16,12.5
21062,Africa,Economics,Low,64.8,3,27.4
21194,Europe,English,Low,64.8,12,16.9
21485,East Asia,English,Low,64.8,15,13.4
21651,Europe,Science,Low,64.8,13,26.6
22043,South Asia,Science,Low,64.8,15,23.4
22082,South America,English,Low,64.8,10,27.2
25407,South Asia,Science,Low,64.8,14,26.9
25856,North America,Science,Low,64.8,16,15.6
26478,Europe,Economics,Low,64.8,17,18.6
27140,South America,Computer Science,Low,64.8,19,3.4
27483,East Asia,Mathematics,Low,64.8,13,6.6
29147,Europe,Computer Science,Low,64.8,18,21.0
29493,Africa,History,Low,64.8,17,14.7
29750,South Asia,History,Low,64.8,16,24.4
31276,Europe,English,Low,64.8,24,15.6
31694,Europe,English,Low,64.8,13,12.4
31803,East Asia,History,Low,64.8,5,33.8
33187,South America,English,Low,64.8,12,25.3
34033,Africa,English,Low,64.8,4,16.2
34136,Europe,Computer Science,Low,64.8,16,21.0
36698,North America,Computer Science,Low,64.8,19,0.0
38000,East Asia,Mathematics,Low,64.8,7,16.8
38712,North America,Computer Science,Low,64.8,16,15.9
383,South America,Computer Science,Low,64.9,9,8.1
1008,East Asia,Economics,Low,64.9,9,9.4
1851,North America,English,Low,64.9,15,21.3
2305,South America,Science,Low,64.9,7,14.3
2406,Africa,Computer Science,Low,64.9,7,18.6
3732,South America,Mathematics,Low,64.9,10,22.4
5694,Europe,Computer Science,Low,64.9,6,6.8
6214,Europe,Mathematics,Low,64.9,10,22.2
6295,North America,Mathematics,Low,64.9,11,29.3
7398,North America,History,Low,64.9,25,6.3
9364,North America,Computer Science,Low,64.9,17,20.0
9890,East Asia,English,Low,64.9,14,24.6
10065,North America,Mathematics,Low,64.9,15,21.5
10515,South Asia,English,Low,64.9,7,20.6
10860,East Asia,Science,Low,64.9,12,4.1
11592,East Asia,Computer Science,Low,64.9,8,22.2
12740,Africa,Mathematics,Low,64.9,13,26.2
13758,Africa,English,Low,64.9,11,16.7
15879,North America,English,Low,64.9,6,6.5
16686,Africa,English,Low,64.9,11,7.5
16691,Europe,Computer Science,Low,64.9,17,16.2
17873,South America,English,Low,64.9,22,8.5
18143,North America,Computer Science,Low,64.9,24,15.1
18930,South America,History,Low,64.9,6,10.2
19105,North America,Mathematics,Low,64.9,15,21.8
19355,Europe,Economics,Low,64.9,12,28.2
19854,East Asia,Mathematics,Low,64.9,15,19.7
19898,East Asia,Mathematics,Low,64.9,13,21.2
22492,South Asia,Economics,Low,64.9,19,12.4
22668,South Asia,History,Low,64.9,13,20.3
24438,South America,Computer Science,Low,64.9,13,12.3
25707,Europe,Mathematics,Low,64.9,13,19.4
27132,Africa,Computer Science,Low,64.9,13,27.9
27911,South Asia,Computer Science,Low,64.9,11,19.5
28709,North America,Computer Science,Low,64.9,10,26.3
28829,South America,History,Low,64.9,2,15.4
29823,South Asia,Mathematics,Low,64.9,24,13.5
29911,North America,English,Low,64.9,26,9.7
30155,Africa,Economics,Low,64.9,11,29.0
30937,North America,History,Low,64.9,7,32.6
31866,North America,Economics,Low,64.9,15,23.1
32620,South America,English,Low,64.9,4,23.4
32662,Europe,Computer Science,Low,64.9,10,8.7
35882,East Asia,English,Low,64.9,9,0.0
36046,Europe,History,Low,64.9,25,9.7
39151,North America,Computer Science,Low,64.9,8,30.2
842,East Asia,History,Low,65.0,7,25.3
2367,South Asia,Computer Science,Low,65.0,14,18.2
2896,East Asia,History,Low,65.0,13,16.3
2956,South America,Mathematics,Low,65.0,19,15.7
3658,South America,Computer Science,Low,65.0,5,29.6
4253,South America,Mathematics,Low,65.0,10,20.4
5565,North America,Science,Low,65.0,7,31.0
6141,Europe,Economics,Low,65.0,15,21.2
6517,Europe,English,Low,65.0,9,23.5
8404,Africa,History,Low,65.0,15,25.5
9434,South Asia,Computer Science,Low,65.0,18,20.7
9462,Europe,Economics,Low,65.0,19,19.0
11166,Europe,English,Low,65.0,22,6.6
12244,South Asia,English,Low,65.0,13,15.9
13550,East Asia,English,Low,65.0,26,13.3
14006,East Asia,English,Low,65.0,11,26.4
14771,Europe,Economics,Low,65.0,5,28.1
14818,East Asia,Science,Low,65.0,14,21.4
14979,North America,English,Low,65.0,7,18.7
19469,North America,English,Low,65.0,11,20.2
19668,Africa,Science,Low,65.0,26,12.1
19885,East Asia,Mathematics,Low,65.0,21,14.9
20286,Europe,English,Low,65.0,5,0.0
21306,Africa,History,Low,65.0,12,29.9
21407,South Asia,Computer Science,Low,65.0,9,25.8
21464,North America,English,Low,65.0,8,28.0
23045,South America,History,Low,65.0,24,14.6
26011,South America,Science,Low,65.0,4,28.5
26851,North America,English,Low,65.0,21,7.0
27019,Europe,English,Low,65.0,9,21.7
29679,North America,English,Low,65.0,16,8.1
33202,Europe,Science,Low,65.0,14,16.0
33336,East Asia,English,Low,65.0,19,20.2
35641,East Asia,History,Low,65.0,11,24.8
35751,East Asia,English,Low,65.0,12,8.4
37675,North America,English,Low,65.0,15,13.5
37718,Europe,Computer Science,Low,65.0,16,1.9
37944,North America,Economics,Low,65.0,15,14.3
39463,North America,Economics,Low,65.0,24,12.5
39480,Europe,Computer Science,Low,65.0,5,20.3
415,North America,Science,Low,65.1,12,22.6
2285,Africa,English,Low,65.1,8,18.4
4362,Africa,Economics,Low,65.1,25,2.8
5274,South Asia,English,Low,65.1,8,17.3
5874,Europe,English,Low,65.1,5,14.5
7905,East Asia,English,Low,65.1,7,30.3
8251,East Asia,Mathematics,Low,65.1,4,18.8
9798,South America,History,Low,65.1,21,9.1
9893,North America,History,Low,65.1,11,13.6
10484,Europe,History,Low,65.1,19,17.7
11598,East Asia,Science,Low,65.1,10,20.3
11757,North America,History,Low,65.1,10,27.8
12799,East Asia,Economics,Low,65.1,9,15.7
13002,South America,Computer Science,Low,65.1,15,16.9
13102,South America,English,Low,65.1,5,28.7
13748,South Asia,History,Low,65.1,8,27.5
13764,East Asia,Science,Low,65.1,14,14.6
14126,Europe,English,Low,65.1,7,1.0
16451,South Asia,Science,Low,65.1,21,5.1
16787,North America,Economics,Low,65.1,8,23.3
17471,North America,English,Low,65.1,10,26.4
17820,Europe,Mathematics,Low,65.1,16,20.4
17940,East Asia,Science,Low,65.1,10,19.0
19010,East Asia,Science,Low,65.1,16,24.4
19396,South Asia,Computer Science,Low,65.1,6,19.6
20825,North America,Economics,Low,65.1,20,16.1
20875,Europe,English,Low,65.1,7,30.0
21017,South Asia,Science,Low,65.1,14,13.4
21414,South America,English,Low,65.1,7,8.9
24897,East Asia,Economics,Low,65.1,12,27.2
25647,East Asia,Computer Science,Low,65.1,13,4.4
27012,East Asia,English,Low,65.1,16,18.3
27069,North America,History,Low,65.1,15,10.2
27578,North America,English,Low,65.1,20,19.7
27954,Europe,Computer Science,Low,65.1,2,18.2
28210,South America,English,Low,65.1,9,30.9
28459,Europe,Mathematics,Low,65.1,4,29.8
30253,South Asia,History,Low,65.1,14,18.4
30359,Europe,Computer Science,Low,65.1,15,14.8
30629,Europe,English,Low,65.1,11,22.4
31402,South America,History,Low,65.1,5,22.1
31923,South Asia,Science,Low,65.1,17,0.0
33410,South Asia,Mathematics,Low,65.1,15,15.6
33477,South America,History,Low,65.1,6,21.5
33869,North America,Economics,Low,65.1,5,11.3
34602,Europe,Computer Science,Low,65.1,8,26.7
37403,Europe,Computer Science,Low,65.1,15,13.8
37669,North America,Economics,Low,65.1,5,17.8
37731,Europe,Science,Low,65.1,14,11.5
38639,East Asia,Mathematics,Low,65.1,8,28.9
39370,South Asia,Economics,Low,65.1,23,10.7
39524,East Asia,English,Low,65.1,7,30.1
157,North America,History,Low,65.2,16,17.2
1930,South America,Computer Science,Low,65.2,9,26.3
2293,Europe,Computer Science,Low,65.2,9,22.4
3288,Europe,English,Low,65.2,10,10.5
3620,North America,English,Low,65.2,7,29.1
3946,Africa,English,Low,65.2,14,23.8
4118,North America,Computer Science,Low,65.2,5,7.1
4779,North America,History,Low,65.2,9,14.9
5388,South America,Mathematics,Low,65.2,18,20.3
7115,East Asia,History,Low,65.2,6,15.9
7766,Africa,Mathematics,Low,65.2,21,17.5
8068,East Asia,History,Low,65.2,15,26.0
8437,Europe,Economics,Low,65.2,10,29.4
8685,Africa,History,Low,65.2,12,28.8
8884,Europe,Science,Low,65.2,12,5.3
11105,Europe,Economics,Low,65.2,15,0.5
13083,Europe,Economics,Low,65.2,15,22.2
13770,South America,Science,Low,65.2,11,27.7
13777,Africa,Mathematics,Low,65.2,13,10.5
14553,North America,English,Low,65.2,13,16.2
16602,Africa,History,Low,65.2,19,18.4
16815,Europe,History,Low,65.2,20,12.7
17421,East Asia,Science,Low,65.2,14,8.7
17573,Europe,History,Low,65.2,11,13.2
17589,East Asia,English,Low,65.2,12,24.3
18750,East Asia,Science,Low,65.2,11,26.7
18827,East Asia,Mathematics,Low,65.2,12,28.1
19540,North America,Science,Low,65.2,15,17.5
19813,North America,Mathematics,Low,65.2,12,13.3
20301,North America,English,Low,65.2,9,16.1
20311,North America,English,Low,65.2,21,15.1
21083,Europe,Computer Science,Low,65.2,10,20.4
23114,Europe,Computer Science,Low,65.2,17,18.7
23125,North America,English,Low,65.2,9,20.7
24450,North America,Mathematics,Low,65.2,11,29.8
25182,East Asia,English,Low,65.2,9,30.1
25461,Europe,Mathematics,Low,65.2,10,18.9
26579,South America,Economics,Low,65.2,14,15.2
27395,East Asia,History,Low,65.2,22,12.6
29077,East Asia,Science,Low,65.2,14,19.2
29536,South Asia,Economics,Low,65.2,7,30.6
30390,East Asia,History,Low,65.2,7,18.0
31868,South America,Mathematics,Low,65.2,16,19.4
32228,South America,Computer Science,Low,65.2,9,26.1
33509,South Asia,Computer Science,Low,65.2,6,18.9
34191,North America,Computer Science,Low,65.2,17,7.2
35191,Europe,Computer Science,Low,65.2,4,30.4
38257,East Asia,English,Low,65.2,6,11.4
38659,North America,Computer Science,Low,65.2,6,31.2
39217,East Asia,Mathematics,Low,65.2,18,20.1
3756,Europe,Mathematics,Low,65.3,14,11.8
4354,South Asia,Computer Science,Low,65.3,16,20.7
8209,Europe,Science,Low,65.3,11,29.4
8304,East Asia,Mathematics,Low,65.3,12,24.2
10917,South Asia,Economics,Low,65.3,8,25.6
11411,North America,Computer Science,Low,65.3,3,17.8
12149,North America,Science,Low,65.3,9,24.4
13017,Africa,English,Low,65.3,17,22.7
13685,North America,Mathematics,Low,65.3,26,4.0
13744,East Asia,History,Low,65.3,10,19.9
13800,South America,Economics,Low,65.3,18,17.8
15566,East Asia,Mathematics,Low,65.3,17,16.7
15634,East Asia,History,Low,65.3,12,18.6
15701,Europe,Computer Science,Low,65.3,11,19.6
16969,South Asia,History,Low,65.3,5,24.0
17159,North America,Economics,Low,65.3,7,14.2
17852,South Asia,English,Low,65.3,20,13.3
19091,North America,Computer Science,Low,65.3,3,20.7
20495,South America,History,Low,65.3,10,7.4
21229,East Asia,Mathematics,Low,65.3,23,16.1
21449,South Asia,Science,Low,65.3,18,19.9
23167,South America,Economics,Low,65.3,21,12.9
23311,Europe,Science,Low,65.3,18,16.9
23915,North America,History,Low,65.3,13,17.0
24260,South America,English,Low,65.3,11,21.0
24429,South Asia,Computer Science,Low,65.3,17,21.5
26448,Europe,Computer Science,Low,65.3,15,15.7
26798,East Asia,Mathematics,Low,65.3,12,26.4
26953,North America,Mathematics,Low,65.3,15,25.8
27773,East Asia,Economics,Low,65.3,11,17.0
28777,South America,Mathematics,Low,65.3,12,7.2
29535,South America,Mathematics,Low,65.3,12,17.5
29856,Africa,Computer Science,Low,65.3,14,25.1
31356,North America,History,Low,65.3,21,13.7
31430,East Asia,Mathematics,Low,65.3,6,19.9
32064,Africa,English,Low,65.3,7,28.1
33400,South America,Computer Science,Low,65.3,8,14.8
34323,North America,Mathematics,Low,65.3,26,2.6
35861,Europe,Science,Low,65.3,12,16.2
35913,Europe,Computer Science,Low,65.3,5,5.0
36131,East Asia,Science,Low,65.3,14,19.5
36145,Europe,Computer Science,Low,65.3,20,18.5
973,South Asia,History,Low,65.4,11,21.9
1240,North America,English,Low,65.4,9,15.7
1654,East Asia,Computer Science,Low,65.4,18,5.6
2203,North America,Economics,Low,65.4,19,10.5
3070,North America,English,Low,65.4,9,21.5
3388,Africa,Economics,Low,65.4,16,20.1
3733,South Asia,Science,Low,65.4,16,0.0
4984,South Asia,Mathematics,Low,65.4,10,19.6
5411,North America,Mathematics,Low,65.4,23,14.2
5917,Europe,History,Low,65.4,11,18.4
6328,Africa,History,Low,65.4,8,17.0
7816,South America,Economics,Low,65.4,14,15.9
8400,North America,Mathematics,Low,65.4,6,32.7
9142,Europe,History,Low,65.4,17,12.4
11939,East Asia,Science,Low,65.4,15,15.9
12809,North America,Science,Low,65.4,22,10.1
12866,North America,English,Low,65.4,12,3.3
13163,South America,Mathematics,Low,65.4,8,20.9
13305,East Asia,History,Low,65.4,17,17.4
14776,North America,English,Low,65.4,8,17.5
16802,East Asia,Computer Science,Low,65.4,14,0.0
17621,South America,Economics,Low,65.4,18,15.9
17633,East Asia,English,Low,65.4,30,8.7
17641,North America,Economics,Low,65.4,14,24.7
18142,Europe,Economics,Low,65.4,9,20.3
18658,North America,Science,Low,65.4,15,19.7
20227,South Asia,History,Low,65.4,16,14.3
20370,North America,Science,Low,65.4,12,21.2
21630,North America,Economics,Low,65.4,13,23.0
21706,East Asia,Economics,Low,65.4,9,14.7
22819,North America,Mathematics,Low,65.4,20,10.9
23258,Europe,Mathematics,Low,65.4,6,14.0
23272,East Asia,History,Low,65.4,21,19.4
23422,East Asia,Science,Low,65.4,14,17.3
23668,South Asia,History,Low,65.4,19,17.5
24794,Europe,Computer Science,Low,65.4,6,6.4
24951,South Asia,Computer Science,Low,65.4,15,21.1
26092,Africa,Computer Science,Low,65.4,13,12.4
26359,South America,Computer Science,Low,65.4,10,3.7
27036,North America,History,Low,65.4,20,16.2
27341,East Asia,Science,Low,65.4,13,13.0
29584,Africa,Computer Science,Low,65.4,4,12.3
29982,South America,History,Low,65.4,8,24.0
30023,Europe,History,Low,65.4,8,23.7
30690,East Asia,English,Low,65.4,11,21.2
31434,North America,Economics,Low,65.4,12,12.3
33644,South America,History,Low,65.4,7,34.5
34593,North America,History,Low,65.4,8,30.6
34772,North America,English,Low,65.4,5,27.2
35118,North America,Science,Low,65.4,6,6.7
36278,South Asia,English,Low,65.4,9,14.9
36397,South America,English,Low,65.4,6,19.8
36675,North America,English,Low,65.4,4,19.1
36686,Europe,History,Low,65.4,16,15.6
37209,Europe,Computer Science,Low,65.4,16,4.3
37931,North America,Mathematics,Low,65.4,15,9.8
38131,East Asia,Economics,Low,65.4,16,11.4
38728,Europe,English,Low,65.4,15,2.7
39655,Europe,Economics,Low,65.4,16,24.0
2316,North America,Economics,Low,65.5,6,27.6
2953,South America,History,Low,65.5,11,20.9
2957,North America,English,Low,65.5,15,23.0
3097,Europe,Mathematics,Low,65.5,13,20.0
3313,South America,Economics,Low,65.5,10,24.3
3497,North America,Science,Low,65.5,16,14.8
5590,South America,Science,Low,65.5,12,16.2
5898,South America,History,Low,65.5,10,22.8
6939,Africa,History,Low,65.5,18,21.9
8424,South Asia,Economics,Low,65.5,8,31.5
9003,Africa,Economics,Low,65.5,10,29.1
10435,East Asia,Mathematics,Low,65.5,25,10.0
11003,East Asia,History,Low,65.5,24,12.9
11460,Europe,Economics,Low,65.5,14,26.8
12446,East Asia,English,Low,65.5,16,15.6
12729,South America,Science,Low,65.5,9,17.0
13804,East Asia,English,Low,65.5,9,18.1
14606,South America,History,Low,65.5,11,29.4
14659,East Asia,Economics,Low,65.5,14,23.9
15711,Africa,History,Low,65.5,8,18.2
16515,East Asia,Economics,Low,65.5,4,27.9
17176,South Asia,Science,Low,65.5,8,29.1
17315,East Asia,Mathematics,Low,65.5,22,6.5
18007,South Asia,Science,Low,65.5,12,10.9
19502,South America,Economics,Low,65.5,7,20.0
19822,North America,Science,Low,65.5,13,0.0
20204,Africa,Computer Science,Low,65.5,21,18.7
21597,Europe,Economics,Low,65.5,6,34.3
22659,South America,Science,Low,65.5,6,12.6
23067,Africa,History,Low,65.5,19,17.2
23482,East Asia,Science,Low,65.5,17,23.6
23758,North America,Computer Science,Low,65.5,11,28.7
24049,East Asia,History,Low,65.5,17,13.9
24718,South America,Science,Low,65.5,18,17.2
24896,East Asia,Mathematics,Low,65.5,15,18.4
25671,East Asia,English,Low,65.5,10,17.7
26752,South America,Computer Science,Low,65.5,16,17.9
28748,North America,Economics,Low,65.5,10,23.7
31927,East Asia,Economics,Low,65.5,16,21.8
32871,North America,English,Low,65.5,15,12.5
33151,South Asia,Science,Low,65.5,8,20.3
34402,South America,Science,Low,65.5,8,20.5
35109,South Asia,History,Low,65.5,12,24.1
35561,East Asia,Science,Low,65.5,11,16.2
35767,Europe,English,Low,65.5,9,0.0
38436,Africa,Computer Science,Low,65.5,11,29.5
38585,South Asia,Economics,Low,65.5,5,11.8
38598,South Asia,Economics,Low,65.5,7,11.1
38935,South Asia,Economics,Low,65.5,10,21.8
39826,Europe,Science,Low,65.5,19,19.8
2751,Europe,English,Low,65.6,16,13.0
3119,North America,Economics,Low,65.6,17,0.0
3637,East Asia,History,Low,65.6,12,15.5
4022,North America,English,Low,65.6,8,20.5
4238,North America,Computer Science,Low,65.6,14,11.7
4663,North America,History,Low,65.6,11,20.6
5792,North America,English,Low,65.6,22,13.7
7048,South Asia,History,Low,65.6,11,21.6
7365,South America,Computer Science,Low,65.6,17,21.6
7402,South America,Science,Low,65.6,11,28.7
7454,South America,History,Low,65.6,12,23.9
8292,Europe,Computer Science,Low,65.6,11,24.4
8905,East Asia,English,Low,65.6,15,23.3
8940,Europe,Computer Science,Low,65.6,17,11.6
11787,East Asia,Mathematics,Low,65.6,10,17.0
11940,Africa,Economics,Low,65.6,7,29.8
12453,South America,Computer Science,Low,65.6,19,1.0
15727,South America,Science,Low,65.6,9,32.2
16734,North America,Computer Science,Low,65.6,19,19.7
16780,East Asia,Science,Low,65.6,14,12.4
18772,East Asia,Economics,Low,65.6,6,15.4
19202,East Asia,English,Low,65.6,13,9.3
20022,Africa,Computer Science,Low,65.6,15,25.6
21747,East Asia,History,Low,65.6,7,23.2
22042,South Asia,History,Low,65.6,29,29.9
22336,South America,Science,Low,65.6,7,27.0
22798,North America,Computer Science,Low,65.6,13,15.5
22845,East Asia,History,Low,65.6,19,13.2
22985,Africa,Mathematics,Low,65.6,9,22.7
23329,Europe,English,Low,65.6,10,28.0
23403,East Asia,Computer Science,Low,65.6,11,17.6
24737,Europe,English,Low,65.6,13,21.7
25152,South Asia,Computer Science,Low,65.6,21,29.6
26081,South Asia,Computer Science,Low,65.6,4,20.9
28179,Europe,English,Low,65.6,17,9.8
30313,North America,Science,Low,65.6,14,20.3
31406,Europe,English,Low,65.6,16,30.1
31727,South America,Computer Science,Low,65.6,7,28.0
32494,East Asia,Economics,Low,65.6,12,26.6
32590,South Asia,Science,Low,65.6,11,26.9
32685,North America,Computer Science,Low,65.6,16,24.3
32797,South America,Economics,Low,65.6,16,11.7
33683,North America,English,Low,65.6,11,11.3
34875,South Asia,Computer Science,Low,65.6,11,22.4
35442,Africa,Mathematics,Low,65.6,22,16.9
38227,East Asia,Computer Science,Low,65.6,11,22.6
39254,Africa,English,Low,65.6,9,13.8
113,East Asia,History,Low,65.7,17,18.9
1276,Africa,Mathematics,Low,65.7,12,26.1
5315,South Asia,English,Low,65.7,10,30.1
5711,Europe,Science,Low,65.7,10,27.0
6378,North America,History,Low,65.7,9,6.5
6608,South America,Mathematics,Low,65.7,4,20.2
6792,South America,History,Low,65.7,5,24.2
6893,North America,English,Low,65.7,14,8.1
6915,Europe,Economics,Low,65.7,10,9.4
6918,North America,Mathematics,Low,65.7,6,25.5
7132,Africa,Mathematics,Low,65.7,23,13.0
8286,North America,Computer Science,Low,65.7,13,24.3
9784,Europe,Computer Science,Low,65.7,11,18.1
11813,East Asia,Computer Science,Low,65.7,8,28.3
15026,North America,Economics,Low,65.7,16,8.8
15615,Africa,History,Low,65.7,11,28.5
16669,Europe,Mathematics,Low,65.7,10,14.0
20246,North America,Economics,Low,65.7,25,11.1
20543,Europe,Mathematics,Low,65.7,11,7.7
21116,North America,English,Low,65.7,7,29.7
21636,Africa,Science,Low,65.7,8,21.4
22376,East Asia,History,Low,65.7,20,18.0
22909,East Asia,History,Low,65.7,14,2.9
23277,Europe,Economics,Low,65.7,7,28.3
23303,Africa,Mathematics,Low,65.7,9,20.4
24270,South America,Science,Low,65.7,17,23.0
25572,South Asia,Computer Science,Low,65.7,7,28.4
27759,North America,Science,Low,65.7,12,29.0
27839,North America,History,Low,65.7,25,12.3
30645,South Asia,Mathematics,Low,65.7,12,12.2
31003,Europe,Science,Low,65.7,14,16.8
31175,East Asia,English,Low,65.7,12,17.7
31472,Africa,Computer Science,Low,65.7,12,23.0
31730,East Asia,Science,Low,65.7,7,33.7
31842,North America,Economics,Low,65.7,19,21.1
32465,East Asia,Economics,Low,65.7,15,22.8
33827,North America,Mathematics,Low,65.7,5,31.9
34926,South America,English,Low,65.7,13,25.4
35312,Africa,English,Low,65.7,7,33.7
35789,Africa,English,Low,65.7,11,30.1
36353,North America,English,Low,65.7,19,18.4
38780,Europe,English,Low,65.7,23,11.4
1554,East Asia,History,Low,65.8,12,9.3
1861,Africa,English,Low,65.8,18,19.4
1997,East Asia,Economics,Low,65.8,10,20.9
2730,South Asia,History,Low,65.8,6,30.4
5328,Europe,English,Low,65.8,15,21.3
5495,Africa,Computer Science,Low,65.8,12,23.9
5658,Africa,English,Low,65.8,8,28.4
5757,Europe,English,Low,65.8,3,21.6
6115,Europe,Science,Low,65.8,20,2.2
6821,Africa,Mathematics,Low,65.8,11,22.1
7159,North America,Mathematics,Low,65.8,16,0.0
8030,East Asia,History,Low,65.8,9,13.7
9401,South Asia,English,Low,65.8,5,32.8
11722,East Asia,Mathematics,Low,65.8,15,14.4
12046,North America,Mathematics,Low,65.8,20,0.0
13179,Europe,Computer Science,Low,65.8,13,7.5
13406,South America,Computer Science,Low,65.8,13,23.1
13752,East Asia,Computer Science,Low,65.8,3,20.6
14460,South America,Science,Low,65.8,15,18.6
16288,South Asia,Mathematics,Low,65.8,16,23.9
16768,Europe,Computer Science,Low,65.8,22,16.6
18801,Europe,Mathematics,Low,65.8,24,14.6
18937,South America,Science,Low,65.8,14,12.5
22911,South Asia,Science,Low,65.8,11,19.6
23675,South America,Computer Science,Low,65.8,11,14.8
23908,South America,Science,Low,65.8,17,17.8
25914,Europe,History,Low,65.8,10,26.9
27279,East Asia,Computer Science,Low,65.8,13,13.1
27363,Europe,History,Low,65.8,10,24.3
30080,Africa,History,Low,65.8,15,18.4
30417,East Asia,History,Low,65.8,22,0.0
31206,Africa,Computer Science,Low,65.8,7,17.6
32750,East Asia,History,Low,65.8,26,10.5
33886,Europe,Science,Low,65.8,9,19.5
34788,North America,Computer Science,Low,65.8,12,22.4
35521,South Asia,Economics,Low,65.8,7,32.8
35530,North America,Science,Low,65.8,7,25.6
36272,Europe,Science,Low,65.8,15,19.5
36664,Africa,Computer Science,Low,65.8,17,19.8
37378,East Asia,Mathematics,Low,65.8,13,26.0
1272,North America,Computer Science,Low,65.9,19,15.3
1962,South America,Economics,Low,65.9,7,22.9
2966,East Asia,Science,Low,65.9,25,14.1
2986,East Asia,Economics,Low,65.9,10,17.6
3353,North America,Economics,Low,65.9,9,17.6
3410,South Asia,Science,Low,65.9,17,15.3
4449,East Asia,Mathematics,Low,65.9,24,10.2
6163,Europe,History,Low,65.9,23,16.6
6474,South America,Computer Science,Low,65.9,9,18.7
6878,North America,History,Low,65.9,2,23.7
9069,East Asia,Science,Low,65.9,6,8.0
9405,Africa,Economics,Low,65.9,23,0.0
9549,South America,Science,Low,65.9,8,18.2
9902,Europe,Science,Low,65.9,15,18.3
9968,North America,History,Low,65.9,19,19.2
10655,Europe,Mathematics,Low,65.9,4,12.4
11194,South America,History,Low,65.9,18,16.3
11596,South America,Economics,Low,65.9,15,21.0
13571,North America,History,Low,65.9,19,19.0
13726,North America,History,Low,65.9,16,23.7
14089,North America,Mathematics,Low,65.9,20,12.5
15460,North America,Mathematics,Low,65.9,8,11.2
15826,South Asia,Economics,Low,65.9,15,23.9
16204,Europe,Computer Science,Low,65.9,10,28.0
17414,North America,Computer Science,Low,65.9,4,17.2
17851,East Asia,Economics,Low,65.9,8,25.8
17964,East Asia,Computer Science,Low,65.9,9,9.0
18123,East Asia,Economics,Low,65.9,29,0.0
18909,North America,Computer Science,Low,65.9,11,22.3
18962,South America,Science,Low,65.9,3,34.0
19133,South Asia,Economics,Low,65.9,15,19.5
19317,Africa,Computer Science,Low,65.9,8,22.9
19675,South Asia,Science,Low,65.9,3,23.6
22415,South America,Computer Science,Low,65.9,16,4.8
22720,North America,Mathematics,Low,65.9,13,15.9
24946,Europe,Economics,Low,65.9,21,19.1
25946,Africa,Mathematics,Low,65.9,16,16.1
29141,North America,Science,Low,65.9,18,19.8
29700,North America,History,Low,65.9,17,14.3
29734,South Asia,Computer Science,Low,65.9,9,30.1
29920,Europe,English,Low,65.9,7,30.3
33275,East Asia,Mathematics,Low,65.9,9,18.4
34230,Europe,Computer Science,Low,65.9,11,6.2
34438,North America,Mathematics,Low,65.9,12,24.5
37873,South America,Computer Science,Low,65.9,19,19.3
37896,Europe,Science,Low,65.9,5,29.1
38572,South America,Computer Science,Low,65.9,5,2.0
38586,East Asia,History,Low,65.9,15,25.4
38929,South Asia,Economics,Low,65.9,10,30.2
39479,Europe,Science,Low,65.9,6,24.5
2018,Africa,History,Low,66.0,7,23.1
2068,South America,Computer Science,Low,66.0,15,24.9
2614,East Asia,Computer Science,Low,66.0,10,26.3
3900,South America,Computer Science,Low,66.0,10,29.8
3932,North America,Science,Low,66.0,5,26.0
4224,East Asia,Computer Science,Low,66.0,17,7.6
5142,North America,English,Low,66.0,15,21.8
6161,Europe,Economics,Low,66.0,16,23.4
6568,North America,Computer Science,Low,66.0,20,6.0
8132,Africa,Computer Science,Low,66.0,6,35.1
9177,North America,History,Low,66.0,7,5.6
12130,Europe,English,Low,66.0,8,20.6
12409,Europe,Economics,Low,66.0,12,26.3
14961,East Asia,Computer Science,Low,66.0,14,17.5
15420,East Asia,Computer Science,Low,66.0,6,13.2
17753,South America,Computer Science,Low,66.0,12,25.7
17980,South Asia,Computer Science,Low,66.0,17,0.0
18043,Europe,Science,Low,66.0,11,27.5
18328,East Asia,History,Low,66.0,10,5.6
18866,East Asia,Economics,Low,66.0,10,3.0
20194,North America,English,Low,66.0,19,12.4
20645,South America,Computer Science,Low,66.0,18,7.3
21347,North America,English,Low,66.0,12,16.3
21798,North America,Economics,Low,66.0,12,15.4
22162,East Asia,Computer Science,Low,66.0,17,3.1
22703,East Asia,Science,Low,66.0,15,22.0
23184,Europe,Science,Low,66.0,11,19.3
23786,East Asia,Science,Low,66.0,14,19.0
24854,East Asia,Mathematics,Low,66.0,18,19.2
27063,South Asia,History,Low,66.0,9,13.4
27685,North America,Economics,Low,66.0,17,7.7
27846,South Asia,History,Low,66.0,11,15.9
29603,North America,Mathematics,Low,66.0,16,18.1
31285,South Asia,Economics,Low,66.0,13,20.8
32236,South America,Mathematics,Low,66.0,11,22.6
32811,North America,History,Low,66.0,10,22.5
33386,East Asia,English,Low,66.0,6,0.0
35334,South Asia,Mathematics,Low,66.0,27,12.7
35477,South America,English,Low,66.0,9,27.3
37493,Europe,English,Low,66.0,5,13.6
38018,North America,History,Low,66.0,16,13.6
38721,Africa,Science,Low,66.0,19,16.1
39970,East Asia,History,Low,66.0,15,22.1
960,South Asia,Computer Science,Low,66.1,15,10.1
1024,South America,Mathematics,Low,66.1,22,18.3
2277,Europe,History,Low,66.1,12,29.3
2671,Africa,Mathematics,Low,66.1,8,0.0
5432,Europe,History,Low,66.1,2,7.5
6234,North America,Economics,Low,66.1,10,31.0
6395,East Asia,Mathematics,Low,66.1,9,18.8
6514,North America,English,Low,66.1,9,16.1
11676,East Asia,History,Low,66.1,5,33.9
13004,Europe,History,Low,66.1,12,15.0
13212,North America,Computer Science,Low,66.1,12,19.7
13586,Africa,History,Low,66.1,11,23.0
14867,East Asia,English,Low,66.1,10,12.4
15667,South Asia,Mathematics,Low,66.1,11,29.0
16476,East Asia,Economics,Low,66.1,18,14.6
19248,Africa,Computer Science,Low,66.1,16,17.2
20575,Europe,Science,Low,66.1,4,31.2
21368,South America,History,Low,66.1,7,18.2
22884,Europe,Economics,Low,66.1,18,17.8
23219,South Asia,Economics,Low,66.1,11,15.7
23313,South America,Economics,Low,66.1,13,0.6
23967,North America,Mathematics,Low,66.1,20,10.0
25584,North America,Mathematics,Low,66.1,11,25.9
25702,Africa,English,Low,66.1,13,15.3
26629,South Asia,English,Low,66.1,9,10.6
26883,Europe,Mathematics,Low,66.1,17,12.8
27827,South Asia,Science,Low,66.1,9,26.4
28636,Africa,Mathematics,Low,66.1,10,23.6
29625,East Asia,Economics,Low,66.1,7,27.9
29773,North America,English,Low,66.1,8,21.7
30201,Europe,Economics,Low,66.1,13,13.6
30463,Africa,English,Low,66.1,17,23.5
30612,Africa,Computer Science,Low,66.1,9,30.4
31571,Africa,English,Low,66.1,11,30.1
32260,South Asia,English,Low,66.1,15,24.3
32707,North America,English,Low,66.1,3,22.8
33071,North America,English,Low,66.1,8,2.0
33507,Africa,Economics,Low,66.1,7,21.4
34461,South Asia,Computer Science,Low,66.1,12,16.2
34804,Africa,Computer Science,Low,66.1,10,27.1
35055,Africa,Computer Science,Low,66.1,7,25.5
35677,South Asia,Computer Science,Low,66.1,7,15.1
35689,South America,Science,Low,66.1,17,13.3
36045,South Asia,Mathematics,Low,66.1,10,25.0
36185,South Asia,Computer Science,Low,66.1,12,23.9
36281,South Asia,Economics,Low,66.1,5,26.7
36443,South America,English,Low,66.1,11,19.9
36550,Europe,Economics,Low,66.1,5,34.0
36644,East Asia,History,Low,66.1,20,12.1
37173,North America,Computer Science,Low,66.1,9,15.3
39256,South America,History,Low,66.1,12,20.8
39733,South America,Computer Science,Low,66.1,11,20.2
39773,South America,English,Low,66.1,11,30.3
3714,Europe,Economics,Low,66.2,10,16.8
3861,East Asia,History,Low,66.2,14,20.3
4240,Europe,History,Low,66.2,13,18.3
4621,East Asia,Science,Low,66.2,14,0.0
6519,Europe,Computer Science,Low,66.2,13,20.9
8237,South America,Computer Science,Low,66.2,3,32.9
8378,North America,Economics,Low,66.2,8,21.3
8872,East Asia,Economics,Low,66.2,22,9.2
9989,East Asia,Computer Science,Low,66.2,13,8.9
10948,Europe,Science,Low,66.2,9,14.6
11306,East Asia,Science,Low,66.2,14,10.8
11428,Africa,Computer Science,Low,66.2,7,24.2
12692,East Asia,Economics,Low,66.2,16,23.9
13280,South Asia,English,Low,66.2,13,27.8
13962,South America,Mathematics,Low,66.2,3,28.4
15971,Africa,History,Low,66.2,18,17.5
17082,Europe,Mathematics,Low,66.2,11,24.2
17300,East Asia,Science,Low,66.2,4,26.5
21738,Africa,Science,Low,66.2,10,29.6
23056,Africa,Computer Science,Low,66.2,13,21.6
27379,North America,Computer Science,Low,66.2,12,28.9
27568,North America,Computer Science,Low,66.2,13,13.5
27784,South America,Science,Low,66.2,15,21.2
28019,South Asia,Economics,Low,66.2,22,6.1
28122,North America,Economics,Low,66.2,11,13.3
30038,North America,Computer Science,Low,66.2,9,13.5
30715,East Asia,Mathematics,Low,66.2,13,18.2
33022,Europe,English,Low,66.2,22,15.8
33423,South America,History,Low,66.2,22,29.9
35032,Europe,Computer Science,Low,66.2,17,19.9
35116,South America,History,Low,66.2,13,27.0
35732,East Asia,English,Low,66.2,10,0.0
38080,Africa,History,Low,66.2,17,11.7
38530,North America,History,Low,66.2,13,15.2
38922,North America,Science,Low,66.2,13,23.4
39094,East Asia,Economics,Low,66.2,5,29.4
39777,Africa,Computer Science,Low,66.2,12,28.4
1057,South Asia,History,Low,66.3,21,9.1
2148,South America,Computer Science,Low,66.3,11,28.6
2771,East Asia,Computer Science,Low,66.3,12,9.2
3029,Europe,History,Low,66.3,11,22.9
5098,Europe,Economics,Low,66.3,14,14.3
5643,Africa,Science,Low,66.3,13,18.4
5759,East Asia,English,Low,66.3,23,8.2
6160,Europe,Science,Low,66.3,10,21.9
6541,South America,Economics,Low,66.3,5,23.1
7407,South America,Economics,Low,66.3,8,21.1
8158,North America,English,Low,66.3,7,11.5
8526,Europe,History,Low,66.3,7,30.2
8606,South America,English,Low,66.3,14,24.4
10453,South America,History,Low,66.3,15,15.2
10792,South Asia,History,Low,66.3,22,15.6
11179,South America,English,Low,66.3,3,21.7
12117,Europe,English,Low,66.3,17,23.1
13008,South America,Mathematics,Low,66.3,15,24.1
13299,Europe,English,Low,66.3,15,20.2
13778,East Asia,English,Low,66.3,11,0.0
13824,East Asia,Economics,Low,66.3,9,22.1
14467,East Asia,English,Low,66.3,11,13.1
18060,North America,English,Low,66.3,15,21.7
18105,North America,Computer Science,Low,66.3,10,16.2
18492,East Asia,Mathematics,Low,66.3,12,22.7
20888,East Asia,Computer Science,Low,66.3,14,16.3
21595,Europe,Mathematics,Low,66.3,12,21.7
23252,Europe,Computer Science,Low,66.3,4,16.0
23573,North America,Science,Low,66.3,10,18.3
24823,North America,History,Low,66.3,14,11.0
25680,South America,Computer Science,Low,66.3,13,28.1
26182,South Asia,Computer Science,Low,66.3,23,14.8
26275,South Asia,Science,Low,66.3,14,22.3
26286,Europe,History,Low,66.3,19,19.4
26301,Europe,Mathematics,Low,66.3,19,19.3
26838,Europe,Science,Low,66.3,13,10.9
27345,East Asia,Computer Science,Low,66.3,15,9.3
30053,South Asia,Computer Science,Low,66.3,12,20.1
30945,East Asia,English,Low,66.3,10,13.8
31313,East Asia,Computer Science,Low,66.3,8,12.5
31502,North America,History,Low,66.3,19,13.6
31521,Europe,Computer Science,Low,66.3,11,20.4
31652,East Asia,Science,Low,66.3,9,16.5
32488,North America,Economics,Low,66.3,13,20.1
32686,Europe,History,Low,66.3,7,27.1
33295,South America,Computer Science,Low,66.3,22,18.3
33321,North America,English,Low,66.3,19,15.4
33879,East Asia,History,Low,66.3,11,15.4
33939,Europe,Computer Science,Low,66.3,7,18.3
34126,Africa,Economics,Low,66.3,11,10.5
34974,East Asia,Computer Science,Low,66.3,17,17.9
35768,North America,Mathematics,Low,66.3,8,20.0
36523,East Asia,Computer Science,Low,66.3,6,29.0
36529,Europe,Economics,Low,66.3,8,20.3
37764,East Asia,Economics,Low,66.3,12,6.4
38654,South America,Computer Science,Low,66.3,20,9.1
38905,East Asia,English,Low,66.3,12,28.9
39055,East Asia,History,Low,66.3,1,27.1
33,North America,Computer Science,Low,66.4,18,18.0
956,East Asia,History,Low,66.4,8,25.6
1196,East Asia,English,Low,66.4,17,13.8
4157,Africa,History,Low,66.4,4,19.4
4340,East Asia,English,Low,66.4,21,14.1
4986,North America,Computer Science,Low,66.4,11,19.9
5552,South Asia,English,Low,66.4,19,1.1
5766,East Asia,English,Low,66.4,20,30.1
6304,East Asia,Economics,Low,66.4,17,9.9
6573,North America,Mathematics,Low,66.4,13,23.4
6846,East Asia,Computer Science,Low,66.4,6,22.9
8017,South Asia,Computer Science,Low,66.4,15,15.9
8344,Africa,English,Low,66.4,11,30.1
8654,North America,Mathematics,Low,66.4,7,26.6
10106,East Asia,History,Low,66.4,14,24.6
12322,Africa,English,Low,66.4,11,21.3
13825,East Asia,Computer Science,Low,66.4,6,29.0
15182,South Asia,Computer Science,Low,66.4,15,22.7
15447,East Asia,English,Low,66.4,8,25.1
16358,East Asia,Mathematics,Low,66.4,12,26.1
17524,North America,History,Low,66.4,17,21.6
18437,North America,Economics,Low,66.4,14,21.9
18530,North America,English,Low,66.4,18,10.7
19389,South America,Economics,Low,66.4,15,26.0
19701,Africa,English,Low,66.4,8,21.8
21020,Africa,Computer Science,Low,66.4,14,21.2
21023,South Asia,English,Low,66.4,12,26.7
23779,North America,Mathematics,Low,66.4,18,21.4
24585,East Asia,History,Low,66.4,20,20.3
24782,South Asia,English,Low,66.4,18,18.2
24869,South America,Science,Low,66.4,14,13.5
25298,Europe,English,Low,66.4,15,22.6
25853,South America,History,Low,66.4,4,29.4
27339,North America,Mathematics,Low,66.4,12,10.5
27941,Africa,Science,Low,66.4,18,19.8
28025,East Asia,Science,Low,66.4,13,15.1
28402,East Asia,Science,Low,66.4,7,28.5
30599,North America,English,Low,66.4,17,13.3
34221,South America,History,Low,66.4,15,3.6
34936,South Asia,English,Low,66.4,5,28.4
35004,South America,History,Low,66.4,17,23.7
35884,North America,History,Low,66.4,6,31.2
36908,South America,Economics,Low,66.4,15,9.2
38564,South Asia,Computer Science,Low,66.4,13,22.7
39318,South Asia,Economics,Low,66.4,17,23.6
39366,East Asia,Computer Science,Low,66.4,7,32.8
39985,South America,Science,Low,66.4,6,33.9
951,North America,Economics,Low,66.5,16,10.8
1165,East Asia,Mathematics,Low,66.5,18,16.1
3465,South Asia,Economics,Low,66.5,14,6.1
3555,South Asia,History,Low,66.5,12,25.7
4605,Europe,History,Low,66.5,6,29.0
6152,South America,Economics,Low,66.5,17,11.6
6984,North America,Science,Low,66.5,14,0.4
7042,East Asia,History,Low,66.5,3,10.9
7191,South Asia,Computer Science,Low,66.5,2,29.6
7638,Africa,History,Low,66.5,7,28.0
7757,North America,Computer Science,Low,66.5,15,5.9
8135,Africa,Computer Science,Low,66.5,11,18.3
9372,South Asia,History,Low,66.5,15,24.0
12420,South America,Computer Science,Low,66.5,6,18.6
16363,South America,History,Low,66.5,14,26.0
16463,East Asia,History,Low,66.5,11,20.4
16976,North America,Computer Science,Low,66.5,3,12.7
19030,Europe,Mathematics,Low,66.5,14,25.6
21196,South Asia,Mathematics,Low,66.5,7,31.7
21638,Europe,English,Low,66.5,9,26.7
22901,South Asia,English,Low,66.5,15,23.7
24775,Europe,Computer Science,Low,66.5,7,14.6
25854,East Asia,Science,Low,66.5,11,16.8
26077,South America,Science,Low,66.5,5,23.4
26175,North America,Science,Low,66.5,13,26.9
28396,Europe,Mathematics,Low,66.5,28,3.7
29155,South America,Science,Low,66.5,10,12.9
29358,North America,Mathematics,Low,66.5,6,16.4
30677,North America,Computer Science,Low,66.5,11,25.6
31258,Africa,Computer Science,Low,66.5,10,12.8
31836,Europe,Computer Science,Low,66.5,17,17.6
31907,East Asia,History,Low,66.5,20,16.1
32272,Africa,English,Low,66.5,12,14.0
32309,East Asia,Mathematics,Low,66.5,5,25.7
32807,North America,History,Low,66.5,21,4.2
33090,South America,English,Low,66.5,7,27.3
33154,North America,English,Low,66.5,12,14.7
33256,East Asia,History,Low,66.5,7,7.6
33675,North America,Computer Science,Low,66.5,15,7.5
34905,Africa,Mathematics,Low,66.5,13,25.3
35262,East Asia,Economics,Low,66.5,22,3.6
35328,Africa,Computer Science,Low,66.5,11,26.2
35361,Europe,History,Low,66.5,17,22.4
35427,Africa,Science,Low,66.5,6,5.8
36262,East Asia,History,Low,66.5,8,28.7
36336,Africa,Science,Low,66.5,12,13.5
36859,South Asia,Computer Science,Low,66.5,9,22.8
37715,South America,Computer Science,Low,66.5,18,5.7
38082,East Asia,English,Low,66.5,15,23.4
39614,North America,English,Low,66.5,18,9.3
307,Europe,Computer Science,Low,66.6,7,9.7
2234,North America,English,Low,66.6,12,21.6
3230,South America,English,Low,66.6,15,10.4
3937,East Asia,Mathematics,Low,66.6,16,23.5
5071,South America,English,Low,66.6,8,31.6
6155,North America,English,Low,66.6,7,32.7
7660,East Asia,Mathematics,Low,66.6,11,8.9
8288,South Asia,Science,Low,66.6,12,16.1
10084,North America,Science,Low,66.6,20,19.9
10278,Europe,Computer Science,Low,66.6,11,17.0
11302,South America,Computer Science,Low,66.6,8,32.2
15065,Europe,History,Low,66.6,14,15.1
17576,East Asia,History,Low,66.6,8,15.4
17904,East Asia,English,Low,66.6,14,12.4
19996,North America,History,Low,66.6,9,21.2
20281,South America,Science,Low,66.6,12,8.7
21130,East Asia,English,Low,66.6,5,21.6
21679,South America,Mathematics,Low,66.6,9,29.6
21844,East Asia,Mathematics,Low,66.6,11,19.7
22226,North America,Economics,Low,66.6,10,27.9
22628,Europe,History,Low,66.6,7,28.8
24207,South Asia,English,Low,66.6,14,17.9
26649,Europe,English,Low,66.6,13,1.4
26837,South America,Mathematics,Low,66.6,17,19.9
26842,South Asia,Economics,Low,66.6,3,31.3
28131,Europe,Computer Science,Low,66.6,25,12.3
29743,East Asia,Computer Science,Low,66.6,17,18.3
29791,South Asia,Economics,Low,66.6,8,24.5
29845,Europe,English,Low,66.6,12,15.8
30043,North America,Computer Science,Low,66.6,11,27.9
31797,North America,Science,Low,66.6,19,14.0
32734,South Asia,Computer Science,Low,66.6,12,22.5
32984,North America,Science,Low,66.6,14,24.9
34050,North America,History,Low,66.6,7,34.3
34087,East Asia,English,Low,66.6,13,15.1
34930,East Asia,Science,Low,66.6,13,0.1
35028,South Asia,Mathematics,Low,66.6,14,9.6
35426,South America,Mathematics,Low,66.6,12,18.1
35448,Europe,Science,Low,66.6,15,19.6
36620,Europe,English,Low,66.6,8,21.4
36854,South America,Economics,Low,66.6,13,25.6
37160,South Asia,Computer Science,Low,66.6,3,19.2
37180,North America,Computer Science,Low,66.6,11,16.5
37713,East Asia,History,Low,66.6,9,7.1
38307,Africa,Science,Low,66.6,10,20.8
38809,North America,Computer Science,Low,66.6,11,14.2
39978,East Asia,Science,Low,66.6,8,31.0
3147,East Asia,Computer Science,Low,66.7,13,13.8
3492,East Asia,Economics,Low,66.7,18,16.8
4073,South America,Computer Science,Low,66.7,13,0.0
4638,South Asia,Science,Low,66.7,15,0.0
4812,Europe,Computer Science,Low,66.7,15,18.8
6663,South Asia,Economics,Low,66.7,6,26.3
8117,North America,History,Low,66.7,13,28.1
8408,East Asia,Mathematics,Low,66.7,16,1.0
9037,East Asia,Science,Low,66.7,5,10.1
9969,Europe,Computer Science,Low,66.7,13,26.3
10574,Africa,Computer Science,Low,66.7,9,15.4
10617,South America,Science,Low,66.7,14,25.1
10664,Africa,History,Low,66.7,11,16.3
12617,North America,History,Low,66.7,19,11.9
13344,Europe,History,Low,66.7,8,28.3
14286,Africa,Computer Science,Low,66.7,6,27.9
15781,North America,English,Low,66.7,10,14.9
15804,East Asia,English,Low,66.7,13,21.0
16503,North America,History,Low,66.7,3,6.0
16533,East Asia,Economics,Low,66.7,5,32.9
17787,Europe,English,Low,66.7,17,21.2
17817,South America,English,Low,66.7,11,2.7
18958,Europe,Science,Low,66.7,7,24.2
19625,Africa,Science,Low,66.7,24,15.9
21246,South America,English,Low,66.7,14,19.2
22914,Europe,Economics,Low,66.7,11,17.5
22961,East Asia,Computer Science,Low,66.7,11,29.6
23688,East Asia,Computer Science,Low,66.7,18,16.4
23862,Africa,Mathematics,Low,66.7,12,22.8
23954,North America,History,Low,66.7,7,23.5
24570,East Asia,Science,Low,66.7,10,17.6
24608,South Asia,Computer Science,Low,66.7,13,17.0
24779,East Asia,Economics,Low,66.7,19,17.1
25565,East Asia,Mathematics,Low,66.7,10,21.4
25579,North America,Science,Low,66.7,6,13.9
26134,Africa,Computer Science,Low,66.7,17,15.5
27668,South America,Science,Low,66.7,18,14.6
31336,South America,History,Low,66.7,8,11.4
32281,South America,Science,Low,66.7,19,15.2
32967,South America,Science,Low,66.7,9,26.2
32998,South America,English,Low,66.7,8,28.0
35509,South Asia,Computer Science,Low,66.7,15,22.4
36279,South Asia,Computer Science,Low,66.7,20,18.9
37677,South Asia,English,Low,66.7,13,23.2
38381,North America,Science,Low,66.7,30,7.1
154,Europe,Science,Low,66.8,22,13.6
517,South America,English,Low,66.8,15,12.5
1010,East Asia,Computer Science,Low,66.8,24,13.4
1116,South Asia,Computer Science,Low,66.8,14,25.2
2626,East Asia,Economics,Low,66.8,10,25.7
4112,South Asia,Mathematics,Low,66.8,18,18.3
5030,Europe,English,Low,66.8,6,15.0
6176,South Asia,Computer Science,Low,66.8,18,20.0
6788,North America,Mathematics,Low,66.8,22,15.0
8433,North America,Computer Science,Low,66.8,17,23.0
9150,South America,Science,Low,66.8,11,16.9
10816,North America,Economics,Low,66.8,10,12.6
10936,North America,Computer Science,Low,66.8,19,29.6
11254,Africa,English,Low,66.8,9,15.6
12106,South America,Computer Science,Low,66.8,9,23.3
12466,Africa,History,Low,66.8,28,7.0
12501,Europe,History,Low,66.8,8,20.2
13444,South Asia,Mathematics,Low,66.8,14,24.7
13676,East Asia,Economics,Low,66.8,18,22.4
16122,East Asia,English,Low,66.8,11,25.0
16220,East Asia,English,Low,66.8,20,10.1
17080,Europe,Science,Low,66.8,9,18.3
17085,Europe,Computer Science,Low,66.8,17,22.2
17238,Europe,Economics,Low,66.8,18,20.4
17978,North America,Mathematics,Low,66.8,11,26.9
18189,North America,English,Low,66.8,16,22.9
18267,North America,Economics,Low,66.8,6,28.3
23487,South Asia,English,Low,66.8,5,14.7
24729,East Asia,Economics,Low,66.8,18,21.6
25703,Europe,Mathematics,Low,66.8,11,22.9
25801,North America,Science,Low,66.8,9,22.6
28108,Africa,Economics,Low,66.8,8,12.5
28638,East Asia,English,Low,66.8,7,32.6
28919,Europe,Computer Science,Low,66.8,15,18.8
29410,Europe,Computer Science,Low,66.8,12,17.8
30044,South America,English,Low,66.8,7,31.6
30122,Europe,Computer Science,Low,66.8,18,14.2
31197,North America,Computer Science,Low,66.8,16,21.0
32092,East Asia,Economics,Low,66.8,7,17.5
32631,South Asia,Economics,Low,66.8,10,16.5
32769,North America,Computer Science,Low,66.8,12,20.4
33249,South Asia,Computer Science,Low,66.8,8,28.5
35446,Africa,English,Low,66.8,9,14.1
37143,Europe,History,Low,66.8,11,20.4
37399,South America,Mathematics,Low,66.8,3,18.9
38475,East Asia,English,Low,66.8,11,19.3
39640,South America,History,Low,66.8,11,27.8
370,Africa,Mathematics,Low,66.9,13,8.8
4316,Europe,Science,Low,66.9,11,23.7
5134,North America,English,Low,66.9,25,0.0
5900,South America,Economics,Low,66.9,3,22.6
8728,South America,Mathematics,Low,66.9,7,26.9
9381,North America,Science,Low,66.9,9,26.2
9588,South America,Computer Science,Low,66.9,13,26.5
11250,North America,History,Low,66.9,7,27.4
11265,South America,History,Low,66.9,7,30.0
12215,North America,Science,Low,66.9,20,18.3
13070,South Asia,Computer Science,Low,66.9,18,10.4
13649,Africa,Economics,Low,66.9,10,11.6
14691,Africa,Mathematics,Low,66.9,7,31.7
15120,South America,English,Low,66.9,7,11.1
17794,Europe,English,Low,66.9,10,23.8
18073,East Asia,Economics,Low,66.9,5,20.3
18543,Africa,English,Low,66.9,11,10.3
19724,East Asia,Computer Science,Low,66.9,19,10.8
19855,Africa,English,Low,66.9,16,10.8
20195,South America,Mathematics,Low,66.9,9,23.1
20693,South Asia,Mathematics,Low,66.9,11,23.1
21606,East Asia,Mathematics,Low,66.9,13,25.3
21753,North America,History,Low,66.9,7,7.9
24045,East Asia,Mathematics,Low,66.9,9,23.2
24127,South Asia,English,Low,66.9,12,19.9
27426,South America,English,Low,66.9,12,12.9
27690,Africa,History,Low,66.9,3,21.9
27705,East Asia,Computer Science,Low,66.9,6,23.8
27746,South America,Science,Low,66.9,14,11.3
28258,South America,English,Low,66.9,13,24.6
29148,Europe,English,Low,66.9,5,14.2
29193,East Asia,Science,Low,66.9,13,26.7
29272,East Asia,Computer Science,Low,66.9,17,20.7
31933,South Asia,Computer Science,Low,66.9,11,19.3
32009,Africa,English,Low,66.9,23,15.5
32656,East Asia,Mathematics,Low,66.9,10,25.9
33738,North America,Computer Science,Low,66.9,10,12.9
34445,South Asia,Computer Science,Low,66.9,14,14.3
34511,Africa,English,Low,66.9,6,34.3
35470,South America,History,Low,66.9,8,21.5
35654,Europe,History,Low,66.9,16,23.1
39663,Europe,Science,Low,66.9,18,15.7
39848,East Asia,History,Low,66.9,11,24.1
655,East Asia,History,Low,67.0,7,5.4
3171,East Asia,English,Low,67.0,14,18.4
3176,East Asia,Mathematics,Low,67.0,9,15.8
3458,North America,Computer Science,Low,67.0,8,17.2
4589,East Asia,Science,Low,67.0,7,11.0
4802,East Asia,English,Low,67.0,7,2.5
4906,East Asia,Mathematics,Low,67.0,13,22.7
5356,Africa,English,Low,67.0,11,19.5
9629,East Asia,Mathematics,Low,67.0,20,16.1
10679,Europe,Science,Low,67.0,5,26.8
10765,South America,History,Low,67.0,9,11.5
11528,South America,Science,Low,67.0,12,24.4
12509,Europe,Mathematics,Low,67.0,10,7.4
13731,Europe,Science,Low,67.0,8,32.7
13937,East Asia,Economics,Low,67.0,10,24.2
14057,East Asia,Science,Low,67.0,11,17.8
14133,South America,Mathematics,Low,67.0,11,22.3
14545,South Asia,Economics,Low,67.0,6,18.1
16294,Europe,History,Low,67.0,9,25.5
17283,East Asia,Mathematics,Low,67.0,16,18.2
19157,South Asia,Science,Low,67.0,15,22.7
19506,Europe,History,Low,67.0,6,35.3
20254,North America,Science,Low,67.0,11,9.7
20697,East Asia,Science,Low,67.0,15,24.2
20841,South America,History,Low,67.0,20,14.1
20897,Europe,Computer Science,Low,67.0,15,16.2
21140,South America,Science,Low,67.0,5,35.2
21802,North America,English,Low,67.0,11,14.1
25951,South America,Computer Science,Low,67.0,7,24.0
26807,North America,Economics,Low,67.0,14,25.1
28215,East Asia,Computer Science,Low,67.0,13,19.9
29616,North America,History,Low,67.0,13,19.5
29637,Europe,History,Low,67.0,9,26.8
30554,Europe,Mathematics,Low,67.0,7,22.4
31220,East Asia,Computer Science,Low,67.0,10,27.2
31650,South Asia,English,Low,67.0,9,32.3
31970,Europe,Economics,Low,67.0,5,27.9
32230,North America,History,Low,67.0,15,19.7
34127,South America,Computer Science,Low,67.0,8,17.3
34842,East Asia,English,Low,67.0,10,19.5
36172,North America,Computer Science,Low,67.0,15,24.8
36208,South Asia,History,Low,67.0,19,8.3
36463,North America,Mathematics,Low,67.0,18,14.9
37545,Europe,Mathematics,Low,67.0,24,11.4
38374,South America,English,Low,67.0,10,13.8
38770,North America,English,Low,67.0,13,27.2
39011,North America,Science,Low,67.0,18,10.5
39917,North America,History,Low,67.0,12,26.4
